Workbook

Sheet AEPTX ERCOT Matrix 2018
B1: TRANSMISSION CALCULATIONS
B2: AEP Texas System-Wide Rates
B4: CUSTOMER CLASS ALLOCATION AND PER UNIT CHARGE CALCULATOR
L5: Present | M5: Present
B6: Rate Class | C6: Share of | D6: 4CP Allocator | E6: TCOS | F6: Billing Determinant | G6: Type | H6: Per Unit Charge | I6: System-Wide | J6: Central | K6: North | L6: Central | M6: North
C7: ERCOT TCOS | G7: (KW, kWh) | I7: Rate | J7: Division | K7: Divison | L7: Division | M7: Divison
B9: Residential | C9: =C19 -> 327388729 | D9: =[1]Summary!$J$25 -> 0.4741722 | E9: =+D9*C9 -> 1.5523863e+08 | F9: ='[2]Billing Units'!$H$9 -> 1.1997182e+10 | G9: kWh | H9: =ROUND(E9/F9,6) -> 0.01294 | I9: =ROUND(E9/F9,6) -> 0.01294 | J9: ='Central TCRF'!I9 -> 0.012615 | K9: ='North TCRF'!I9 -> 0.014777 | L9: ='[3]Rates By Division'!$C$7+0.006325 -> 0.011515 | M9: ='[3]Rates By Division'!$D$7+0.007189 -> 0.012992
B10: Secondary <= 10 kW (combined with Lighting) | C10: =C19 -> 327388729 | D10: =[1]Summary!$J$26 -> 0.019536677 | E10: =+D10*C10 -> 6396087.9 | F10: ='[2]Billing Units'!$J$11+'[2]Billing Units'!$J$23 -> 8.4152943e+08 | G10: kWh | H10: =ROUND(E10/F10,6) -> 0.007601 | I10: =ROUND(E10/F10,6) -> 0.007601 | J10: ='Central TCRF'!I10 -> 0.007179 | K10: ='North TCRF'!I10 -> 0.00908 | L10: ='[3]Rates By Division'!$C$20+0.004087 -> 0.006599 | M10: ='[3]Rates By Division'!$D$20+0.005287 -> 0.008435
B11: Secondary > 10 kW 4CP | C11: =C19 -> 327388729 | D11: =[1]Summary!$J$28 -> 0.030574787 | E11: =+D11*C11 -> 10009841 | F11: ='[2]Billing Units'!$J$14 -> 2191434 | G11: 4CP kW | H11: =ROUND(E11/F11,3) -> 4.568 | I11: =ROUND(E11/F11,3) -> 4.568 | J11: ='Central TCRF'!I11 -> 4.389 | K11: ='North TCRF'!I11 -> 4.921 | L11: ='[3]Rates By Division'!$C$36+2.274853 -> 4.067853 | M11: ='[3]Rates By Division'!$D$36+3.032018 -> 4.985018
B12: Secondary > 10 kW NCP | C12: =C19 -> 327388729 | D12: =[1]Summary!$J$27 -> 0.27766491 | E12: =+D12*C12 -> 90904363 | F12: ='[2]Billing Units'!$J$13 -> 29307091 | G12: NCP kW | H12: =ROUND(E12/F12,3) -> 3.102 | I12: =ROUND(E12/F12,3) -> 3.102 | J12: ='Central TCRF'!I12 -> 3.113 | K12: ='North TCRF'!I12 -> 3.051 | L12: ='[3]Rates By Division'!$C$35+2.01959 -> 3.30559 | M12: ='[3]Rates By Division'!$D$35+1.964856 -> 3.209856
B13: Primary 4CP | C13: =C19 -> 327388729 | D13: =[1]Summary!$J$30 -> 0.096863323 | E13: =+D13*C13 -> 31711960 | F13: ='[2]Billing Units'!$J$18 -> 6724400.4 | G13: 4CP kW | H13: =ROUND(E13/F13,3) -> 4.716 | I13: =ROUND(E13/F13,3) -> 4.716 | J13: ='Central TCRF'!I13 -> 4.583 | K13: ='North TCRF'!I13 -> 4.849 | L13: ='[3]Rates By Division'!$C$54+3.863659 -> 5.788659 | M13: ='[3]Rates By Division'!$D$54+1.949929 -> 3.912929
B14: Primary NCP | C14: =C19 -> 327388729 | D14: =[1]Summary!$J$29 -> 0.0077088632 | E14: =+D14*C14 -> 2523794.9 | F14: ='Central TCRF'!F14+'North TCRF'!F14 -> 806744.25 | G14: NCP kW | H14: =ROUND(E14/F14,3) -> 3.128 | I14: =ROUND(E14/F14,3) -> 3.128 | J14: ='Central TCRF'!I14 -> 3.411 | K14: ='North TCRF'!I14 -> 2.658 | L14: ='[3]Rates By Division'!$C$53+3.573573 -> 5.201573 | M14: ='[3]Rates By Division'!$D$53+0.593211 -> 1.782211
B15: Transmission | C15: =C19 -> 327388729 | D15: =[1]Summary!$J$31 -> 0.093479239 | E15: =+D15*C15 -> 30604049 | F15: ='[2]Billing Units'!$J$21 -> 6571184.2 | G15: 4CP kW | H15: =ROUND(E15/F15,3) -> 4.657 | I15: =ROUND(E15/F15,3) -> 4.657 | J15: ='Central TCRF'!I15 -> 4.668 | K15: ='North TCRF'!I15 -> 5.08 | L15: ='[3]Rates By Division'!$C$69+2.440815 -> 4.158815 | M15: ='[3]Rates By Division'!$D$69+0.924893 -> 2.280893
B16: Lighting | C16: =C19 -> 327388729 | D16: 0 | E16: =+D16*C16 -> 0 | F16: ='[2]Billing Units'!$J$23 -> 2.6222605e+08 | G16: kWh | H16: =H10 -> 0.007601 | I16: =I10 -> 0.007601 | J16: =J10 -> 0.007179 | K16: =K10 -> 0.00908 | L16: =L10 -> 0.006599 | M16: =M10 -> 0.008435
B19: Total | C19: =C24 -> 327388729 | D19: =SUM(D9:D18) -> 1 | E19: =SUM(E9:E17) -> 3.2738873e+08
B23: Share of ERCOT TCOS Calculation Worksheet
B24: Acct. | C24: 327388729

Sheet Central TCRF
B1: TRANSMISSION CALCULATIONS
B2: Central Division
B4: CUSTOMER CLASS ALLOCATION AND PER UNIT CHARGE CALCULATOR
B6: Rate Class | C6: Share of ERCOT TCOS | D6: 4CP Allocator | E6: TCOS | F6: Billing Determinant | G6: Type | H6: Per Unit Charge
G7: (KW, kWh) | I7: Rate | J7: 33309 Allocator
B9: Residential | C9: =C19 -> 2.6425655e+08 | D9: ='[4]ERCOT 4 CP'!$H$20 -> 0.48329652 | E9: =+D9*C9 -> 1.2771427e+08 | F9: ='[5]Billing Units'!$J$9 -> 1.0123921e+10 | G9: kWh | H9: =ROUND(E9/F9,6) -> 0.012615 | I9: =ROUND(E9/F9,6) -> 0.012615 | J9: 0.4720857
B10: Secondary <= 10 kW (combined with Lighting) | C10: =+C9 -> 2.6425655e+08 | D10: ='[4]ERCOT 4 CP'!$H$21 -> 0.017941383 | E10: =+D10*C10 -> 4741128.1 | F10: ='[5]Billing Units'!$J$11+'[5]Billing Units'!$J$23 -> 6.6043517e+08 | G10: kWh | H10: =ROUND(E10/F10,6) -> 0.007179 | I10: =ROUND(E10/F10,6) -> 0.007179 | J10: 0.017188207
B11: Secondary > 10 kW 4CP | C11: =+C10 -> 2.6425655e+08 | D11: ='[4]ERCOT 4 CP'!$H$23 -> 0.024639531 | E11: =+D11*C11 -> 6511157.7 | F11: ='[5]Billing Units'!$J$14 -> 1483657.1 | G11: 4CP kW | H11: =ROUND(E11/F11,3) -> 4.389 | I11: =ROUND(E11/F11,3) -> 4.389 | J11: 0.020228933
B12: Secondary > 10 kW NCP | C12: =+C11 -> 2.6425655e+08 | D12: ='[4]ERCOT 4 CP'!$H$22 -> 0.28077946 | E12: =+D12*C12 -> 74197814 | F12: ='[5]Billing Units'!$J$13 -> 23834664 | G12: NCP kW | H12: =ROUND(E12/F12,3) -> 3.113 | I12: =ROUND(E12/F12,3) -> 3.113 | J12: 0.29224833
B13: Primary 4CP | C13: =+C12 -> 2.6425655e+08 | D13: ='[4]ERCOT 4 CP'!$H$25 -> 0.075534882 | E13: =+D13*C13 -> 19960588 | F13: ='[5]Billing Units'!$J$18 -> 4355162.6 | G13: 4CP kW | H13: =ROUND(E13/F13,3) -> 4.583 | I13: =ROUND(E13/F13,3) -> 4.583 | J13: 0.09765674
B14: Primary NCP | C14: =+C13 -> 2.6425655e+08 | D14: ='[4]ERCOT 4 CP'!$H$24 -> 0.0060433439 | E14: =+D14*C14 -> 1596993.2 | F14: =[6]Central!I17 -> 468222.38 | G14: NCP kW | H14: =ROUND(E14/F14,3) -> 3.411 | I14: =ROUND(E14/F14,3) -> 3.411 | J14: 0.01047655
B15: Transmission | C15: =+C14 -> 2.6425655e+08 | D15: ='[4]ERCOT 4 CP'!$H$26 -> 0.11176488 | E15: =+D15*C15 -> 29534601 | F15: ='[5]Billing Units'!$J$21 -> 6327149.9 | G15: 4CP kW | H15: =+E15/F15 -> 4.6679155 | I15: =ROUND(E15/F15,3) -> 4.668 | J15: 0.090115543
B16: Lighting | C16: =+C15 -> 2.6425655e+08 | D16: 0 | E16: =+D16*C16 -> 0 | F16: ='[5]Billing Units'!$J$23 -> 2.2250455e+08 | G16: kWh | H16: =ROUND(E16/F16,6) -> 0 | I16: =I10 -> 0.007179 | J16: 0
E17: =+D17*C17 -> 0 | F17: 0 | G17: 0 | H17: 0 | J17: 0
B19: Total | C19: =C27 -> 2.6425655e+08 | D19: =SUM(D9:D18) -> 1 | E19: =SUM(E9:E17) -> 2.6425655e+08 | J19: 1
B22: Public Utility Commission of Texas
B23: Docket No. 48928
B24: 2019 Net Wholesale Trans. Matrix Charges for ERCOT
B25: Share of ERCOT TCOS Calculation Worksheet
B27: Acct. | C27: 2.6425655e+08

Sheet North TCRF
B1: TRANSMISSION CALCULATIONS
B2: North Division
B4: CUSTOMER CLASS ALLOCATION AND PER UNIT CHARGE CALCULATOR
B6: Rate Class | C6: Share of ERCOT TCOS | D6: 4CP Allocator | E6: TCOS | F6: Billing Determinant | G6: Type | H6: Per Unit Charge
G7: (KW, kWh) | I7: Rate | J7: 33310 Allocator
B9: Residential | C9: =C19 -> 63132175 | D9: ='[7]ERCOT 4 CP'!$H$20 -> 0.43844936 | E9: =+D9*C9 -> 27680262 | F9: ='[8]Billing Units'!$J$9 -> 1.8732602e+09 | G9: kWh | H9: =ROUND(E9/F9,6) -> 0.014777 | I9: =ROUND(E9/F9,6) -> 0.014777 | J9: 0.46553447
B10: Secondary <= 10 kW (combined with Lighting) | C10: =+C9 -> 63132175 | D10: ='[7]ERCOT 4 CP'!$H$21 -> 0.02604579 | E10: =+D10*C10 -> 1644327.4 | F10: ='[8]Billing Units'!$J$11+'[8]Billing Units'!$J$23 -> 1.8109426e+08 | G10: kWh | H10: =ROUND(E10/F10,6) -> 0.00908 | I10: =ROUND(E10/F10,6) -> 0.00908 | J10: 0.02897103
B11: Secondary > 10 kW 4CP | C11: =+C10 -> 63132175 | D11: ='[7]ERCOT 4 CP'!$H$23 -> 0.055162766 | E11: =+D11*C11 -> 3482545.4 | F11: =[6]North!I14 -> 707695.96 | G11: 4CP kW | H11: =ROUND(E11/F11,3) -> 4.921 | I11: =ROUND(E11/F11,3) -> 4.921 | J11: 0.05994006
B12: Secondary > 10 kW NCP | C12: =+C11 -> 63132175 | D12: ='[7]ERCOT 4 CP'!$H$22 -> 0.26449262 | E12: =+D12*C12 -> 16697995 | F12: ='[8]Billing Units'!$J$13 -> 5472427.5 | G12: NCP kW | H12: =ROUND(E12/F12,3) -> 3.051 | I12: =ROUND(E12/F12,3) -> 3.051 | J12: 0.30869131
B13: Primary 4CP | C13: =+C12 -> 63132175 | D13: ='[7]ERCOT 4 CP'!$H$25 -> 0.18196034 | E13: =+D13*C13 -> 11487552 | F13: ='[8]Billing Units'!$J$18 -> 2369237.8 | G13: 4CP kW | H13: =ROUND(E13/F13,3) -> 4.849 | I13: =ROUND(E13/F13,3) -> 4.849 | J13: 0.12387612
B14: Primary NCP | C14: =+C13 -> 63132175 | D14: ='[7]ERCOT 4 CP'!$H$24 -> 0.014253836 | E14: =+D14*C14 -> 899875.68 | F14: ='[8]Billing Units'!$J$17 -> 338521.87 | G14: NCP kW | H14: =ROUND(E14/F14,3) -> 2.658 | I14: =ROUND(E14/F14,3) -> 2.658 | J14: 0.00699301
B15: Transmission | C15: =+C14 -> 63132175 | D15: ='[7]ERCOT 4 CP'!$H$26 -> 0.01963528 | E15: =+D15*C15 -> 1239618 | F15: ='[8]Billing Units'!$J$21 -> 244034.35 | G15: 4CP kW | H15: =+E15/F15 -> 5.0796863 | I15: =ROUND(E15/F15,3) -> 5.08 | J15: 0.00599401
B16: Lighting | C16: =+C15 -> 63132175 | D16: 0 | E16: =+D16*C16 -> 0 | F16: ='[8]Billing Units'!$J$23 -> 39721492 | G16: kWh | H16: =ROUND(E16/F16,6) -> 0 | I16: =I10 -> 0.00908 | J16: 0
E17: =+D17*C17 -> 0 | F17: 0 | G17: 0 | H17: 0 | J17: 0
B19: Total | C19: =C26 -> 63132175 | D19: =SUM(D9:D18) -> 1 | E19: =SUM(E9:E17) -> 63132175 | J19: 1
B22: Public Utility Commission of Texas
B23: Docket No. 48928
B24: 2019 Net Wholesale Trans. Matrix Charges for ERCOT
B25: Share of ERCOT TCOS Calculation Worksheet
B26: Acct. | C26: 63132175
