Workbook
Name rngBilled: OFFSET([1]Sheet2!$A$2,0,0,[1]Sheet2!$B$1,9)
Name rngYear: OFFSET('[2]Daily Actual_August'!$A$2,0,0,'[2]Daily Actual_August'!$C$1,8)

Sheet System&BillingCycleHDD
B1: PUC DOCKET NO.
B2: ONCOR ELECTRIC DELIVERY COMPANY LLC
B3: ADDITIONAL WEATHER INFORMATION
B4: FOR THE TEST YEAR ENDING DECEMBER 31, 2024
B6: SPONSOR: D. E. NELSON
B9: System Weighted and Billing Cycle Adjusted Actual Heating Degree Days by Weather Sites (Base 65)
A10: Line No. | C10: Residential | D10: SECONDARY SERVICE LESS THAN OR EQUAL TO 10 KW | E10: SECONDARY SERVICE GREATER THAN 10 KW | F10: PRIMARY SERVICE GREATER THAN 10 KW | G10: PRIMARY SERVICE GREATER THAN 10 KW Substation
A11: 1 | B11: 45292 | C11: 504.30555 | D11: 514.15335 | E11: 508.07188 | F11: 570.01224 | G11: 579.3862 | V11: =MONTH(B11)&YEAR(B11) -> 12024
A12: =+A11+1 -> 2 | B12: 45323 | C12: 570.78915 | D12: 575.58302 | E12: 575.71591 | F12: 606.25035 | G12: 608.89114 | V12: =MONTH(B12)&YEAR(B12) -> 22024
A13: =+A12+1 -> 3 | B13: 45352 | C13: 225.57856 | D13: 233.19666 | E13: 227.72732 | F13: 276.7077 | G13: 284.9644 | V13: =MONTH(B13)&YEAR(B13) -> 32024
A14: =+A13+1 -> 4 | B14: 45383 | C14: 131.78696 | D14: 137.25162 | E14: 133.64012 | F14: 166.72946 | G14: 171.79283 | V14: =MONTH(B14)&YEAR(B14) -> 42024
A15: =+A14+1 -> 5 | B15: 45413 | C15: 31.914257 | D15: 34.175614 | E15: 32.573005 | F15: 47.469505 | G15: 49.833148 | V15: =MONTH(B15)&YEAR(B15) -> 52024
A16: =+A15+1 -> 6 | B16: 45444 | C16: 0.0632 | D16: 0.1168 | E16: 0.073771429 | F16: 0.50262857 | G16: 0.58428571 | V16: =MONTH(B16)&YEAR(B16) -> 62024
A17: =+A16+1 -> 7 | B17: 45474 | C17: 0 | D17: 0 | E17: 0 | F17: 0 | G17: 0 | V17: =MONTH(B17)&YEAR(B17) -> 72024
A18: =+A17+1 -> 8 | B18: 45505 | C18: 0 | D18: 0 | E18: 0 | F18: 0 | G18: 0 | V18: =MONTH(B18)&YEAR(B18) -> 82024
A19: =+A18+1 -> 9 | B19: 45536 | C19: 0 | D19: 0 | E19: 0 | F19: 0 | G19: 0 | V19: =MONTH(B19)&YEAR(B19) -> 92024
A20: =+A19+1 -> 10 | B20: 45566 | C20: 1.6010952 | D20: 1.676581 | E20: 1.597781 | F20: 1.7312571 | G20: 1.7440048 | V20: =MONTH(B20)&YEAR(B20) -> 102024
A21: =+A20+1 -> 11 | B21: 45597 | C21: 20.292995 | D21: 23.526786 | E21: 20.686314 | F21: 41.404538 | G21: 45.123024 | V21: =MONTH(B21)&YEAR(B21) -> 112024
A22: =+A21+1 -> 12 | B22: 45627 | C22: 246.5596 | D22: 254.41312 | E22: 248.98675 | F22: 296.14167 | G22: 303.43261 | V22: =MONTH(B22)&YEAR(B22) -> 122024
A23: =+A22+1 -> 13 | B23: Annual | C23: =SUM(C11:C22) -> 1732.8914 | D23: =SUM(D11:D22) -> 1774.0936 | E23: =SUM(E11:E22) -> 1749.0729 | F23: =SUM(F11:F22) -> 2006.9494 | G23: =SUM(G11:G22) -> 2045.7517
A24: =+A23+1 -> 14
A25: =+A24+1 -> 15
A26: =+A25+1 -> 16 | B26: System Weighted and Billing Cycle Adjusted Normal Heating Degree Days by Weather Sites (Base 65)
A27: =+A26+1 -> 17 | C27: Residential | D27: SECONDARY SERVICE LESS THAN OR EQUAL TO 10 KW | E27: SECONDARY SERVICE GREATER THAN 10 KW | F27: PRIMARY SERVICE GREATER THAN 10 KW | G27: PRIMARY SERVICE GREATER THAN 10 KW Substation
A28: =+A27+1 -> 18 | B28: =+B11 -> 45292 | C28: 515.37103 | D28: 524.32198 | E28: 519.37883 | F28: 574.5727 | G28: 583.30661 | V28: =MONTH(B28) -> 1
A29: =+A28+1 -> 19 | B29: =+B12 -> 45323 | C29: 525.10726 | D29: 532.25306 | E29: 529.18303 | F29: 569.19468 | G29: 574.53151 | V29: =MONTH(B29) -> 2
A30: =+A29+1 -> 20 | B30: =+B13 -> 45352 | C30: 387.73051 | D30: 393.11919 | E30: 390.77299 | F30: 417.42088 | G30: 420.79299 | V30: =MONTH(B30) -> 3
A31: =+A30+1 -> 21 | B31: =+B14 -> 45383 | C31: 166.33384 | D31: 170.32734 | E31: 167.5986 | F31: 186.26512 | G31: 188.98235 | V31: =MONTH(B31) -> 4
A32: =+A31+1 -> 22 | B32: =+B15 -> 45413 | C32: 51.592717 | D32: 53.526076 | E32: 51.965271 | F32: 60.320849 | G32: 61.646648 | V32: =MONTH(B32) -> 5
A33: =+A32+1 -> 23 | B33: =+B16 -> 45444 | C33: 7.1108743 | D33: 7.6817893 | E33: 7.2328823 | F33: 10.326862 | G33: 10.850013 | V33: =MONTH(B33) -> 6
A34: =+A33+1 -> 24 | B34: =+B17 -> 45474 | C34: 0.087767623 | D34: 0.10526243 | E34: 0.091418366 | F34: 0.2009895 | G34: 0.22016766 | V34: =MONTH(B34) -> 7
A35: =+A34+1 -> 25 | B35: =+B18 -> 45505 | C35: 0.0034662912 | D35: 0.0069325824 | E35: 0.0045185581 | F35: 0.035777077 | G35: 0.041038412 | V35: =MONTH(B35) -> 8
A36: =+A35+1 -> 26 | B36: =+B19 -> 45536 | C36: 0.23005111 | D36: 0.33244453 | E36: 0.24614862 | F36: 1.0085693 | G36: 1.1576897 | V36: =MONTH(B36) -> 9
A37: =+A36+1 -> 27 | B37: =+B20 -> 45566 | C37: 10.198497 | D37: 11.04088 | E37: 10.298109 | F37: 15.294365 | G37: 16.27102 | V37: =MONTH(B37) -> 10
A38: =+A37+1 -> 28 | B38: =+B21 -> 45597 | C38: 106.8219 | D38: 111.0537 | E38: 107.48143 | F38: 132.0684 | G38: 136.74324 | V38: =MONTH(B38) -> 11
A39: =+A38+1 -> 29 | B39: =+B22 -> 45627 | C39: 322.60301 | D39: 330.56249 | E39: 324.99127 | F39: 374.04873 | G39: 382.73604 | V39: =MONTH(B39) -> 12
A40: =+A39+1 -> 30 | B40: Annual | C40: =SUM(C28:C39) -> 2093.1909 | D40: =SUM(D28:D39) -> 2134.3312 | E40: =SUM(E28:E39) -> 2109.2445 | F40: =SUM(F28:F39) -> 2340.7579 | G40: =SUM(G28:G39) -> 2377.2793

Sheet System&BillingCycleCDD
B1: =+'System&BillingCycleHDD'!B1:G1 -> PUC DOCKET NO.
B2: =+'System&BillingCycleHDD'!B2:G2 -> ONCOR ELECTRIC DELIVERY COMPANY LLC
B3: =+'System&BillingCycleHDD'!B3:G3 -> ADDITIONAL WEATHER INFORMATION
B4: =+'System&BillingCycleHDD'!B4:G4 -> FOR THE TEST YEAR ENDING DECEMBER 31, 2024
B6: =+'System&BillingCycleHDD'!B6:G6 -> SPONSOR: D. E. NELSON
B9: System Weighted and Billing Cycle Adjusted Actual Cooling Degree Days by Weather Sites (Base 65)
A10: Line No. | C10: Residential | D10: SECONDARY SERVICE LESS THAN OR EQUAL TO 10 KW | E10: SECONDARY SERVICE GREATER THAN 10 KW | F10: PRIMARY SERVICE GREATER THAN 10 KW | G10: PRIMARY SERVICE GREATER THAN 10 KW Substation
A11: 1 | B11: =+'System&BillingCycleHDD'!B11 -> 45292 | C11: 1.7525857 | D11: 1.6028667 | E11: 1.7278952 | F11: 0.7775619 | G11: 0.55686667 | V11: =MONTH(B11)&YEAR(B11) -> 12024
A12: =+A11+1 -> 2 | B12: =+'System&BillingCycleHDD'!B12 -> 45323 | C12: 0.24640952 | D12: 0.25182857 | E12: 0.21836667 | F12: 0.13818095 | G12: 0.12298095 | V12: =MONTH(B12)&YEAR(B12) -> 22024
A13: =+A12+1 -> 3 | B13: =+'System&BillingCycleHDD'!B13 -> 45352 | C13: 42.402614 | D13: 39.785052 | E13: 41.9102 | F13: 25.183767 | G13: 21.837886 | V13: =MONTH(B13)&YEAR(B13) -> 32024
A14: =+A13+1 -> 4 | B14: =+'System&BillingCycleHDD'!B14 -> 45383 | C14: 64.766048 | D14: 62.276995 | E14: 64.21199 | F14: 50.498129 | G14: 47.822057 | V14: =MONTH(B14)&YEAR(B14) -> 42024
A15: =+A14+1 -> 5 | B15: =+'System&BillingCycleHDD'!B15 -> 45413 | C15: 199.85122 | D15: 196.91513 | E15: 199.55078 | F15: 191.57561 | G15: 189.18947 | V15: =MONTH(B15)&YEAR(B15) -> 52024
A16: =+A15+1 -> 6 | B16: =+'System&BillingCycleHDD'!B16 -> 45444 | C16: 413.7455 | D16: 411.87963 | E16: 412.62205 | F16: 424.52666 | G16: 428.04545 | V16: =MONTH(B16)&YEAR(B16) -> 62024
A17: =+A16+1 -> 7 | B17: =+'System&BillingCycleHDD'!B17 -> 45474 | C17: 602.98619 | D17: 596.60114 | E17: 604.6632 | F17: 583.7955 | G17: 575.99157 | V17: =MONTH(B17)&YEAR(B17) -> 72024
A18: =+A17+1 -> 8 | B18: =+'System&BillingCycleHDD'!B18 -> 45505 | C18: 593.68123 | D18: 586.92119 | E18: 595.48736 | F18: 569.36492 | G18: 561.00836 | V18: =MONTH(B18)&YEAR(B18) -> 82024
A19: =+A18+1 -> 9 | B19: =+'System&BillingCycleHDD'!B19 -> 45536 | C19: 614.27703 | D19: 605.23454 | E19: 615.08629 | F19: 575.58705 | G19: 565.45216 | V19: =MONTH(B19)&YEAR(B19) -> 92024
A20: =+A19+1 -> 10 | B20: =+'System&BillingCycleHDD'!B20 -> 45566 | C20: 414.4874 | D20: 400.46391 | E20: 413.08739 | F20: 348.46761 | G20: 334.60722 | V20: =MONTH(B20)&YEAR(B20) -> 102024
A21: =+A20+1 -> 11 | B21: =+'System&BillingCycleHDD'!B21 -> 45597 | C21: 242.89623 | D21: 232.81803 | E21: 241.82519 | F21: 198.07214 | G21: 189.01934 | V21: =MONTH(B21)&YEAR(B21) -> 112024
A22: =+A21+1 -> 12 | B22: =+'System&BillingCycleHDD'!B22 -> 45627 | C22: 35.989643 | D22: 33.442424 | E22: 34.766481 | F22: 21.881081 | G22: 20.160262 | V22: =MONTH(B22)&YEAR(B22) -> 122024
A23: =+A22+1 -> 13 | B23: Annual | C23: =SUM(C11:C22) -> 3227.0821 | D23: =SUM(D11:D22) -> 3168.1927 | E23: =SUM(E11:E22) -> 3225.1572 | F23: =SUM(F11:F22) -> 2989.8682 | G23: =SUM(G11:G22) -> 2933.8136
A24: =+A23+1 -> 14
A25: =+A24+1 -> 15
A26: =+A25+1 -> 16 | B26: System Weighted and Billing Cycle Adjusted Normal Cooling Degree Days by Weather Sites (Base 65)
A27: =+A26+1 -> 17 | C27: Residential | D27: SECONDARY SERVICE LESS THAN OR EQUAL TO 10 KW | E27: SECONDARY SERVICE GREATER THAN 10 KW | F27: PRIMARY SERVICE GREATER THAN 10 KW | G27: PRIMARY SERVICE GREATER THAN 10 KW Substation
A28: =+A27+1 -> 18 | B28: =+B11 -> 45292 | C28: 7.3740806 | D28: 6.7863028 | E28: 7.0949596 | F28: 3.3230791 | G28: 2.6407509 | V28: =MONTH(B28) -> 1
A29: =+A28+1 -> 19 | B29: =+B12 -> 45323 | C29: 4.6900864 | D29: 4.3038296 | E29: 4.5321923 | F29: 2.2664938 | G29: 1.8488227 | V29: =MONTH(B29) -> 2
A30: =+A29+1 -> 20 | B30: =+B13 -> 45352 | C30: 18.010951 | D30: 16.998411 | E30: 17.584413 | F30: 12.314153 | G30: 11.437407 | V30: =MONTH(B30) -> 3
A31: =+A30+1 -> 21 | B31: =+B14 -> 45383 | C31: 65.860224 | D31: 64.27476 | E31: 65.366091 | F31: 60.709925 | G31: 60.103248 | V31: =MONTH(B31) -> 4
A32: =+A31+1 -> 22 | B32: =+B15 -> 45413 | C32: 160.26906 | D32: 158.85906 | E32: 159.90925 | F32: 163.15806 | G32: 164.34628 | V32: =MONTH(B32) -> 5
A33: =+A32+1 -> 23 | B33: =+B16 -> 45444 | C33: 371.34554 | D33: 367.78492 | E33: 371.5562 | F33: 369.60533 | G33: 368.68234 | V33: =MONTH(B33) -> 6
A34: =+A33+1 -> 24 | B34: =+B17 -> 45474 | C34: 559.78996 | D34: 553.05081 | E34: 560.93013 | F34: 540.69283 | G34: 534.30593 | V34: =MONTH(B34) -> 7
A35: =+A34+1 -> 25 | B35: =+B18 -> 45505 | C35: 626.46157 | D35: 616.19451 | E35: 627.92543 | F35: 584.00491 | G35: 571.45989 | V35: =MONTH(B35) -> 8
A36: =+A35+1 -> 26 | B36: =+B19 -> 45536 | C36: 580.44506 | D36: 568.07319 | E36: 580.89203 | F36: 523.65777 | G36: 508.63994 | V36: =MONTH(B36) -> 9
A37: =+A36+1 -> 27 | B37: =+B20 -> 45566 | C37: 366.81273 | D37: 356.28177 | E37: 366.65879 | F37: 318.09011 | G37: 305.74799 | V37: =MONTH(B37) -> 10
A38: =+A37+1 -> 28 | B38: =+B21 -> 45597 | C38: 138.79712 | D38: 133.07426 | E38: 138.03192 | F38: 111.3801 | G38: 105.36882 | V38: =MONTH(B38) -> 11
A39: =+A38+1 -> 29 | B39: =+B22 -> 45627 | C39: 27.579229 | D39: 25.700516 | E39: 26.980095 | F39: 16.792428 | G39: 14.748626 | V39: =MONTH(B39) -> 12
A40: =+A39+1 -> 30 | B40: Annual | C40: =SUM(C28:C39) -> 2927.4356 | D40: =SUM(D28:D39) -> 2871.3823 | E40: =SUM(E28:E39) -> 2927.4615 | F40: =SUM(F28:F39) -> 2705.9952 | G40: =SUM(G28:G39) -> 2649.33
