Workbook

Sheet Base35
B1: PUC DOCKET NO.
B2: ONCOR ELECTRIC DELIVERY
B3: WEATHER STATION DATA
B4: FOR THE TEST YEAR ENDING DECEMBER 31, 2007
B6: SPONSOR: G. L. GOBLE
B9: Calendar Actual Heating Degree Days by Weather Sites (Base 35)
A10: Line No. | C10: Metroplex (MX) | D10: Lufkin (LU) | E10: Austin (AU) | F10: Killeen (KI) | G10: Longview (LO) | H10: Waco (WO) | I10: Abilene (AE) | J10: Wichita Falls (WF) | K10: Midland/ Odessa (MO) | L10: Denison (DE)
A11: 1 | B11: 39083 | C11: 22.749999 | D11: 7.38 | E11: 11.33333 | F11: 18.33 | G11: 14.24 | H11: 16.625 | I11: 47.24 | J11: 42.29 | K11: 54.03 | L11: 41.32
A12: 2 | B12: 39114 | C12: 14.958333 | D12: 3.5 | E12: 1.375 | F12: 10.83 | G12: 9.88 | H12: 6.875 | I12: 25.25 | J12: 27.71 | K12: 14.24 | L12: 29.95
A13: 3 | B13: 39142 | C13: 0 | D13: 0 | E13: 0 | F13: 0 | G13: 0 | H13: 0 | I13: 0 | J13: 0 | K13: 0 | L13: 0
A14: 4 | B14: 39173 | C14: 0 | D14: 0 | E14: 0 | F14: 0 | G14: 0 | H14: 0 | I14: 3.37 | J14: 0 | K14: 6.66 | L14: 0
A15: 5 | B15: 39203 | C15: 0 | D15: 0 | E15: 0 | F15: 0 | G15: 0 | H15: 0 | I15: 0 | J15: 0 | K15: 0 | L15: 0
A16: 6 | B16: 39234 | C16: 0 | D16: 0 | E16: 0 | F16: 0 | G16: 0 | H16: 0 | I16: 0 | J16: 0 | K16: 0 | L16: 0
A17: 7 | B17: 39264 | C17: 0 | D17: 0 | E17: 0 | F17: 0 | G17: 0 | H17: 0 | I17: 0 | J17: 0 | K17: 0 | L17: 0
A18: 8 | B18: 39295 | C18: 0 | D18: 0 | E18: 0 | F18: 0 | G18: 0 | H18: 0 | I18: 0 | J18: 0 | K18: 0 | L18: 0
A19: 9 | B19: 39326 | C19: 0 | D19: 0 | E19: 0 | F19: 0 | G19: 0 | H19: 0 | I19: 0 | J19: 0 | K19: 0 | L19: 0
A20: 10 | B20: 39356 | C20: 0 | D20: 0 | E20: 0 | F20: 0 | G20: 0 | H20: 0 | I20: 0 | J20: 0 | K20: 0 | L20: 0
A21: 11 | B21: 39387 | C21: 0 | D21: 0 | E21: 0 | F21: 0 | G21: 0 | H21: 0 | I21: 4.12 | J21: 0 | K21: 7.41 | L21: 0
A22: 12 | B22: 39417 | C22: 0 | D22: 0 | E22: 0 | F22: 0 | G22: 0 | H22: 0 | I22: 3.38 | J22: 6.25 | K22: 2.37 | L22: 1.29
A23: 13 | B23: Annual | C23: =SUM(C11:C22) -> 37.708332 | D23: =SUM(D11:D22) -> 10.88 | E23: =SUM(E11:E22) -> 12.70833 | F23: =SUM(F11:F22) -> 29.16 | G23: =SUM(G11:G22) -> 24.12 | H23: =SUM(H11:H22) -> 23.5 | I23: =SUM(I11:I22) -> 83.36 | J23: =SUM(J11:J22) -> 76.25 | ... L23: =SUM(L11:L22) -> 72.56
A24: 14
A25: 15 | B25: Calendar Actual Cooling Degree Days by Weather Sites (Base 35)
A26: 16 | C26: Metroplex (MX) | D26: Lufkin (LU) | E26: Austin (AU) | F26: Killeen (KI) | G26: Longview (LO) | H26: Waco (WO) | I26: Abilene (AE) | J26: Wichita Falls (WF) | K26: Midland/ Odessa (MO) | L26: Denison (DE)
A27: 17 | B27: 39083
A28: 18 | B28: 39114
A29: 19 | B29: 39142
A30: 20 | B30: 39173
A31: 21 | B31: 39203
A32: 22 | B32: 39234
A33: 23 | B33: 39264
A34: 24 | B34: 39295
A35: 25 | B35: 39326
A36: 26 | B36: 39356
A37: 27 | B37: 39387
A38: 28 | B38: 39417
A39: 29 | B39: Annual | C39: =SUM(C27:C38) -> 0 | D39: =SUM(D27:D38) -> 0 | E39: =SUM(E27:E38) -> 0 | F39: =SUM(F27:F38) -> 0 | G39: =SUM(G27:G38) -> 0 | H39: =SUM(H27:H38) -> 0 | I39: =SUM(I27:I38) -> 0 | J39: =SUM(J27:J38) -> 0 | ... L39: =SUM(L27:L38) -> 0
A40: 30
A41: 31 | B41: Calendar Normal Heating Degree Days by Weather Sites (Base 35)
A42: 32 | C42: Metroplex (MX) | D42: Lufkin (LU) | E42: Austin (AU) | F42: Killeen (KI) | G42: Longview (LO) | H42: Waco (WO) | I42: Abilene (AE) | J42: Wichita Falls (WF) | K42: Midland/ Odessa (MO) | L42: Denison (DE)
A43: 33 | B43: 39083 | C43: 18.940253 | D43: 6.5763019 | E43: 5.4461726 | F43: 10.407794 | G43: 14.486215 | H43: 12.030748 | I43: 27.387566 | J43: 39.312965 | K43: 24.323938 | L43: 32.56895
A44: 34 | B44: 39114 | C44: 10.957417 | D44: 3.920125 | E44: 3.4057222 | F44: 6.3753304 | G44: 7.8758145 | H44: 7.1338194 | I44: 16.123194 | J44: 23.06725 | K44: 12.805778 | L44: 18.483665
A45: 35 | B45: 39142 | C45: 2.5334306 | D45: 0.33471326 | E45: 0.34188889 | F45: 1.0002906 | G45: 1.2825814 | H45: 1.4013333 | I45: 4.8123194 | J45: 7.0874583 | K45: 3.9547361 | L45: 4.6761461
A46: 36 | B46: 39173 | C46: 0 | D46: 0 | E46: 0 | F46: 0 | G46: 0 | H46: 0 | I46: 0.29872222 | J46: 0.11152778 | K46: 0.37726389 | L46: 0.0088577778
A47: 37 | B47: 39203 | C47: 0 | D47: 0 | E47: 0 | F47: 0 | G47: 0 | H47: 0 | I47: 0 | J47: 0 | K47: 0 | L47: 0
A48: 38 | B48: 39234 | C48: 0 | D48: 0 | E48: 0 | F48: 0 | G48: 0 | H48: 0 | I48: 0 | J48: 0 | K48: 0 | L48: 0
A49: 39 | B49: 39264 | C49: 0 | D49: 0 | E49: 0 | F49: 0 | G49: 0 | H49: 0 | I49: 0 | J49: 0 | K49: 0 | L49: 0
A50: 40 | B50: 39295 | C50: 0 | D50: 0 | E50: 0 | F50: 0 | G50: 0 | H50: 0 | I50: 0 | J50: 0 | K50: 0 | L50: 0
A51: 41 | B51: 39326 | C51: 0 | D51: 0 | E51: 0 | F51: 0 | G51: 0 | H51: 0 | I51: 0 | J51: 0 | K51: 0 | L51: 0
A52: 42 | B52: 39356 | C52: 0.064861111 | D52: 0 | E52: 0 | F52: 0.000300625 | G52: 0.041759792 | H52: 0.026180556 | I52: 0.36756944 | J52: 0.403625 | K52: 0.43368056 | L52: 0.284315
A53: 43 | B53: 39387 | C53: 1.4336111 | D53: 0.093544722 | E53: 0.14936111 | F53: 0.67955882 | G53: 0.83912049 | H53: 0.86630556 | I53: 3.604375 | J53: 4.4630556 | K53: 3.9734861 | L53: 2.7461385
A54: 44 | B54: 39417 | C54: 18.751913 | D54: 7.4770206 | E54: 7.0996597 | F54: 11.464053 | G54: 14.251827 | H54: 13.221697 | I54: 25.002075 | J54: 33.76937 | K54: 23.538319 | L54: 27.240599
A55: 45 | B55: Annual | C55: =SUM(C43:C54) -> 52.681486 | D55: =SUM(D43:D54) -> 18.401705 | E55: =SUM(E43:E54) -> 16.442805 | F55: =SUM(F43:F54) -> 29.927328 | G55: =SUM(G43:G54) -> 38.777318 | H55: =SUM(H43:H54) -> 34.680084 | I55: =SUM(I43:I54) -> 77.595821 | J55: =SUM(J43:J54) -> 108.21525 | ... L55: =SUM(L43:L54) -> 86.008672
A56: 46
A57: 47 | B57: Calendar Actual Cooling Degree Days by Weather Sites (Base 35)
A58: 48 | C58: Metroplex (MX) | D58: Lufkin (LU) | E58: Austin (AU) | F58: Killeen (KI) | G58: Longview (LO) | H58: Waco (WO) | I58: Abilene (AE) | J58: Wichita Falls (WF) | K58: Midland/ Odessa (MO) | L58: Denison (DE)
A59: 49 | B59: 39083
A60: 50 | B60: 39114
A61: 51 | B61: 39142
A62: 52 | B62: 39173
A63: 53 | B63: 39203
A64: 54 | B64: 39234
A65: 55 | B65: 39264
A66: 56 | B66: 39295
A67: 57 | B67: 39326
A68: 58 | B68: 39356
A69: 59 | B69: 39387
A70: 60 | B70: 39417
A71: 61 | B71: Annual | C71: =SUM(C59:C70) -> 0 | D71: =SUM(D59:D70) -> 0 | E71: =SUM(E59:E70) -> 0 | F71: =SUM(F59:F70) -> 0 | G71: =SUM(G59:G70) -> 0 | H71: =SUM(H59:H70) -> 0 | I71: =SUM(I59:I70) -> 0 | J71: =SUM(J59:J70) -> 0 | ... L71: =SUM(L59:L70) -> 0

Sheet Base45h
B1: PUC DOCKET NO.
B2: ONCOR ELECTRIC DELIVERY COMPANY LLC
B3: WEATHER STATION DATA
B4: FOR THE TEST YEAR ENDING DECEMBER 31, 2024
B6: SPONSOR: D. E. NELSON
B9: Calendar Actual Heating Degree Days by Weather Sites (Base 45)
A10: Line No. | C10: Dallas/ Fort Worth (MX) | D10: Lufkin (LU) | E10: Austin (AU) | F10: Killeen (KI) | G10: Longview (LO) | H10: Waco (WO) | I10: Abilene (AE) | J10: Wichita Falls (WF) | K10: Midland/ Odessa (MO) | L10: Denison (DE)
A11: 1 | B11: 45292 | C11: 173.6 | D11: 98.3 | E11: 99.5 | F11: 129.6 | G11: 141.9 | H11: 146.3 | I11: 185.8 | J11: 248.4 | K11: 183.3 | L11: 226.1
A12: =+A11+1 -> 2 | B12: 45323 | C12: 10.4 | D12: 4.2 | E12: 3.9 | F12: 10 | G12: 7.6 | H12: 8.8 | I12: 30.9 | J12: 42.4 | K12: 29.7 | L12: 27.1
A13: =+A12+1 -> 3 | B13: 45352 | C13: 0 | D13: 0 | E13: 0 | F13: 0 | G13: 0 | H13: 0 | I13: 0 | J13: 1.7 | K13: 1.6 | L13: 0
A14: =+A13+1 -> 4 | B14: 45383 | C14: 0 | D14: 0 | E14: 0 | F14: 0 | G14: 0 | H14: 0 | I14: 0 | J14: 0 | K14: 0 | L14: 0
A15: =+A14+1 -> 5 | B15: 45413 | C15: 0 | D15: 0 | E15: 0 | F15: 0 | G15: 0 | H15: 0 | I15: 0 | J15: 0 | K15: 0 | L15: 0
A16: =+A15+1 -> 6 | B16: 45444 | C16: 0 | D16: 0 | E16: 0 | F16: 0 | G16: 0 | H16: 0 | I16: 0 | J16: 0 | K16: 0 | L16: 0
A17: =+A16+1 -> 7 | B17: 45474 | C17: 0 | D17: 0 | E17: 0 | F17: 0 | G17: 0 | H17: 0 | I17: 0 | J17: 0 | K17: 0 | L17: 0
A18: =+A17+1 -> 8 | B18: 45505 | C18: 0 | D18: 0 | E18: 0 | F18: 0 | G18: 0 | H18: 0 | I18: 0 | J18: 0 | K18: 0 | L18: 0
A19: =+A18+1 -> 9 | B19: 45536 | C19: 0 | D19: 0 | E19: 0 | F19: 0 | G19: 0 | H19: 0 | I19: 0 | J19: 0 | K19: 0 | L19: 0
A20: =+A19+1 -> 10 | B20: 45566 | C20: 0 | D20: 0 | E20: 0 | F20: 0 | G20: 0 | H20: 0 | I20: 0 | J20: 0 | K20: 0 | L20: 0
A21: =+A20+1 -> 11 | B21: 45597 | C21: 1.1 | D21: 2.9 | E21: 0 | F21: 0.1 | G21: 4.2 | H21: 0 | I21: 1.7 | J21: 7.9 | K21: 3.6 | L21: 4.1
A22: =+A21+1 -> 12 | B22: 45627 | C22: 4.8 | D22: 5.6 | E22: 0.1 | F22: 2.3 | G22: 14.3 | H22: 4.9 | I22: 7.3 | J22: 29.8 | K22: 9.2 | L22: 21.4
A23: =+A22+1 -> 13 | B23: Annual | C23: =SUM(C11:C22) -> 189.9 | D23: =SUM(D11:D22) -> 111 | E23: =SUM(E11:E22) -> 103.5 | F23: =SUM(F11:F22) -> 142 | G23: =SUM(G11:G22) -> 168 | H23: =SUM(H11:H22) -> 160 | I23: =SUM(I11:I22) -> 225.7 | J23: =SUM(J11:J22) -> 330.2 | ... L23: =SUM(L11:L22) -> 278.7
A24: =+A23+1 -> 14
A25: =+A24+1 -> 15
A26: =+A25+1 -> 16 | B26: Calendar Normal Heating Degree Days by Weather Sites (Base 45)
A27: =+A26+1 -> 17 | C27: Dallas/ Fort Worth (MX) | D27: Lufkin (LU) | E27: Austin (AU) | F27: Killeen (KI) | G27: Longview (LO) | H27: Waco (WO) | I27: Abilene (AE) | J27: Wichita Falls (WF) | K27: Midland/ Odessa (MO) | L27: Denison (DE)
A28: =+A27+1 -> 18 | B28: 45292 | C28: 87.887917 | D28: 56.637917 | E28: 49.730833 | F28: 67.992083 | G28: 84.268333 | H28: 78.415 | I28: 116.51833 | J28: 156.00958 | K28: 116.39375 | L28: 137.19917
A29: =+A28+1 -> 19 | B29: 45323 | C29: 73.315 | D29: 38.424167 | E29: 39.63375 | F29: 56.760417 | G29: 60.48875 | H29: 60.543333 | I29: 101.37167 | J29: 130.22167 | K29: 87.502917 | L29: 108.42792
A30: =+A29+1 -> 20 | B30: 45352 | C30: 11.575833 | D30: 5.2758333 | E30: 3.9041667 | F30: 7.39375 | G30: 10.43875 | H30: 8.6958333 | I30: 16.260833 | J30: 22.0475 | K30: 15.648333 | L30: 20.635
A31: =+A30+1 -> 21 | B31: 45383 | C31: 0.53583333 | D31: 0.37375 | E31: 0.4 | F31: 0.9325 | G31: 0.32166667 | H31: 0.65 | I31: 2.34625 | J31: 2.5533333 | K31: 1.55 | L31: 1.5775
A32: =+A31+1 -> 22 | B32: 45413 | C32: 0 | D32: 0 | E32: 0 | F32: 0 | G32: 0 | H32: 0 | I32: 0.01 | J32: 0.015 | K32: 0 | L32: 0
A33: =+A32+1 -> 23 | B33: 45444 | C33: 0 | D33: 0 | E33: 0 | F33: 0 | G33: 0 | H33: 0 | I33: 0 | J33: 0 | K33: 0 | L33: 0
A34: =+A33+1 -> 24 | B34: 45474 | C34: 0 | D34: 0 | E34: 0 | F34: 0 | G34: 0 | H34: 0 | I34: 0 | J34: 0 | K34: 0 | L34: 0
A35: =+A34+1 -> 25 | B35: 45505 | C35: 0 | D35: 0 | E35: 0 | F35: 0 | G35: 0 | H35: 0 | I35: 0 | J35: 0 | K35: 0 | L35: 0
A36: =+A35+1 -> 26 | B36: 45536 | C36: 0 | D36: 0 | E36: 0 | F36: 0 | G36: 0 | H36: 0 | I36: 0 | J36: 0 | K36: 0 | L36: 0
A37: =+A36+1 -> 27 | B37: 45566 | C37: 1.055 | D37: 0.155 | E37: 0.24 | F37: 0.98 | G37: 0.31 | H37: 0.81 | I37: 3.995 | J37: 4.24 | K37: 4.2 | L37: 1.795
A38: =+A37+1 -> 28 | B38: 45597 | C38: 12.894583 | D38: 7.26 | E38: 6.5704167 | F38: 11.864583 | G38: 14.0725 | H38: 12.858333 | I38: 24.36625 | J38: 28.7925 | K38: 26.357083 | L38: 19.990417
A39: =+A38+1 -> 29 | B39: 45627 | C39: 63.360833 | D39: 40.38625 | E39: 34.46375 | F39: 50.732917 | G39: 61.677083 | H39: 57.065 | I39: 102.18917 | J39: 132.99333 | K39: 101.135 | L39: 100.01583
A40: =+A39+1 -> 30 | B40: Annual | C40: =SUM(C28:C39) -> 250.625 | D40: =SUM(D28:D39) -> 148.51292 | E40: =SUM(E28:E39) -> 134.94292 | F40: =SUM(F28:F39) -> 196.65625 | G40: =SUM(G28:G39) -> 231.57708 | H40: =SUM(H28:H39) -> 219.0375 | I40: =SUM(I28:I39) -> 367.0575 | J40: =SUM(J28:J39) -> 476.87292 | ... L40: =SUM(L28:L39) -> 389.64083

Sheet Base55h
B1: =+Base45h!B1 -> PUC DOCKET NO.
B2: =+Base45h!B2 -> ONCOR ELECTRIC DELIVERY COMPANY LLC
B3: =+Base45h!B3 -> WEATHER STATION DATA
B4: =+Base45h!B4 -> FOR THE TEST YEAR ENDING DECEMBER 31, 2024
B6: =+Base45h!B6 -> SPONSOR: D. E. NELSON
B9: Calendar Actual Cooling Degree Days by Weather Sites (Base 55)
A10: Line No. | C10: Dallas/ Fort Worth (MX) | D10: Lufkin (LU) | E10: Austin (AU) | F10: Killeen (KI) | G10: Longview (LO) | H10: Waco (WO) | I10: Abilene (AE) | J10: Wichita Falls (WF) | K10: Midland/ Odessa (MO) | L10: Denison (DE)
A11: 1 | B11: =+Base45h!B11 -> 45292 | C11: 405.3 | D11: 284.3 | E11: 269.7 | F11: 331.1 | G11: 351.6 | H11: 374.2 | I11: 417.2 | J11: 514.6 | K11: 439.3 | L11: 485.8
A12: =+A11+1 -> 2 | B12: =+Base45h!B12 -> 45323 | C12: 78.1 | D12: 55.3 | E12: 57.1 | F12: 67.1 | G12: 70.9 | H12: 74.9 | I12: 106.2 | J12: 145.5 | K12: 128.1 | L12: 117.2
A13: =+A12+1 -> 3 | B13: =+Base45h!B13 -> 45352 | C13: 20.2 | D13: 7.5 | E13: 8.3 | F13: 14.8 | G13: 26.2 | H13: 24.4 | I13: 39.3 | J13: 65.4 | K13: 50.4 | L13: 46.2
A14: =+A13+1 -> 4 | B14: =+Base45h!B14 -> 45383 | C14: 0.7 | D14: 0 | E14: 0 | F14: 0 | G14: 0.5 | H14: 0 | I14: 4.3 | J14: 4.4 | K14: 12.7 | L14: 4.2
A15: =+A14+1 -> 5 | B15: =+Base45h!B15 -> 45413 | C15: 0 | D15: 0 | E15: 0 | F15: 0 | G15: 0 | H15: 0 | I15: 0 | J15: 0 | K15: 0 | L15: 0
A16: =+A15+1 -> 6 | B16: =+Base45h!B16 -> 45444 | C16: 0 | D16: 0 | E16: 0 | F16: 0 | G16: 0 | H16: 0 | I16: 0 | J16: 0 | K16: 0 | L16: 0
A17: =+A16+1 -> 7 | B17: =+Base45h!B17 -> 45474 | C17: 0 | D17: 0 | E17: 0 | F17: 0 | G17: 0 | H17: 0 | I17: 0 | J17: 0 | K17: 0 | L17: 0
A18: =+A17+1 -> 8 | B18: =+Base45h!B18 -> 45505 | C18: 0 | D18: 0 | E18: 0 | F18: 0 | G18: 0 | H18: 0 | I18: 0 | J18: 0 | K18: 0 | L18: 0
A19: =+A18+1 -> 9 | B19: =+Base45h!B19 -> 45536 | C19: 0 | D19: 0 | E19: 0 | F19: 0 | G19: 0 | H19: 0 | I19: 0 | J19: 0 | K19: 0 | L19: 0
A20: =+A19+1 -> 10 | B20: =+Base45h!B20 -> 45566 | C20: 0 | D20: 0 | E20: 0 | F20: 0 | G20: 0 | H20: 0 | I20: 0 | J20: 0 | K20: 0 | L20: 0
A21: =+A20+1 -> 11 | B21: =+Base45h!B21 -> 45597 | C21: 34.4 | D21: 33.9 | E21: 16.2 | F21: 27.4 | G21: 47 | H21: 36.2 | I21: 50 | J21: 71.6 | K21: 69.2 | L21: 56.8
A22: =+A21+1 -> 12 | B22: =+Base45h!B22 -> 45627 | C22: 107.2 | D22: 98.8 | E22: 55.7 | F22: 74.8 | G22: 135.1 | H22: 97.5 | I22: 120.2 | J22: 198 | K22: 142.3 | L22: 167.4
A23: =+A22+1 -> 13 | B23: Annual | C23: =SUM(C11:C22) -> 645.9 | D23: =SUM(D11:D22) -> 479.8 | E23: =SUM(E11:E22) -> 407 | F23: =SUM(F11:F22) -> 515.2 | G23: =SUM(G11:G22) -> 631.3 | H23: =SUM(H11:H22) -> 607.2 | I23: =SUM(I11:I22) -> 737.2 | J23: =SUM(J11:J22) -> 999.5 | ... L23: =SUM(L11:L22) -> 877.6
A24: =+A23+1 -> 14
A25: =+A24+1 -> 15
A26: =+A25+1 -> 16 | B26: Calendar Normal Cooling Degree Days by Weather Sites (Base 55)
A27: =+A26+1 -> 17 | C27: Dallas/ Fort Worth (MX) | D27: Lufkin (LU) | E27: Austin (AU) | F27: Killeen (KI) | G27: Longview (LO) | H27: Waco (WO) | I27: Abilene (AE) | J27: Wichita Falls (WF) | K27: Midland/ Odessa (MO) | L27: Denison (DE)
A28: =+A27+1 -> 18 | B28: =+Base45h!B28 -> 45292 | C28: 275.14833 | D28: 223.5125 | E28: 201.28292 | F28: 233.87125 | G28: 275.12958 | H28: 264.63083 | I28: 322.91292 | J28: 392.18042 | K28: 338.14542 | L28: 361.41083
A29: =+A28+1 -> 19 | B29: =+Base45h!B29 -> 45323 | C29: 215.81625 | D29: 153.15875 | E29: 143.5875 | F29: 178.33625 | G29: 202.37833 | H29: 194.63625 | I29: 256.32833 | J29: 313.16958 | K29: 241.84625 | L29: 282.02042
A30: =+A29+1 -> 20 | B30: =+Base45h!B30 -> 45352 | C30: 56.72125 | D30: 40.860417 | E30: 33.915417 | F30: 45.306667 | G30: 59.830833 | H30: 53.7175 | I30: 78.590417 | J30: 101.50667 | K30: 77.392083 | L30: 94.187083
A31: =+A30+1 -> 21 | B31: =+Base45h!B31 -> 45383 | C31: 10.32625 | D31: 5.8341667 | E31: 4.5845833 | F31: 8.2045833 | G31: 10.568333 | H31: 9.5725 | I31: 19.664167 | J31: 24.458333 | K31: 16.574167 | L31: 21.45375
A32: =+A31+1 -> 22 | B32: =+Base45h!B32 -> 45413 | C32: 0.63375 | D32: 0.05 | E32: 0.155 | F32: 0.46 | G32: 0.34 | H32: 0.415 | I32: 1.7795833 | J32: 2.0083333 | K32: 1.9283333 | L32: 2.3475
A33: =+A32+1 -> 23 | B33: =+Base45h!B33 -> 45444 | C33: 0 | D33: 0 | E33: 0 | F33: 0 | G33: 0 | H33: 0 | I33: 0 | J33: 0 | K33: 0 | L33: 0
A34: =+A33+1 -> 24 | B34: =+Base45h!B34 -> 45474 | C34: 0 | D34: 0 | E34: 0 | F34: 0 | G34: 0 | H34: 0 | I34: 0 | J34: 0 | K34: 0 | L34: 0
A35: =+A34+1 -> 25 | B35: =+Base45h!B35 -> 45505 | C35: 0 | D35: 0 | E35: 0 | F35: 0 | G35: 0 | H35: 0 | I35: 0 | J35: 0 | K35: 0 | L35: 0
A36: =+A35+1 -> 26 | B36: =+Base45h!B36 -> 45536 | C36: 0 | D36: 0 | E36: 0 | F36: 0 | G36: 0 | H36: 0 | I36: 0.35 | J36: 0.075 | K36: 0.69 | L36: 0
A37: =+A36+1 -> 27 | B37: =+Base45h!B37 -> 45566 | C37: 10.382083 | D37: 5.7229167 | E37: 5.4645833 | F37: 9.1991667 | G37: 10.168333 | H37: 9.6945833 | I37: 22.472917 | J37: 24.225 | K37: 21.649583 | L37: 18.150417
A38: =+A37+1 -> 28 | B38: =+Base45h!B38 -> 45597 | C38: 77.440833 | D38: 70.749167 | E38: 59.311667 | F38: 73.604583 | G38: 93.92625 | H38: 80.865833 | I38: 112.43625 | J38: 133.83333 | K38: 124.64 | L38: 109.07708
A39: =+A38+1 -> 29 | B39: =+Base45h!B39 -> 45627 | C39: 230.0575 | D39: 186.58167 | E39: 170.68458 | F39: 203.355 | G39: 232.59792 | H39: 224.46208 | I39: 286 | J39: 353.05208 | K39: 304.24333 | L39: 297.57958
A40: =+A39+1 -> 30 | B40: Annual | C40: =SUM(C28:C39) -> 876.52625 | D40: =SUM(D28:D39) -> 686.46958 | E40: =SUM(E28:E39) -> 618.98625 | F40: =SUM(F28:F39) -> 752.3375 | G40: =SUM(G28:G39) -> 884.93958 | H40: =SUM(H28:H39) -> 837.99458 | I40: =SUM(I28:I39) -> 1100.5346 | J40: =SUM(J28:J39) -> 1344.5088 | ... L40: =SUM(L28:L39) -> 1186.2267
Y44: =MONTH(B44)&YEAR(B44) -> 11900
Y45: =MONTH(B45)&YEAR(B45) -> 11900
Y46: =MONTH(B46)&YEAR(B46) -> 11900
Y47: =MONTH(B47)&YEAR(B47) -> 11900
Y48: =MONTH(B48)&YEAR(B48) -> 11900
Y49: =MONTH(B49)&YEAR(B49) -> 11900
Y50: =MONTH(B50)&YEAR(B50) -> 11900
Y51: =MONTH(B51)&YEAR(B51) -> 11900
Y52: =MONTH(B52)&YEAR(B52) -> 11900
Y53: =MONTH(B53)&YEAR(B53) -> 11900
Y54: =MONTH(B54)&YEAR(B54) -> 11900
Y55: =MONTH(B55)&YEAR(B55) -> 11900
Y61: =MONTH(B61) -> 1
Y62: =MONTH(B62) -> 1
Y63: =MONTH(B63) -> 1
Y64: =MONTH(B64) -> 1
Y65: =MONTH(B65) -> 1
Y66: =MONTH(B66) -> 1
Y67: =MONTH(B67) -> 1
Y68: =MONTH(B68) -> 1
Y69: =MONTH(B69) -> 1
Y70: =MONTH(B70) -> 1
Y71: =MONTH(B71) -> 1
Y72: =MONTH(B72) -> 1

Sheet Base60h
B1: =+Base45h!B1 -> PUC DOCKET NO.
B2: =+Base45h!B2 -> ONCOR ELECTRIC DELIVERY COMPANY LLC
B3: =+Base45h!B3 -> WEATHER STATION DATA
B4: =+Base45h!B4 -> FOR THE TEST YEAR ENDING DECEMBER 31, 2024
B6: =+Base45h!B6 -> SPONSOR: D. E. NELSON
B9: Calendar Actual Heating Degree Days by Weather Sites (Base 60)
A10: Line No. | C10: Dallas/ Fort Worth (MX) | D10: Lufkin (LU) | E10: Austin (AU) | F10: Killeen (KI) | G10: Longview (LO) | H10: Waco (WO) | I10: Abilene (AE) | J10: Wichita Falls (WF) | K10: Midland/ Odessa (MO) | L10: Denison (DE)
A11: 1 | B11: =+Base45h!B11 -> 45292 | C11: 550 | D11: 414.5 | E11: 419.3 | F11: 475.8 | G11: 487.4 | H11: 529.1 | I11: 568.2 | J11: 668.8 | K11: 594.3 | L11: 638.1
A12: =+A11+1 -> 2 | B12: =+Base45h!B12 -> 45323 | C12: 147.6 | D12: 109.6 | E12: 119.9 | F12: 128 | G12: 140.7 | H12: 147 | I12: 194.4 | J12: 247.6 | K12: 231.6 | L12: 200.1
A13: =+A12+1 -> 3 | B13: =+Base45h!B13 -> 45352 | C13: 62.9 | D13: 42.3 | E13: 39.3 | F13: 53.6 | G13: 75.2 | H13: 66.6 | I13: 104.7 | J13: 143.9 | K13: 116.4 | L13: 106.7
A14: =+A13+1 -> 4 | B14: =+Base45h!B14 -> 45383 | C14: 8.1 | D14: 3.5 | E14: 1.6 | F14: 4.9 | G14: 12.3 | H14: 6 | I14: 24 | J14: 31.2 | K14: 41.2 | L14: 29.2
A15: =+A14+1 -> 5 | B15: =+Base45h!B15 -> 45413 | C15: 0 | D15: 0 | E15: 0 | F15: 0 | G15: 0 | H15: 0 | I15: 0 | J15: 0 | K15: 0 | L15: 0
A16: =+A15+1 -> 6 | B16: =+Base45h!B16 -> 45444 | C16: 0 | D16: 0 | E16: 0 | F16: 0 | G16: 0 | H16: 0 | I16: 0 | J16: 0 | K16: 0 | L16: 0
A17: =+A16+1 -> 7 | B17: =+Base45h!B17 -> 45474 | C17: 0 | D17: 0 | E17: 0 | F17: 0 | G17: 0 | H17: 0 | I17: 0 | J17: 0 | K17: 0 | L17: 0
A18: =+A17+1 -> 8 | B18: =+Base45h!B18 -> 45505 | C18: 0 | D18: 0 | E18: 0 | F18: 0 | G18: 0 | H18: 0 | I18: 0 | J18: 0 | K18: 0 | L18: 0
A19: =+A18+1 -> 9 | B19: =+Base45h!B19 -> 45536 | C19: 0 | D19: 0 | E19: 0 | F19: 0 | G19: 0 | H19: 0 | I19: 0 | J19: 0 | K19: 0 | L19: 0
A20: =+A19+1 -> 10 | B20: =+Base45h!B20 -> 45566 | C20: 0 | D20: 4.6 | E20: 0 | F20: 0 | G20: 8 | H20: 1.4 | I20: 0 | J20: 9.1 | K20: 2.3 | L20: 4.4
A21: =+A20+1 -> 11 | B21: =+Base45h!B21 -> 45597 | C21: 76.6 | D21: 79.3 | E21: 56.9 | F21: 65.1 | G21: 96.1 | H21: 82.2 | I21: 104.1 | J21: 142.7 | K21: 151.6 | L21: 108.8
A22: =+A21+1 -> 12 | B22: =+Base45h!B22 -> 45627 | C22: 214.2 | D22: 187.4 | E22: 131.1 | F22: 157.8 | G22: 232.1 | H22: 191 | I22: 226.7 | J22: 331.4 | K22: 274.3 | L22: 291.8
A23: =+A22+1 -> 13 | B23: Annual | C23: =SUM(C11:C22) -> 1059.4 | D23: =SUM(D11:D22) -> 841.2 | E23: =SUM(E11:E22) -> 768.1 | F23: =SUM(F11:F22) -> 885.2 | G23: =SUM(G11:G22) -> 1051.8 | H23: =SUM(H11:H22) -> 1023.3 | I23: =SUM(I11:I22) -> 1222.1 | J23: =SUM(J11:J22) -> 1574.7 | ... L23: =SUM(L11:L22) -> 1379.1
A24: =+A23+1 -> 14
A25: =+A24+1 -> 15
A26: =+A25+1 -> 16 | B26: Calendar Normal Heating Degree Days by Weather Sites (Base 60)
A27: =+A26+1 -> 17 | C27: Dallas/ Fort Worth (MX) | D27: Lufkin (LU) | E27: Austin (AU) | F27: Killeen (KI) | G27: Longview (LO) | H27: Waco (WO) | I27: Abilene (AE) | J27: Wichita Falls (WF) | K27: Midland/ Odessa (MO) | L27: Denison (DE)
A28: =+A27+1 -> 18 | B28: =+Base45h!B28 -> 45292 | C28: 405.65875 | D28: 342.16625 | E28: 320.07583 | F28: 357.19333 | G28: 402.64208 | H28: 393.47375 | I28: 458.14708 | J28: 534.62167 | K28: 483.25167 | L28: 500.53333
A29: =+A28+1 -> 19 | B29: =+Base45h!B29 -> 45323 | C29: 318.68667 | D29: 245.81333 | E29: 234.44167 | F29: 274.31542 | G29: 306.21375 | H29: 295.77042 | I29: 364.28917 | J29: 434.52625 | K29: 355.93458 | L29: 398.28667
A30: =+A29+1 -> 20 | B30: =+Base45h!B30 -> 45352 | C30: 114.42958 | D30: 89.8 | E30: 76.62375 | F30: 94.947083 | G30: 122.01625 | H30: 109.03083 | I30: 148.77833 | J30: 185.94542 | K30: 148.035 | L30: 174.74083
A31: =+A30+1 -> 21 | B31: =+Base45h!B31 -> 45383 | C31: 28.0675 | D31: 20.742083 | E31: 17.025417 | F31: 23.6775 | G31: 31.901667 | H31: 27.290417 | I31: 46.68 | J31: 59.253333 | K31: 40.965417 | L31: 57.695833
A32: =+A31+1 -> 22 | B32: =+Base45h!B32 -> 45413 | C32: 3.1375 | D32: 0.69958333 | E32: 0.85708333 | F32: 1.99375 | G32: 1.9308333 | H32: 1.9458333 | I32: 6.9558333 | J32: 7.9625 | K32: 6.6958333 | L32: 8.23625
A33: =+A32+1 -> 23 | B33: =+Base45h!B33 -> 45444 | C33: 0 | D33: 0 | E33: 0 | F33: 0 | G33: 0 | H33: 0 | I33: 0 | J33: 0 | K33: 0 | L33: 0
A34: =+A33+1 -> 24 | B34: =+Base45h!B34 -> 45474 | C34: 0 | D34: 0 | E34: 0 | F34: 0 | G34: 0 | H34: 0 | I34: 0 | J34: 0 | K34: 0 | L34: 0
A35: =+A34+1 -> 25 | B35: =+Base45h!B35 -> 45505 | C35: 0 | D35: 0 | E35: 0 | F35: 0 | G35: 0 | H35: 0 | I35: 0 | J35: 0 | K35: 0 | L35: 0
A36: =+A35+1 -> 26 | B36: =+Base45h!B36 -> 45536 | C36: 0 | D36: 0 | E36: 0 | F36: 0.04 | G36: 0 | H36: 0 | I36: 1.1 | J36: 0.635 | K36: 1.705 | L36: 0.01
A37: =+A36+1 -> 27 | B37: =+Base45h!B37 -> 45566 | C37: 27.022083 | D37: 22.6825 | E37: 18.510833 | F37: 25.192917 | G37: 33.063333 | H37: 27.174583 | I37: 47.822083 | J37: 55.975417 | K37: 47.869583 | L37: 46.326667
A38: =+A37+1 -> 28 | B38: =+Base45h!B38 -> 45597 | C38: 148.89 | D38: 140.79208 | E38: 121.35167 | F38: 141.31833 | G38: 174.25917 | H38: 151.34542 | I38: 196.29917 | J38: 231.06625 | K38: 220.36792 | L38: 194.27542
A39: =+A38+1 -> 29 | B39: =+Base45h!B39 -> 45627 | C39: 350.60542 | D39: 294.06708 | E39: 277.81667 | F39: 316.19167 | G39: 347.85542 | H39: 342.06458 | I39: 414.43125 | J39: 493.71125 | K39: 442.71667 | L39: 429.12875
A40: =+A39+1 -> 30 | B40: Annual | C40: =SUM(C28:C39) -> 1396.4975 | D40: =SUM(D28:D39) -> 1156.7629 | E40: =SUM(E28:E39) -> 1066.7029 | F40: =SUM(F28:F39) -> 1234.87 | G40: =SUM(G28:G39) -> 1419.8825 | H40: =SUM(H28:H39) -> 1348.0958 | I40: =SUM(I28:I39) -> 1684.5029 | J40: =SUM(J28:J39) -> 2003.6971 | ... L40: =SUM(L28:L39) -> 1809.2337

Sheet Base65h
B1: =+Base45h!B1 -> PUC DOCKET NO.
B2: =+Base45h!B2 -> ONCOR ELECTRIC DELIVERY COMPANY LLC
B3: =+Base45h!B3 -> WEATHER STATION DATA
B4: =+Base45h!B4 -> FOR THE TEST YEAR ENDING DECEMBER 31, 2024
B6: =+Base45h!B6 -> SPONSOR: D. E. NELSON
B9: Calendar Actual Heating Degree Days by Weather Sites (Base 65)
A10: Line No. | C10: Dallas/ Fort Worth (MX) | D10: Lufkin (LU) | E10: Austin (AU) | F10: Killeen (KI) | G10: Longview (LO) | H10: Waco (WO) | I10: Abilene (AE) | J10: Wichita Falls (WF) | K10: Midland/ Odessa (MO) | L10: Denison (DE)
A11: 1 | B11: =+Base45h!B11 -> 45292 | C11: 704.3 | D11: 564.1 | E11: 574.3 | F11: 630.8 | G11: 642.4 | H11: 684.1 | I11: 723.2 | J11: 823.8 | K11: 749.3 | L11: 793.1
A12: =+A11+1 -> 2 | B12: =+Base45h!B12 -> 45323 | C12: 253.4 | D12: 207.4 | E12: 212.6 | F12: 229.9 | G12: 247.2 | H12: 258 | I12: 307 | J12: 370.5 | K12: 353.9 | L12: 319.8
A13: =+A12+1 -> 3 | B13: =+Base45h!B13 -> 45352 | C13: 153.1 | D13: 115.4 | E13: 104.6 | F13: 126.3 | G13: 161 | H13: 145.2 | I13: 206.6 | J13: 248.4 | K13: 218.9 | L13: 212
A14: =+A13+1 -> 4 | B14: =+Base45h!B14 -> 45383 | C14: 40.9 | D14: 29.4 | E14: 16.1 | F14: 29.7 | G14: 44.4 | H14: 43.6 | I14: 67.4 | J14: 82.5 | K14: 88.9 | L14: 76.7
A15: =+A14+1 -> 5 | B15: =+Base45h!B15 -> 45413 | C15: 0 | D15: 0 | E15: 0 | F15: 0 | G15: 0 | H15: 0 | I15: 0 | J15: 1.4 | K15: 1.5 | L15: 0
A16: =+A15+1 -> 6 | B16: =+Base45h!B16 -> 45444 | C16: 0 | D16: 0 | E16: 0 | F16: 0 | G16: 0 | H16: 0 | I16: 0 | J16: 0 | K16: 0 | L16: 0
A17: =+A16+1 -> 7 | B17: =+Base45h!B17 -> 45474 | C17: 0 | D17: 0 | E17: 0 | F17: 0 | G17: 0 | H17: 0 | I17: 0 | J17: 0 | K17: 0 | L17: 0
A18: =+A17+1 -> 8 | B18: =+Base45h!B18 -> 45505 | C18: 0 | D18: 0 | E18: 0 | F18: 0 | G18: 0 | H18: 0 | I18: 0 | J18: 0 | K18: 0 | L18: 0
A19: =+A18+1 -> 9 | B19: =+Base45h!B19 -> 45536 | C19: 0 | D19: 0 | E19: 0 | F19: 0 | G19: 0 | H19: 0 | I19: 0 | J19: 0 | K19: 0 | L19: 0
A20: =+A19+1 -> 10 | B20: =+Base45h!B20 -> 45566 | C20: 8.8 | D20: 19.6 | E20: 3.3 | F20: 6 | G20: 28.3 | H20: 9 | I20: 12.4 | J20: 24.1 | K20: 17.8 | L20: 17.4
A21: =+A20+1 -> 11 | B21: =+Base45h!B21 -> 45597 | C21: 148.6 | D21: 141.9 | E21: 115.6 | F21: 129 | G21: 167.9 | H21: 155 | I21: 202.6 | J21: 260.3 | K21: 264 | L21: 213.5
A22: =+A21+1 -> 12 | B22: =+Base45h!B22 -> 45627 | C22: 347.5 | D22: 304.9 | E22: 236.6 | F22: 268.6 | G22: 362.1 | H22: 312.4 | I22: 364.1 | J22: 481.4 | K22: 423.1 | L22: 436.7
A23: =+A22+1 -> 13 | B23: Annual | C23: =SUM(C11:C22) -> 1656.6 | D23: =SUM(D11:D22) -> 1382.7 | E23: =SUM(E11:E22) -> 1263.1 | F23: =SUM(F11:F22) -> 1420.3 | G23: =SUM(G11:G22) -> 1653.3 | H23: =SUM(H11:H22) -> 1607.3 | I23: =SUM(I11:I22) -> 1883.3 | J23: =SUM(J11:J22) -> 2292.4 | ... L23: =SUM(L11:L22) -> 2069.2
A24: =+A23+1 -> 14
A25: =+A24+1 -> 15
A26: =+A25+1 -> 16 | B26: Calendar Normal Heating Degree Days by Weather Sites (Base 65)
A27: =+A26+1 -> 17 | C27: Dallas/ Fort Worth (MX) | D27: Lufkin (LU) | E27: Austin (AU) | F27: Killeen (KI) | G27: Longview (LO) | H27: Waco (WO) | I27: Abilene (AE) | J27: Wichita Falls (WF) | K27: Midland/ Odessa (MO) | L27: Denison (DE)
A28: =+A27+1 -> 18 | B28: =+Base45h!B28 -> 45292 | C28: 549.265 | D28: 477.35875 | E28: 455.73625 | F28: 496.38792 | G28: 543.44333 | H28: 536.69458 | I28: 606.49375 | J28: 685.99125 | K28: 637.1175 | L28: 649.02958
A29: =+A28+1 -> 19 | B29: =+Base45h!B29 -> 45323 | C29: 439.97375 | D29: 359.36667 | E29: 344.97583 | F29: 388.73292 | G29: 428.10292 | H29: 416.21125 | I29: 492.33667 | J29: 570.97667 | K29: 488.87 | L29: 530.92625
A30: =+A29+1 -> 20 | B30: =+Base45h!B30 -> 45352 | C30: 203.15125 | D30: 170.41792 | E30: 150.72417 | F30: 177.35542 | G30: 215.97167 | H30: 196.99917 | I30: 246.8175 | J30: 296.81792 | K30: 248.69667 | L30: 285.47708
A31: =+A30+1 -> 21 | B31: =+Base45h!B31 -> 45383 | C31: 68.119583 | D31: 56.009167 | E31: 46.183333 | F31: 59.670833 | G31: 79.7625 | H31: 68.817917 | I31: 98.902917 | J31: 124.71292 | K31: 87.33875 | L31: 123.325
A32: =+A31+1 -> 22 | B32: =+Base45h!B32 -> 45413 | C32: 10.884583 | D32: 5.0233333 | E32: 4.4745833 | F32: 7.9079167 | G32: 10.304583 | H32: 8.4366667 | I32: 21.13625 | J32: 25.149167 | K32: 19.078333 | L32: 25.625833
A33: =+A32+1 -> 23 | B33: =+Base45h!B33 -> 45444 | C33: 0 | D33: 0 | E33: 0 | F33: 0 | G33: 0 | H33: 0 | I33: 0 | J33: 0 | K33: 0 | L33: 0
A34: =+A33+1 -> 24 | B34: =+Base45h!B34 -> 45474 | C34: 0 | D34: 0 | E34: 0 | F34: 0 | G34: 0 | H34: 0 | I34: 0 | J34: 0 | K34: 0.0875 | L34: 0
A35: =+A34+1 -> 25 | B35: =+Base45h!B35 -> 45505 | C35: 0 | D35: 0 | E35: 0 | F35: 0 | G35: 0 | H35: 0 | I35: 0 | J35: 0 | K35: 0 | L35: 0
A36: =+A35+1 -> 26 | B36: =+Base45h!B36 -> 45536 | C36: 0.37 | D36: 0.09 | E36: 0.4 | F36: 0.885 | G36: 0.425 | H36: 0.505 | I36: 4.6566667 | J36: 3.9220833 | K36: 6.045 | L36: 1.5208333
A37: =+A36+1 -> 27 | B37: =+Base45h!B37 -> 45566 | C37: 63.209583 | D37: 58.909167 | E37: 48.34875 | F37: 59.027917 | G37: 79.89125 | H37: 63.4725 | I37: 96.64625 | J37: 115.07 | K37: 98.08625 | L37: 98.635833
A38: =+A37+1 -> 28 | B38: =+Base45h!B38 -> 45597 | C38: 250.21167 | D38: 238.42333 | E38: 212.04583 | F38: 237.69917 | G38: 282.67708 | H38: 250.54042 | I38: 309.62542 | J38: 355.04917 | K38: 344.54333 | L38: 308.61667
A39: =+A38+1 -> 29 | B39: =+Base45h!B39 -> 45627 | C39: 488.51875 | D39: 419.45292 | E39: 404.695 | F39: 449.3 | G39: 480.93667 | H39: 478.19542 | I39: 557.61417 | J39: 643.64917 | K39: 593.71375 | L39: 574.10542
A40: =+A39+1 -> 30 | B40: Annual | C40: =SUM(C28:C39) -> 2073.7042 | D40: =SUM(D28:D39) -> 1785.0512 | E40: =SUM(E28:E39) -> 1667.5837 | F40: =SUM(F28:F39) -> 1876.9671 | G40: =SUM(G28:G39) -> 2121.515 | H40: =SUM(H28:H39) -> 2019.8729 | I40: =SUM(I28:I39) -> 2434.2296 | J40: =SUM(J28:J39) -> 2821.3383 | ... L40: =SUM(L28:L39) -> 2597.2625

Sheet Base50c
B1: =+Base45h!B1 -> PUC DOCKET NO.
B2: =+Base45h!B2 -> ONCOR ELECTRIC DELIVERY COMPANY LLC
B3: =+Base45h!B3 -> WEATHER STATION DATA
B4: =+Base45h!B4 -> FOR THE TEST YEAR ENDING DECEMBER 31, 2024
B6: =+Base45h!B6 -> SPONSOR: D. E. NELSON
B9: Calendar Actual Cooling Degree Days by Weather Sites (Base 50)
A10: Line No. | C10: Dallas/ Fort Worth (MX) | D10: Lufkin (LU) | E10: Austin (AU) | F10: Killeen (KI) | G10: Longview (LO) | H10: Waco (WO) | I10: Abilene (AE) | J10: Wichita Falls (WF) | K10: Midland/ Odessa (MO) | L10: Denison (DE)
A11: 1 | B11: =+Base45h!B11 -> 45292 | C11: 32.8 | D11: 74.9 | E11: 51.4 | F11: 41.4 | G11: 56.6 | H11: 20.5 | I11: 26 | J11: 14.8 | K11: 7.8 | L11: 20.4
A12: =+A11+1 -> 2 | B12: =+Base45h!B12 -> 45323 | C12: 246.6 | D12: 275.3 | E12: 265.1 | F12: 260.7 | G12: 250.3 | H12: 226.4 | I12: 222.6 | J12: 160.4 | K12: 155.8 | L12: 196.6
A13: =+A12+1 -> 3 | B13: =+Base45h!B13 -> 45352 | C13: 360.9 | D13: 410.3 | E13: 423.5 | F13: 395.5 | G13: 354.6 | H13: 366.9 | I13: 300.1 | J13: 260 | K13: 271.8 | L13: 297.5
A14: =+A13+1 -> 4 | B14: =+Base45h!B14 -> 45383 | C14: 561.6 | D14: 575.2 | E14: 612.4 | F14: 576.2 | G14: 548 | H14: 541 | I14: 544.4 | J14: 465.7 | K14: 495.7 | L14: 486.5
A15: =+A14+1 -> 5 | B15: =+Base45h!B15 -> 45413 | C15: 833.7 | D15: 809.6 | E15: 892.1 | F15: 817.3 | G15: 809.4 | H15: 805 | I15: 800.9 | J15: 744.1 | K15: 828.7 | L15: 762.4
A16: =+A15+1 -> 6 | B16: =+Base45h!B16 -> 45444 | C16: 1022.3 | D16: 953 | E16: 1012.2 | F16: 997.3 | G16: 943.9 | H16: 997.8 | I16: 1011.4 | J16: 890.9 | K16: 1024.6 | L16: 992.1
A17: =+A16+1 -> 7 | B17: =+Base45h!B17 -> 45474 | C17: 1078.3 | D17: 949 | E17: 1004.1 | F17: 1014.4 | G17: 958.8 | H17: 1031.2 | I17: 1071.5 | J17: 1046.7 | K17: 996.9 | L17: 1029.5
A18: =+A17+1 -> 8 | B18: =+Base45h!B18 -> 45505 | C18: 1195.3 | D18: 1055.8 | E18: 1095.5 | F18: 1134.1 | G18: 1047.2 | H18: 1137.4 | I18: 1205.8 | J18: 1191.1 | K18: 1125.9 | L18: 1115.1
A19: =+A18+1 -> 9 | B19: =+Base45h!B19 -> 45536 | C19: 877 | D19: 816.8 | E19: 931.9 | F19: 876.4 | G19: 793.7 | H19: 850.5 | I19: 796.1 | J19: 836 | K19: 740.9 | L19: 807.9
A20: =+A19+1 -> 10 | B20: =+Base45h!B20 -> 45566 | C20: 790.9 | D20: 671.9 | E20: 782.5 | F20: 787 | G20: 641 | H20: 757.6 | I20: 720.1 | J20: 703.8 | K20: 664.5 | L20: 717.7
A21: =+A20+1 -> 11 | B21: =+Base45h!B21 -> 45597 | C21: 356.6 | D21: 402.5 | E21: 432.7 | F21: 396.4 | G21: 343.6 | H21: 359.6 | I21: 281.1 | J21: 223.7 | K21: 222.5 | L21: 277.9
A22: =+A21+1 -> 12 | B22: =+Base45h!B22 -> 45627 | C22: 138.8 | D22: 201.5 | E22: 259.4 | F22: 223.8 | G22: 161.7 | H22: 181.2 | I22: 128.8 | J22: 61.5 | K22: 73.2 | L22: 91.4
A23: =+A22+1 -> 13 | B23: Annual | C23: =SUM(C11:C22) -> 7494.8 | D23: =SUM(D11:D22) -> 7195.8 | E23: =SUM(E11:E22) -> 7762.8 | F23: =SUM(F11:F22) -> 7520.5 | G23: =SUM(G11:G22) -> 6908.8 | H23: =SUM(H11:H22) -> 7275.1 | I23: =SUM(I11:I22) -> 7108.8 | J23: =SUM(J11:J22) -> 6598.7 | ... L23: =SUM(L11:L22) -> 6795
A24: =+A23+1 -> 14
A25: =+A24+1 -> 15
A26: =+A25+1 -> 16 | B26: Calendar Normal Cooling Degree Days by Weather Sites (Base 50)
A27: =+A26+1 -> 17 | C27: Dallas/ Fort Worth (MX) | D27: Lufkin (LU) | E27: Austin (AU) | F27: Killeen (KI) | G27: Longview (LO) | H27: Waco (WO) | I27: Abilene (AE) | J27: Wichita Falls (WF) | K27: Midland/ Odessa (MO) | L27: Denison (DE)
A28: =+A27+1 -> 18 | B28: =+Base45h!B28 -> 45292 | C28: 83.911667 | D28: 122.98292 | E28: 126.41 | F28: 108.12542 | G28: 93.79625 | H28: 87.374583 | I28: 65.456667 | J28: 41.679583 | K28: 41.4025 | L28: 54.042083
A29: =+A28+1 -> 19 | B29: =+Base45h!B29 -> 45323 | C29: 137.63125 | D29: 176.42375 | E29: 189.89292 | F29: 163.75083 | G29: 137.3725 | H29: 142.30583 | I29: 115.70667 | J29: 77.848333 | K29: 101.72792 | L29: 92.723333
A30: =+A29+1 -> 20 | B30: =+Base45h!B30 -> 45352 | C30: 336.67167 | D30: 366.065 | E30: 392.03208 | F30: 357.84292 | G30: 316.61458 | H30: 335.82625 | I30: 291.18083 | J30: 244.70583 | K30: 284.57792 | L30: 248.37792
A31: =+A30+1 -> 21 | B31: =+Base45h!B31 -> 45383 | C31: 499.44375 | D31: 515.5575 | E31: 546.61375 | F31: 514.8475 | G31: 467.45958 | H31: 498.94083 | I31: 467.27667 | J31: 416.375 | K31: 489.47875 | L31: 401.3425
A32: =+A31+1 -> 22 | B32: =+Base45h!B32 -> 45413 | C32: 763.28167 | D32: 756.34625 | E32: 788.43167 | F32: 751.98625 | G32: 722.05417 | H32: 757.725 | I32: 717.75 | J32: 691.5075 | K32: 755.78417 | L32: 660.775
A33: =+A32+1 -> 23 | B33: =+Base45h!B33 -> 45444 | C33: 996.71833 | D33: 932.3375 | E33: 966.51792 | F33: 958.32792 | G33: 921.55625 | H33: 979.61875 | I33: 933.02042 | J33: 939.8925 | K33: 972.55081 | L33: 917.34333
A34: =+A33+1 -> 24 | B34: =+Base45h!B34 -> 45474 | C34: 1127.5963 | D34: 1014.8317 | E34: 1052.3508 | F34: 1069.7254 | G34: 1026.6125 | H34: 1102.9029 | I34: 1048.7142 | J34: 1079.7013 | K34: 1036.2992 | L34: 1054.5658
A35: =+A34+1 -> 25 | B35: =+Base45h!B35 -> 45505 | C35: 1137.5504 | D35: 1030.9583 | E35: 1080.0346 | F35: 1086.57 | G35: 1037.4962 | H35: 1116.2929 | I35: 1042.9479 | J35: 1066.9421 | K35: 1011.4917 | L35: 1055.9663
A36: =+A35+1 -> 26 | B36: =+Base45h!B36 -> 45536 | C36: 900.20125 | D36: 842.16833 | E36: 877.4725 | F36: 860.82208 | G36: 826.06042 | H36: 881.95042 | I36: 796.8925 | J36: 806.47 | K36: 773.61042 | L36: 821.96917
A37: =+A36+1 -> 27 | B37: =+Base45h!B37 -> 45566 | C37: 582.83583 | D37: 570.13583 | E37: 613.57083 | F37: 586.30792 | G37: 524.54708 | H37: 583.16583 | I37: 512.22542 | J37: 471.70917 | K37: 493.85875 | L37: 499.14125
A38: =+A37+1 -> 28 | B38: =+Base45h!B38 -> 45597 | C38: 263.6725 | D38: 276.87125 | E38: 310.98542 | F38: 278.62875 | G38: 236.35208 | H38: 269.33417 | I38: 215.21125 | J38: 173.665 | K38: 175.8875 | L38: 210.01583
A39: =+A38+1 -> 29 | B39: =+Base45h!B39 -> 45627 | C39: 118.36042 | D39: 164.96125 | E39: 164.23833 | F39: 140.1825 | G39: 131.235 | H39: 124.24583 | I39: 92.296667 | J39: 53.294167 | K39: 58.870417 | L39: 80.635
A40: =+A39+1 -> 30 | B40: Annual | C40: =SUM(C28:C39) -> 6947.875 | D40: =SUM(D28:D39) -> 6769.6396 | E40: =SUM(E28:E39) -> 7108.5508 | F40: =SUM(F28:F39) -> 6877.1175 | G40: =SUM(G28:G39) -> 6441.1567 | H40: =SUM(H28:H39) -> 6879.6833 | I40: =SUM(I28:I39) -> 6298.6792 | J40: =SUM(J28:J39) -> 6063.7904 | ... L40: =SUM(L28:L39) -> 6096.8975

Sheet Base55c
B1: =+Base45h!B1 -> PUC DOCKET NO.
B2: =+Base45h!B2 -> ONCOR ELECTRIC DELIVERY COMPANY LLC
B3: =+Base45h!B3 -> WEATHER STATION DATA
B4: =+Base45h!B4 -> FOR THE TEST YEAR ENDING DECEMBER 31, 2024
B6: =+Base45h!B6 -> SPONSOR: D. E. NELSON
B9: Calendar Actual Cooling Degree Days by Weather Sites (Base 55)
A10: Line No. | C10: Dallas/ Fort Worth (MX) | D10: Lufkin (LU) | E10: Austin (AU) | F10: Killeen (KI) | G10: Longview (LO) | H10: Waco (WO) | I10: Abilene (AE) | J10: Wichita Falls (WF) | K10: Midland/ Odessa (MO) | L10: Denison (DE)
A11: 1 | B11: =+Base45h!B11 -> 45292 | C11: 11 | D11: 30.2 | E11: 5.4 | F11: 10.3 | G11: 19.2 | H11: 0.1 | I11: 4 | J11: 0.8 | K11: 0 | L11: 2.7
A12: =+A11+1 -> 2 | B12: =+Base45h!B12 -> 45323 | C12: 143.4 | D12: 163.6 | E12: 154.8 | F12: 154.3 | G12: 143.1 | H12: 125.9 | I12: 121.6 | J12: 80.4 | K12: 75.2 | L12: 106.5
A13: =+A12+1 -> 3 | B13: =+Base45h!B13 -> 45352 | C13: 224.5 | D13: 262.8 | E13: 276.8 | F13: 254.4 | G13: 224.9 | H13: 236 | I13: 174 | J13: 154.5 | K13: 155.5 | L13: 176.8
A14: =+A13+1 -> 4 | B14: =+Base45h!B14 -> 45383 | C14: 412.3 | D14: 425.2 | E14: 462.4 | F14: 426.2 | G14: 398.5 | H14: 391 | I14: 398.7 | J14: 320.1 | K14: 358.1 | L14: 340.7
A15: =+A14+1 -> 5 | B15: =+Base45h!B15 -> 45413 | C15: 678.7 | D15: 654.6 | E15: 737.1 | F15: 662.3 | G15: 654.4 | H15: 650 | I15: 645.9 | J15: 589.1 | K15: 673.7 | L15: 607.4
A16: =+A15+1 -> 6 | B16: =+Base45h!B16 -> 45444 | C16: 872.3 | D16: 803 | E16: 862.2 | F16: 847.3 | G16: 793.9 | H16: 847.8 | I16: 861.4 | J16: 755.9 | K16: 874.6 | L16: 842.1
A17: =+A16+1 -> 7 | B17: =+Base45h!B17 -> 45474 | C17: 923.3 | D17: 794 | E17: 849.1 | F17: 859.4 | G17: 803.8 | H17: 876.2 | I17: 916.5 | J17: 891.7 | K17: 841.9 | L17: 874.5
A18: =+A17+1 -> 8 | B18: =+Base45h!B18 -> 45505 | C18: 1040.3 | D18: 900.8 | E18: 940.5 | F18: 979.1 | G18: 892.2 | H18: 982.4 | I18: 1050.8 | J18: 1036.1 | K18: 970.9 | L18: 960.1
A19: =+A18+1 -> 9 | B19: =+Base45h!B19 -> 45536 | C19: 727 | D19: 666.8 | E19: 781.9 | F19: 726.4 | G19: 643.7 | H19: 700.5 | I19: 646.1 | J19: 686 | K19: 590.9 | L19: 657.9
A20: =+A19+1 -> 10 | B20: =+Base45h!B20 -> 45566 | C20: 635.9 | D20: 516.9 | E20: 627.5 | F20: 632 | G20: 486 | H20: 602.6 | I20: 565.1 | J20: 548.8 | K20: 509.5 | L20: 562.7
A21: =+A20+1 -> 11 | B21: =+Base45h!B21 -> 45597 | C21: 228.4 | D21: 274.7 | E21: 296.5 | F21: 267.7 | G21: 225.6 | H21: 236 | I21: 164.9 | J21: 115.1 | K21: 120.1 | L21: 163.2
A22: =+A21+1 -> 12 | B22: =+Base45h!B22 -> 45627 | C22: 62.9 | D22: 109.9 | E22: 149.4 | F22: 127.1 | G22: 85.4 | H22: 93.7 | I22: 56.1 | J22: 16.6 | K22: 19.2 | L22: 31.7
A23: =+A22+1 -> 13 | B23: Annual | C23: =SUM(C11:C22) -> 5960 | D23: =SUM(D11:D22) -> 5602.5 | E23: =SUM(E11:E22) -> 6143.6 | F23: =SUM(F11:F22) -> 5946.5 | G23: =SUM(G11:G22) -> 5370.7 | H23: =SUM(H11:H22) -> 5742.2 | I23: =SUM(I11:I22) -> 5605.1 | J23: =SUM(J11:J22) -> 5195.1 | ... L23: =SUM(L11:L22) -> 5326.3
A24: =+A23+1 -> 14
A25: =+A24+1 -> 15
A26: =+A25+1 -> 16 | B26: Calendar Normal Cooling Degree Days by Weather Sites (Base 55)
A27: =+A26+1 -> 17 | C27: Dallas/ Fort Worth (MX) | D27: Lufkin (LU) | E27: Austin (AU) | F27: Killeen (KI) | G27: Longview (LO) | H27: Waco (WO) | I27: Abilene (AE) | J27: Wichita Falls (WF) | K27: Midland/ Odessa (MO) | L27: Denison (DE)
A28: =+A27+1 -> 18 | B28: =+Base45h!B28 -> 45292 | C28: 39.593333 | D28: 65.260417 | E28: 63.51875 | F28: 52.130833 | G28: 47.009583 | H28: 41.225833 | I28: 26.79625 | J28: 16.6925 | K28: 11.027917 | L28: 23.476667
A29: =+A28+1 -> 19 | B29: =+Base45h!B29 -> 45323 | C29: 75.829167 | D29: 101.235 | E29: 108.44417 | F29: 92.06875 | G29: 75.66875 | H29: 76.795417 | I29: 58.535833 | J29: 35.132917 | K29: 45.25125 | L29: 44.605
A30: =+A29+1 -> 20 | B30: =+Base45h!B30 -> 45352 | C30: 211.12583 | D30: 236.30833 | E30: 258.42042 | F30: 228.22958 | G30: 195.62333 | H30: 211.12833 | I30: 177.81958 | J30: 141.74417 | K30: 170.95708 | L30: 142.48125
A31: =+A30+1 -> 21 | B31: =+Base45h!B31 -> 45383 | C31: 356.90958 | D31: 369.91792 | E31: 400.07333 | F31: 370.74708 | G31: 325.75208 | H31: 356.13333 | I31: 329.86958 | J31: 281.4325 | K31: 350.41708 | L31: 265.67375
A32: =+A31+1 -> 22 | B32: =+Base45h!B32 -> 45413 | C32: 608.85542 | D32: 601.39625 | E32: 633.58667 | F32: 597.36125 | G32: 567.39417 | H32: 603.14 | I32: 564.26958 | J32: 538.19042 | K32: 602.2575 | L32: 507.785
A33: =+A32+1 -> 23 | B33: =+Base45h!B33 -> 45444 | C33: 846.71833 | D33: 782.3375 | E33: 816.51792 | F33: 808.32792 | G33: 771.55625 | H33: 829.61875 | I33: 783.02042 | J33: 789.8925 | K33: 822.55081 | L33: 767.34333
A34: =+A33+1 -> 24 | B34: =+Base45h!B34 -> 45474 | C34: 972.59625 | D34: 859.83167 | E34: 897.35083 | F34: 914.72542 | G34: 871.6125 | H34: 947.90292 | I34: 893.71417 | J34: 924.70125 | K34: 881.29917 | L34: 899.56583
A35: =+A34+1 -> 25 | B35: =+Base45h!B35 -> 45505 | C35: 982.55042 | D35: 875.95833 | E35: 925.03458 | F35: 931.57 | G35: 882.49625 | H35: 961.29292 | I35: 887.94792 | J35: 911.94208 | K35: 856.49167 | L35: 900.96625
A36: =+A35+1 -> 26 | B36: =+Base45h!B36 -> 45536 | C36: 750.20125 | D36: 692.16833 | E36: 727.4725 | F36: 710.82208 | G36: 676.06042 | H36: 731.95042 | I36: 647.2425 | J36: 656.545 | K36: 624.23042 | L36: 671.96917
A37: =+A36+1 -> 27 | B37: =+Base45h!B37 -> 45566 | C37: 434.29792 | D37: 419.45875 | E37: 462.69542 | F37: 437.18208 | G37: 377.32833 | H37: 434.48542 | I37: 370.03542 | J37: 330.91875 | K37: 351.10042 | L37: 356.31167
A38: =+A37+1 -> 28 | B38: =+Base45h!B38 -> 45597 | C38: 157.47917 | D38: 169.49417 | E38: 196.78083 | F38: 170.39708 | G38: 137.97 | H38: 164.39042 | I38: 120.17208 | J38: 90.391667 | K38: 87.79 | L38: 117.16708
A39: =+A38+1 -> 29 | B39: =+Base45h!B39 -> 45627 | C39: 60.00875 | D39: 97.028333 | E39: 92.021667 | F39: 75.149583 | G39: 74.210833 | H39: 66.440833 | I39: 41.421667 | J39: 20.955 | K39: 20.78125 | L39: 36.83125
A40: =+A39+1 -> 30 | B40: Annual | C40: =SUM(C28:C39) -> 5496.1654 | D40: =SUM(D28:D39) -> 5270.395 | E40: =SUM(E28:E39) -> 5581.9171 | F40: =SUM(F28:F39) -> 5388.7117 | G40: =SUM(G28:G39) -> 5002.6825 | H40: =SUM(H28:H39) -> 5424.5046 | I40: =SUM(I28:I39) -> 4900.845 | J40: =SUM(J28:J39) -> 4738.5387 | ... L40: =SUM(L28:L39) -> 4734.1763

Sheet Base60c
B1: =+Base45h!B1 -> PUC DOCKET NO.
B2: =+Base45h!B2 -> ONCOR ELECTRIC DELIVERY COMPANY LLC
B3: =+Base45h!B3 -> WEATHER STATION DATA
B4: =+Base45h!B4 -> FOR THE TEST YEAR ENDING DECEMBER 31, 2024
B6: =+Base45h!B6 -> SPONSOR: D. E. NELSON
B9: Calendar Actual Cooling Degree Days by Weather Sites (Base 60)
A10: Line No. | C10: Dallas/ Fort Worth (MX) | D10: Lufkin (LU) | E10: Austin (AU) | F10: Killeen (KI) | G10: Longview (LO) | H10: Waco (WO) | I10: Abilene (AE) | J10: Wichita Falls (WF) | K10: Midland/ Odessa (MO) | L10: Denison (DE)
A11: 1 | B11: =+Base45h!B11 -> 45292 | C11: 0.7 | D11: 5.4 | E11: 0 | F11: 0 | G11: 0 | H11: 0 | I11: 0 | J11: 0 | K11: 0 | L11: 0
A12: =+A11+1 -> 2 | B12: =+Base45h!B12 -> 45323 | C12: 67.9 | D12: 72.9 | E12: 72.6 | F12: 70.2 | G12: 67.9 | H12: 53 | I12: 64.8 | J12: 37.5 | K12: 33.7 | L12: 44.4
A13: =+A12+1 -> 3 | B13: =+Base45h!B13 -> 45352 | C13: 112.2 | D13: 142.6 | E13: 152.8 | F13: 138.2 | G13: 118.9 | H13: 123.2 | I13: 84.4 | J13: 78 | K13: 66.5 | L13: 82.3
A14: =+A13+1 -> 4 | B14: =+Base45h!B14 -> 45383 | C14: 269.7 | D14: 278.7 | E14: 314 | F14: 281.1 | G14: 260.3 | H14: 247 | I14: 268.4 | J14: 196.9 | K14: 236.6 | L14: 215.7
A15: =+A14+1 -> 5 | B15: =+Base45h!B15 -> 45413 | C15: 523.7 | D15: 499.6 | E15: 582.1 | F15: 507.3 | G15: 499.4 | H15: 495 | I15: 490.9 | J15: 434.1 | K15: 518.7 | L15: 452.4
A16: =+A15+1 -> 6 | B16: =+Base45h!B16 -> 45444 | C16: 722.3 | D16: 653 | E16: 712.2 | F16: 697.3 | G16: 643.9 | H16: 697.8 | I16: 711.4 | J16: 620.9 | K16: 724.6 | L16: 692.1
A17: =+A16+1 -> 7 | B17: =+Base45h!B17 -> 45474 | C17: 768.3 | D17: 639 | E17: 694.1 | F17: 704.4 | G17: 648.8 | H17: 721.2 | I17: 761.5 | J17: 736.7 | K17: 686.9 | L17: 719.5
A18: =+A17+1 -> 8 | B18: =+Base45h!B18 -> 45505 | C18: 885.3 | D18: 745.8 | E18: 785.5 | F18: 824.1 | G18: 737.2 | H18: 827.4 | I18: 895.8 | J18: 881.1 | K18: 815.9 | L18: 805.1
A19: =+A18+1 -> 9 | B19: =+Base45h!B19 -> 45536 | C19: 577 | D19: 516.8 | E19: 631.9 | F19: 576.4 | G19: 493.7 | H19: 550.5 | I19: 496.1 | J19: 536 | K19: 440.9 | L19: 507.9
A20: =+A19+1 -> 10 | B20: =+Base45h!B20 -> 45566 | C20: 480.9 | D20: 366.5 | E20: 472.5 | F20: 477 | G20: 339 | H20: 449 | I20: 410.1 | J20: 402.9 | K20: 356.8 | L20: 412.1
A21: =+A20+1 -> 11 | B21: =+Base45h!B21 -> 45597 | C21: 120.6 | D21: 170.1 | E21: 187.2 | F21: 155.4 | G21: 124.7 | H21: 132 | I21: 69 | J21: 36.2 | K21: 52.5 | L21: 65.2
A22: =+A21+1 -> 12 | B22: =+Base45h!B22 -> 45627 | C22: 19.9 | D22: 48.5 | E22: 74.8 | F22: 60.1 | G22: 32.4 | H22: 37.2 | I22: 12.6 | J22: 0 | K22: 1.2 | L22: 6.1
A23: =+A22+1 -> 13 | B23: Annual | C23: =SUM(C11:C22) -> 4548.5 | D23: =SUM(D11:D22) -> 4138.9 | E23: =SUM(E11:E22) -> 4679.7 | F23: =SUM(F11:F22) -> 4491.5 | G23: =SUM(G11:G22) -> 3966.2 | H23: =SUM(H11:H22) -> 4333.3 | I23: =SUM(I11:I22) -> 4265 | J23: =SUM(J11:J22) -> 3960.3 | ... L23: =SUM(L11:L22) -> 4002.8
A24: =+A23+1 -> 14
A25: =+A24+1 -> 15
A26: =+A25+1 -> 16 | B26: Calendar Normal Cooling Degree Days by Weather Sites (Base 60)
A27: =+A26+1 -> 17 | C27: Dallas/ Fort Worth (MX) | D27: Lufkin (LU) | E27: Austin (AU) | F27: Killeen (KI) | G27: Longview (LO) | H27: Waco (WO) | I27: Abilene (AE) | J27: Wichita Falls (WF) | K27: Midland/ Odessa (MO) | L27: Denison (DE)
A28: =+A27+1 -> 18 | B28: =+Base45h!B28 -> 45292 | C28: 15.10375 | D28: 28.914167 | E28: 27.311667 | F28: 20.452917 | G28: 19.522083 | H28: 15.06875 | I28: 7.0304167 | J28: 4.13375 | K28: 1.1341667 | L28: 7.5991667
A29: =+A28+1 -> 19 | B29: =+Base45h!B29 -> 45323 | C29: 33.699583 | D29: 48.889583 | E29: 54.298333 | F29: 43.047917 | G29: 34.504167 | H29: 32.929583 | I29: 21.496667 | J29: 11.489583 | K29: 14.339583 | L29: 15.87125
A30: =+A29+1 -> 20 | B30: =+Base45h!B30 -> 45352 | C30: 113.83417 | D30: 130.24792 | E30: 146.12875 | F30: 122.87 | G30: 102.80875 | H30: 111.44167 | I30: 93.0075 | J30: 71.182917 | K30: 86.6 | L30: 68.035
A31: =+A30+1 -> 21 | B31: =+Base45h!B31 -> 45383 | C31: 224.65083 | D31: 234.82583 | E31: 262.51417 | F31: 236.22 | G31: 197.08542 | H31: 223.85125 | I31: 206.88542 | J31: 166.2275 | K31: 224.80833 | L31: 151.91583
A32: =+A31+1 -> 22 | B32: =+Base45h!B32 -> 45413 | C32: 456.35917 | D32: 447.04583 | E32: 479.28875 | F32: 443.895 | G32: 413.985 | H32: 449.67083 | I32: 414.44583 | J32: 389.14458 | K32: 452.025 | L32: 358.67375
A33: =+A32+1 -> 23 | B33: =+Base45h!B33 -> 45444 | C33: 696.71833 | D33: 632.3375 | E33: 666.51792 | F33: 658.32792 | G33: 621.55625 | H33: 679.61875 | I33: 633.02042 | J33: 639.8925 | K33: 672.55081 | L33: 617.34333
A34: =+A33+1 -> 24 | B34: =+Base45h!B34 -> 45474 | C34: 817.59625 | D34: 704.83167 | E34: 742.35083 | F34: 759.72542 | G34: 716.6125 | H34: 792.90292 | I34: 738.71417 | J34: 769.70125 | K34: 726.29917 | L34: 744.56583
A35: =+A34+1 -> 25 | B35: =+Base45h!B35 -> 45505 | C35: 827.55042 | D35: 720.95833 | E35: 770.03458 | F35: 776.57 | G35: 727.49625 | H35: 806.29292 | I35: 732.94792 | J35: 756.94208 | K35: 701.49167 | L35: 745.96625
A36: =+A35+1 -> 26 | B36: =+Base45h!B36 -> 45536 | C36: 600.20125 | D36: 542.16833 | E36: 577.4725 | F36: 560.86208 | G36: 526.06042 | H36: 581.95042 | I36: 497.9925 | J36: 507.105 | K36: 475.24542 | L36: 521.97917
A37: =+A36+1 -> 27 | B37: =+Base45h!B37 -> 45566 | C37: 295.93792 | D37: 281.41833 | E37: 320.74167 | F37: 298.17583 | G37: 245.22333 | H37: 296.96542 | I37: 240.38458 | J37: 207.66917 | K37: 222.32042 | L37: 229.48792
A38: =+A37+1 -> 28 | B38: =+Base45h!B38 -> 45597 | C38: 78.928333 | D38: 89.537083 | E38: 108.82083 | F38: 88.110833 | G38: 68.302917 | H38: 84.87 | I38: 54.035 | J38: 37.624583 | K38: 33.517917 | L38: 52.365417
A39: =+A38+1 -> 29 | B39: =+Base45h!B39 -> 45627 | C39: 25.556667 | D39: 49.51375 | E39: 44.15375 | F39: 32.98625 | G39: 34.468333 | H39: 29.043333 | I39: 14.852917 | J39: 6.6141667 | K39: 4.2545833 | L39: 13.380417
A40: =+A39+1 -> 30 | B40: Annual | C40: =SUM(C28:C39) -> 4186.1367 | D40: =SUM(D28:D39) -> 3910.6883 | E40: =SUM(E28:E39) -> 4199.6338 | F40: =SUM(F28:F39) -> 4041.2442 | G40: =SUM(G28:G39) -> 3707.6254 | H40: =SUM(H28:H39) -> 4104.6058 | I40: =SUM(I28:I39) -> 3654.8133 | J40: =SUM(J28:J39) -> 3567.7271 | ... L40: =SUM(L28:L39) -> 3527.1833

Sheet Base65c
B1: =+Base45h!B1 -> PUC DOCKET NO.
B2: =+Base45h!B2 -> ONCOR ELECTRIC DELIVERY COMPANY LLC
B3: =+Base45h!B3 -> WEATHER STATION DATA
B4: =+Base45h!B4 -> FOR THE TEST YEAR ENDING DECEMBER 31, 2024
B6: =+Base45h!B6 -> SPONSOR: D. E. NELSON
B9: Calendar Actual Cooling Degree Days by Weather Sites (Base 65)
A10: Line No. | C10: Dallas/ Fort Worth (MX) | D10: Lufkin (LU) | E10: Austin (AU) | F10: Killeen (KI) | G10: Longview (LO) | H10: Waco (WO) | I10: Abilene (AE) | J10: Wichita Falls (WF) | K10: Midland/ Odessa (MO) | L10: Denison (DE)
A11: 1 | B11: =+Base45h!B11 -> 45292 | C11: 0 | D11: 0 | E11: 0 | F11: 0 | G11: 0 | H11: 0 | I11: 0 | J11: 0 | K11: 0 | L11: 0
A12: =+A11+1 -> 2 | B12: =+Base45h!B12 -> 45323 | C12: 28.7 | D12: 25.7 | E12: 20.3 | F12: 27.1 | G12: 29.4 | H12: 19 | I12: 32.4 | J12: 15.4 | K12: 11 | L12: 19.1
A13: =+A12+1 -> 3 | B13: =+Base45h!B13 -> 45352 | C13: 47.4 | D13: 60.7 | E13: 63.1 | F13: 55.9 | G13: 49.7 | H13: 46.8 | I13: 31.3 | J13: 27.5 | K13: 14 | L13: 32.6
A14: =+A13+1 -> 4 | B14: =+Base45h!B14 -> 45383 | C14: 152.5 | D14: 154.6 | E14: 178.5 | F14: 155.9 | G14: 142.4 | H14: 134.6 | I14: 161.8 | J14: 98.2 | K14: 134.3 | L14: 113.2
A15: =+A14+1 -> 5 | B15: =+Base45h!B15 -> 45413 | C15: 368.7 | D15: 344.6 | E15: 427.1 | F15: 352.3 | G15: 344.4 | H15: 340 | I15: 335.9 | J15: 280.5 | K15: 365.2 | L15: 297.4
A16: =+A15+1 -> 6 | B16: =+Base45h!B16 -> 45444 | C16: 572.3 | D16: 503 | E16: 562.2 | F16: 547.3 | G16: 493.9 | H16: 547.8 | I16: 561.4 | J16: 485.9 | K16: 574.6 | L16: 542.1
A17: =+A16+1 -> 7 | B17: =+Base45h!B17 -> 45474 | C17: 613.3 | D17: 484 | E17: 539.1 | F17: 549.4 | G17: 493.8 | H17: 566.2 | I17: 606.5 | J17: 581.7 | K17: 531.9 | L17: 564.5
A18: =+A17+1 -> 8 | B18: =+Base45h!B18 -> 45505 | C18: 730.3 | D18: 590.8 | E18: 630.5 | F18: 669.1 | G18: 582.2 | H18: 672.4 | I18: 740.8 | J18: 726.1 | K18: 660.9 | L18: 650.1
A19: =+A18+1 -> 9 | B19: =+Base45h!B19 -> 45536 | C19: 427 | D19: 366.8 | E19: 481.9 | F19: 426.4 | G19: 343.7 | H19: 400.5 | I19: 346.1 | J19: 386 | K19: 290.9 | L19: 357.9
A20: =+A19+1 -> 10 | B20: =+Base45h!B20 -> 45566 | C20: 334.7 | D20: 226.5 | E20: 320.8 | F20: 328 | G20: 204.3 | H20: 301.6 | I20: 267.5 | J20: 262.9 | K20: 217.3 | L20: 270.1
A21: =+A20+1 -> 11 | B21: =+Base45h!B21 -> 45597 | C21: 42.6 | D21: 82.7 | E21: 95.9 | F21: 69.3 | G21: 46.5 | H21: 54.8 | I21: 17.5 | J21: 3.8 | K21: 14.9 | L21: 19.9
A22: =+A21+1 -> 12 | B22: =+Base45h!B22 -> 45627 | C22: 3.2 | D22: 16 | E22: 30.3 | F22: 20.9 | G22: 12.4 | H22: 8.6 | I22: 0 | J22: 0 | K22: 0 | L22: 1
A23: =+A22+1 -> 13 | B23: Annual | C23: =SUM(C11:C22) -> 3320.7 | D23: =SUM(D11:D22) -> 2855.4 | E23: =SUM(E11:E22) -> 3349.7 | F23: =SUM(F11:F22) -> 3201.6 | G23: =SUM(G11:G22) -> 2742.7 | H23: =SUM(H11:H22) -> 3092.3 | I23: =SUM(I11:I22) -> 3101.2 | J23: =SUM(J11:J22) -> 2868 | ... L23: =SUM(L11:L22) -> 2867.9
A24: =+A23+1 -> 14
A25: =+A24+1 -> 15
A26: =+A25+1 -> 16 | B26: Calendar Normal Cooling Degree Days by Weather Sites (Base 65)
A27: =+A26+1 -> 17 | C27: Dallas/ Fort Worth (MX) | D27: Lufkin (LU) | E27: Austin (AU) | F27: Killeen (KI) | G27: Longview (LO) | H27: Waco (WO) | I27: Abilene (AE) | J27: Wichita Falls (WF) | K27: Midland/ Odessa (MO) | L27: Denison (DE)
A28: =+A27+1 -> 18 | B28: =+Base45h!B28 -> 45292 | C28: 3.71 | D28: 9.1066667 | E28: 7.9720833 | F28: 4.6475 | G28: 5.3233333 | H28: 3.2895833 | I28: 0.37708333 | J28: 0.50333333 | K28: 0 | L28: 1.0954167
A29: =+A28+1 -> 19 | B29: =+Base45h!B29 -> 45323 | C29: 9.9866667 | D29: 17.442917 | E29: 19.8325 | F29: 12.465417 | G29: 11.393333 | H29: 8.3704167 | I29: 4.5441667 | J29: 2.94 | K29: 2.275 | L29: 3.5108333
A30: =+A29+1 -> 20 | B30: =+Base45h!B30 -> 45352 | C30: 47.555833 | D30: 55.865833 | E30: 65.229167 | F30: 50.278333 | G30: 41.764167 | H30: 44.41 | I30: 36.046667 | J30: 27.055417 | K30: 32.261667 | L30: 23.77125
A31: =+A30+1 -> 21 | B31: =+Base45h!B31 -> 45383 | C31: 114.70292 | D31: 120.09292 | E31: 141.67208 | F31: 122.21333 | G31: 94.94625 | H31: 115.37875 | I31: 109.10833 | J31: 81.687083 | K31: 121.18167 | L31: 67.545
A32: =+A31+1 -> 22 | B32: =+Base45h!B32 -> 45413 | C32: 309.10625 | D32: 296.36958 | E32: 327.90625 | F32: 294.80917 | G32: 267.35875 | H32: 301.16167 | I32: 273.62625 | J32: 251.33125 | K32: 309.4075 | L32: 221.06333
A33: =+A32+1 -> 23 | B33: =+Base45h!B33 -> 45444 | C33: 546.71833 | D33: 482.3375 | E33: 516.51792 | F33: 508.32792 | G33: 471.55625 | H33: 529.61875 | I33: 483.02042 | J33: 489.8925 | K33: 522.55081 | L33: 467.34333
A34: =+A33+1 -> 24 | B34: =+Base45h!B34 -> 45474 | C34: 662.59625 | D34: 549.83167 | E34: 587.35083 | F34: 604.72542 | G34: 561.6125 | H34: 637.90292 | I34: 583.71417 | J34: 614.70125 | K34: 571.38667 | L34: 589.56583
A35: =+A34+1 -> 25 | B35: =+Base45h!B35 -> 45505 | C35: 672.55042 | D35: 565.95833 | E35: 615.03458 | F35: 621.57 | G35: 572.49625 | H35: 651.29292 | I35: 577.94792 | J35: 601.94208 | K35: 546.49167 | L35: 590.96625
A36: =+A35+1 -> 26 | B36: =+Base45h!B36 -> 45536 | C36: 450.57125 | D36: 392.25833 | E36: 427.8725 | F36: 411.70708 | G36: 376.48542 | H36: 432.45542 | I36: 351.54917 | J36: 360.39208 | K36: 329.58542 | L36: 373.49
A37: =+A36+1 -> 27 | B37: =+Base45h!B37 -> 45566 | C37: 177.12542 | D37: 162.645 | E37: 195.57958 | F37: 177.01083 | G37: 137.05125 | H37: 178.26333 | I37: 134.20875 | J37: 111.76375 | K37: 117.53708 | L37: 126.79708
A38: =+A37+1 -> 28 | B38: =+Base45h!B38 -> 45597 | C38: 30.25 | D38: 37.168333 | E38: 49.515 | F38: 34.491667 | G38: 26.720833 | H38: 34.065 | I38: 17.36125 | J38: 11.6075 | K38: 7.6933333 | L38: 16.706667
A39: =+A38+1 -> 29 | B39: =+Base45h!B39 -> 45627 | C39: 8.47 | D39: 19.899583 | E39: 16.032083 | F39: 11.094583 | G39: 12.549583 | H39: 10.174167 | I39: 3.0358333 | J39: 1.5520833 | K39: 0.25166667 | L39: 3.3570833
A40: =+A39+1 -> 30 | B40: Annual | C40: =SUM(C28:C39) -> 3033.3433 | D40: =SUM(D28:D39) -> 2708.9767 | E40: =SUM(E28:E39) -> 2970.5146 | F40: =SUM(F28:F39) -> 2853.3413 | G40: =SUM(G28:G39) -> 2579.2579 | H40: =SUM(H28:H39) -> 2946.3829 | I40: =SUM(I28:I39) -> 2574.54 | J40: =SUM(J28:J39) -> 2555.3683 | ... L40: =SUM(L28:L39) -> 2485.2121

Sheet Base70c
B1: =+Base45h!B1 -> PUC DOCKET NO.
B2: =+Base45h!B2 -> ONCOR ELECTRIC DELIVERY COMPANY LLC
B3: =+Base45h!B3 -> WEATHER STATION DATA
B4: =+Base45h!B4 -> FOR THE TEST YEAR ENDING DECEMBER 31, 2024
B6: =+Base45h!B6 -> SPONSOR: D. E. NELSON
B9: Calendar Actual Cooling Degree Days by Weather Sites (Base 70)
A10: Line No. | C10: Dallas/ Fort Worth (MX) | D10: Lufkin (LU) | E10: Austin (AU) | F10: Killeen (KI) | G10: Longview (LO) | H10: Waco (WO) | I10: Abilene (AE) | J10: Wichita Falls (WF) | K10: Midland/ Odessa (MO) | L10: Denison (DE)
A11: 1 | B11: =+Base45h!B11 -> 45292 | C11: 0 | D11: 0 | E11: 0 | F11: 0 | G11: 0 | H11: 0 | I11: 0 | J11: 0 | K11: 0 | L11: 0
A12: =+A11+1 -> 2 | B12: =+Base45h!B12 -> 45323 | C12: 6.9 | D12: 8.1 | E12: 3.5 | F12: 5 | G12: 8.8 | H12: 1 | I12: 12.1 | J12: 3.2 | K12: 0.2 | L12: 2.7
A13: =+A12+1 -> 3 | B13: =+Base45h!B13 -> 45352 | C13: 11.1 | D13: 13.9 | E13: 11.9 | F13: 11.4 | G13: 10.4 | H13: 6.9 | I13: 1.9 | J13: 1.9 | K13: 0.5 | L13: 5.4
A14: =+A13+1 -> 4 | B14: =+Base45h!B14 -> 45383 | C14: 58 | D14: 58.9 | E14: 82.5 | F14: 60.2 | G14: 53.9 | H14: 46.9 | I14: 65.9 | J14: 26.5 | K14: 53.3 | L14: 33.3
A15: =+A14+1 -> 5 | B15: =+Base45h!B15 -> 45413 | C15: 217.5 | D15: 194.4 | E15: 272.1 | F15: 204.4 | G15: 193.6 | H15: 189.8 | I15: 193.6 | J15: 142.4 | K15: 227 | L15: 154.1
A16: =+A15+1 -> 6 | B16: =+Base45h!B16 -> 45444 | C16: 422.3 | D16: 353 | E16: 412.2 | F16: 397.3 | G16: 343.9 | H16: 397.8 | I16: 411.4 | J16: 350.9 | K16: 424.6 | L16: 392.1
A17: =+A16+1 -> 7 | B17: =+Base45h!B17 -> 45474 | C17: 458.3 | D17: 329 | E17: 384.1 | F17: 394.4 | G17: 338.8 | H17: 411.2 | I17: 451.5 | J17: 426.7 | K17: 377.5 | L17: 409.5
A18: =+A17+1 -> 8 | B18: =+Base45h!B18 -> 45505 | C18: 575.3 | D18: 435.8 | E18: 475.5 | F18: 514.1 | G18: 427.2 | H18: 517.4 | I18: 585.8 | J18: 571.1 | K18: 505.9 | L18: 495.1
A19: =+A18+1 -> 9 | B19: =+Base45h!B19 -> 45536 | C19: 277 | D19: 216.8 | E19: 331.9 | F19: 276.4 | G19: 194.1 | H19: 251.2 | I19: 200.3 | J19: 237.7 | K19: 152.1 | L19: 207.9
A20: =+A19+1 -> 10 | B20: =+Base45h!B20 -> 45566 | C20: 199.7 | D20: 107.6 | E20: 179.8 | F20: 187.3 | G20: 87.7 | H20: 166.8 | I20: 138.4 | J20: 142.5 | K20: 93.8 | L20: 142
A21: =+A20+1 -> 11 | B21: =+Base45h!B21 -> 45597 | C21: 10.8 | D21: 23.7 | E21: 40.9 | F21: 17.4 | G21: 13.3 | H21: 17.4 | I21: 2.5 | J21: 0 | K21: 2.4 | L21: 1.4
A22: =+A21+1 -> 12 | B22: =+Base45h!B22 -> 45627 | C22: 0 | D22: 1 | E22: 3 | F22: 0.2 | G22: 0 | H22: 0 | I22: 0 | J22: 0 | K22: 0 | L22: 0
A23: =+A22+1 -> 13 | B23: Annual | C23: =SUM(C11:C22) -> 2236.9 | D23: =SUM(D11:D22) -> 1742.2 | E23: =SUM(E11:E22) -> 2197.4 | F23: =SUM(F11:F22) -> 2068.1 | G23: =SUM(G11:G22) -> 1671.7 | H23: =SUM(H11:H22) -> 2006.4 | I23: =SUM(I11:I22) -> 2063.4 | J23: =SUM(J11:J22) -> 1902.9 | ... L23: =SUM(L11:L22) -> 1843.5
A24: =+A23+1 -> 14
A25: =+A24+1 -> 15
A26: =+A25+1 -> 16 | B26: Calendar Normal Cooling Degree Days by Weather Sites (Base 70)
A27: =+A26+1 -> 17 | C27: Dallas/ Fort Worth (MX) | D27: Lufkin (LU) | E27: Austin (AU) | F27: Killeen (KI) | G27: Longview (LO) | H27: Waco (WO) | I27: Abilene (AE) | J27: Wichita Falls (WF) | K27: Midland/ Odessa (MO) | L27: Denison (DE)
A28: =+A27+1 -> 18 | B28: =+Base45h!B28 -> 45292 | C28: 0.315 | D28: 1.31875 | E28: 1.09125 | F28: 0.31875 | G28: 0.195 | H28: 0.085 | I28: 0 | J28: 0 | K28: 0 | L28: 0
A29: =+A28+1 -> 19 | B29: =+Base45h!B29 -> 45323 | C29: 1.7491667 | D29: 2.8 | E29: 3.24125 | F29: 0.97 | G29: 1.5675 | H29: 0.575 | I29: 0.39 | J29: 0.2 | K29: 0.01 | L29: 0.215
A30: =+A29+1 -> 20 | B30: =+Base45h!B30 -> 45352 | C30: 11.882917 | D30: 13.0075 | E30: 16.854167 | F30: 9.4279167 | G30: 8.53375 | H30: 8.5833333 | I30: 7.3695833 | J30: 5.6154167 | K30: 6.3504167 | L30: 3.7141667
A31: =+A30+1 -> 21 | B31: =+Base45h!B31 -> 45383 | C31: 41.924167 | D31: 43.18875 | E31: 57.089583 | F31: 45.024167 | G31: 30.6575 | H31: 42.055833 | I31: 44.4975 | J31: 29.981667 | K31: 48.72875 | L31: 19.164167
A32: =+A31+1 -> 22 | B32: =+Base45h!B32 -> 45413 | C32: 173.93542 | D32: 159.24917 | E32: 186.45167 | F32: 159.44542 | G32: 138.32708 | H32: 167.12333 | I32: 153.24708 | J32: 134.44417 | K32: 184.95875 | L32: 107.90708
A33: =+A32+1 -> 23 | B33: =+Base45h!B33 -> 45444 | C33: 396.80333 | D33: 332.3375 | E33: 366.71792 | F33: 358.46292 | G33: 321.55625 | H33: 379.61875 | I33: 333.78417 | J33: 340.4825 | K33: 373.35581 | L33: 318.19833
A34: =+A33+1 -> 24 | B34: =+Base45h!B34 -> 45474 | C34: 507.59625 | D34: 394.83167 | E34: 432.35083 | F34: 449.75042 | G34: 406.7175 | H34: 482.90292 | I34: 429.15542 | J34: 460.22125 | K34: 417.64625 | L34: 434.98708
A35: =+A34+1 -> 25 | B35: =+Base45h!B35 -> 45505 | C35: 517.55042 | D35: 411.00833 | E35: 460.03458 | F35: 466.57 | G35: 417.49625 | H35: 496.29292 | I35: 423.12375 | J35: 446.96917 | K35: 391.66458 | L35: 435.96625
A36: =+A35+1 -> 26 | B36: =+Base45h!B36 -> 45536 | C36: 304.24292 | D36: 245.51167 | E36: 280.7025 | F36: 265.97375 | G36: 233.00792 | H36: 286.4625 | I36: 216.6125 | J36: 222.8275 | K36: 195.38125 | L36: 234.9775
A37: =+A36+1 -> 27 | B37: =+Base45h!B37 -> 45566 | C37: 86.375 | D37: 73.815 | E37: 95.365833 | F37: 80.95625 | G37: 59.44625 | H37: 85.214583 | I37: 55.192083 | J37: 46.088333 | K37: 46.264167 | L37: 54.293333
A38: =+A37+1 -> 28 | B38: =+Base45h!B38 -> 45597 | C38: 8.4958333 | D38: 9.4425 | E38: 15.199167 | F38: 8.55125 | G38: 6.5008333 | H38: 8.25875 | I38: 3.1195833 | J38: 2.1545833 | K38: 1.035 | L38: 3.1825
A39: =+A38+1 -> 29 | B39: =+Base45h!B39 -> 45627 | C39: 1.4683333 | D39: 3.8979167 | E39: 3.5225 | F39: 1.7154167 | G39: 1.7325 | H39: 1.5875 | I39: 0.335 | J39: 0.19 | K39: 0 | L39: 0.22
A40: =+A39+1 -> 30 | B40: Annual | C40: =SUM(C28:C39) -> 2052.3388 | D40: =SUM(D28:D39) -> 1690.4088 | E40: =SUM(E28:E39) -> 1918.6213 | F40: =SUM(F28:F39) -> 1847.1663 | G40: =SUM(G28:G39) -> 1625.7383 | H40: =SUM(H28:H39) -> 1958.7604 | I40: =SUM(I28:I39) -> 1666.8267 | J40: =SUM(J28:J39) -> 1689.1746 | ... L40: =SUM(L28:L39) -> 1612.8254

Sheet Base75c
B1: =+Base45h!B1 -> PUC DOCKET NO.
B2: =+Base45h!B2 -> ONCOR ELECTRIC DELIVERY COMPANY LLC
B3: =+Base45h!B3 -> WEATHER STATION DATA
B4: =+Base45h!B4 -> FOR THE TEST YEAR ENDING DECEMBER 31, 2024
B6: =+Base45h!B6 -> SPONSOR: D. E. NELSON
B9: Calendar Actual Cooling Degree Days by Weather Sites (Base 75)
A10: Line No. | C10: Dallas/ Fort Worth (MX) | D10: Lufkin (LU) | E10: Austin (AU) | F10: Killeen (KI) | G10: Longview (LO) | H10: Waco (WO) | I10: Abilene (AE) | J10: Wichita Falls (WF) | K10: Midland/ Odessa (MO) | L10: Denison (DE)
A11: 1 | B11: =+Base45h!B11 -> 45292 | C11: 0 | D11: 0 | E11: 0 | F11: 0 | G11: 0 | H11: 0 | I11: 0 | J11: 0 | K11: 0 | L11: 0
A12: =+A11+1 -> 2 | B12: =+Base45h!B12 -> 45323 | C12: 0 | D12: 0.1 | E12: 0 | F12: 0 | G12: 0 | H12: 0 | I12: 0 | J12: 0 | K12: 0 | L12: 0
A13: =+A12+1 -> 3 | B13: =+Base45h!B13 -> 45352 | C13: 0 | D13: 1.8 | E13: 0 | F13: 0 | G13: 1.1 | H13: 0 | I13: 0 | J13: 0 | K13: 0 | L13: 0
A14: =+A13+1 -> 4 | B14: =+Base45h!B14 -> 45383 | C14: 6.2 | D14: 4.7 | E14: 15.1 | F14: 6.9 | G14: 7 | H14: 4.4 | I14: 10.6 | J14: 0.6 | K14: 7.6 | L14: 0.5
A15: =+A14+1 -> 5 | B15: =+Base45h!B15 -> 45413 | C15: 91.2 | D15: 74.8 | E15: 137.3 | F15: 96 | G15: 75 | H15: 83.4 | I15: 88.6 | J15: 52.2 | K15: 107.8 | L15: 56.8
A16: =+A15+1 -> 6 | B16: =+Base45h!B16 -> 45444 | C16: 274.4 | D16: 203 | E16: 262.2 | F16: 247.3 | G16: 197.1 | H16: 247.8 | I16: 261.4 | J16: 224 | K16: 277.1 | L16: 246.9
A17: =+A16+1 -> 7 | B17: =+Base45h!B17 -> 45474 | C17: 303.3 | D17: 174.8 | E17: 229.1 | F17: 239.4 | G17: 186.8 | H17: 256.2 | I17: 296.5 | J17: 275.3 | K17: 227.7 | L17: 255.1
A18: =+A17+1 -> 8 | B18: =+Base45h!B18 -> 45505 | C18: 420.3 | D18: 280.8 | E18: 320.5 | F18: 359.1 | G18: 272.2 | H18: 362.4 | I18: 430.8 | J18: 416.1 | K18: 350.9 | L18: 340.1
A19: =+A18+1 -> 9 | B19: =+Base45h!B19 -> 45536 | C19: 133.1 | D19: 83.1 | E19: 184.6 | F19: 136.4 | G19: 67.5 | H19: 119.7 | I19: 84.3 | J19: 108.1 | K19: 53.1 | L19: 90.1
A20: =+A19+1 -> 10 | B20: =+Base45h!B20 -> 45566 | C20: 80.3 | D20: 23.6 | E20: 59.5 | F20: 65.6 | G20: 11.7 | H20: 50 | I20: 39.3 | J20: 49 | K20: 15.6 | L20: 42.2
A21: =+A20+1 -> 11 | B21: =+Base45h!B21 -> 45597 | C21: 0 | D21: 2.3 | E21: 9.5 | F21: 2 | G21: 1.8 | H21: 1.8 | I21: 0 | J21: 0 | K21: 0 | L21: 0
A22: =+A21+1 -> 12 | B22: =+Base45h!B22 -> 45627 | C22: 0 | D22: 0 | E22: 0 | F22: 0 | G22: 0 | H22: 0 | I22: 0 | J22: 0 | K22: 0 | L22: 0
A23: =+A22+1 -> 13 | B23: Annual | C23: =SUM(C11:C22) -> 1308.8 | D23: =SUM(D11:D22) -> 849 | E23: =SUM(E11:E22) -> 1217.8 | F23: =SUM(F11:F22) -> 1152.7 | G23: =SUM(G11:G22) -> 820.2 | H23: =SUM(H11:H22) -> 1125.7 | I23: =SUM(I11:I22) -> 1211.5 | J23: =SUM(J11:J22) -> 1125.3 | ... L23: =SUM(L11:L22) -> 1031.7
A24: =+A23+1 -> 14
A25: =+A24+1 -> 15
A26: =+A25+1 -> 16 | B26: Calendar Normal Cooling Degree Days by Weather Sites (Base 75)
A27: =+A26+1 -> 17 | C27: Dallas/ Fort Worth (MX) | D27: Lufkin (LU) | E27: Austin (AU) | F27: Killeen (KI) | G27: Longview (LO) | H27: Waco (WO) | I27: Abilene (AE) | J27: Wichita Falls (WF) | K27: Midland/ Odessa (MO) | L27: Denison (DE)
A28: =+A27+1 -> 18 | B28: =+Base45h!B28 -> 45292 | C28: 0 | D28: 0 | E28: 0 | F28: 0 | G28: 0 | H28: 0 | I28: 0 | J28: 0 | K28: 0 | L28: 0
A29: =+A28+1 -> 19 | B29: =+Base45h!B29 -> 45323 | C29: 0.005 | D29: 0 | E29: 0 | F29: 0 | G29: 0 | H29: 0 | I29: 0 | J29: 0 | K29: 0 | L29: 0
A30: =+A29+1 -> 20 | B30: =+Base45h!B30 -> 45352 | C30: 0.78208333 | D30: 0.43458333 | E30: 0.57291667 | F30: 0.20208333 | G30: 0.18208333 | H30: 0.18041667 | I30: 0.49291667 | J30: 0.37333333 | K30: 0.305 | L30: 0.0675
A31: =+A30+1 -> 21 | B31: =+Base45h!B31 -> 45383 | C31: 7.97125 | D31: 7.3429167 | E31: 12.9575 | F31: 8.4579167 | G31: 5.00625 | H31: 8.19875 | I31: 11.384167 | J31: 6.8508333 | K31: 11.455833 | L31: 2.25
A32: =+A31+1 -> 22 | B32: =+Base45h!B32 -> 45413 | C32: 72.184167 | D32: 54.855 | E32: 77.0075 | F32: 59.975 | G32: 46.120833 | H32: 67.464583 | I32: 67.438333 | J32: 55.774583 | K32: 88.4225 | L32: 34.703333
A33: =+A32+1 -> 23 | B33: =+Base45h!B33 -> 45444 | C33: 249.25 | D33: 185.02583 | E33: 218.24458 | F33: 211.89792 | G33: 176.13583 | H33: 231.99708 | I33: 193.57708 | J33: 200.51583 | K33: 230.95333 | L33: 179.39917
A34: =+A33+1 -> 24 | B34: =+Base45h!B34 -> 45474 | C34: 353.34417 | D34: 240.12708 | E34: 277.75167 | F34: 295.31 | G34: 252.935 | H34: 328.40708 | I34: 276.87625 | J34: 307.43875 | K34: 266.23 | L34: 282.36917
A35: =+A34+1 -> 25 | B35: =+Base45h!B35 -> 45505 | C35: 363.07917 | D35: 257.32417 | E35: 305.16833 | F35: 312.42667 | G35: 264.0975 | H35: 341.80833 | I35: 272.54375 | J35: 294.88083 | K35: 241.27583 | L35: 282.99792
A36: =+A35+1 -> 26 | B36: =+Base45h!B36 -> 45536 | C36: 172.13542 | D36: 114.63167 | E36: 146.0125 | F36: 136.53 | G36: 110.12208 | H36: 156.03583 | I36: 105.705 | J36: 109.97667 | K36: 86.669583 | L36: 118.085
A37: =+A36+1 -> 27 | B37: =+Base45h!B37 -> 45566 | C37: 28.913333 | D37: 19.208333 | E37: 31.134167 | F37: 23.045 | G37: 14.427917 | H37: 29.0475 | I37: 14.463333 | J37: 13.05125 | K37: 10.966667 | L37: 15.821667
A38: =+A37+1 -> 28 | B38: =+Base45h!B38 -> 45597 | C38: 0.95541667 | D38: 0.45333333 | E38: 2.0429167 | F38: 0.4775 | G38: 0.235 | H38: 0.77791667 | I38: 0.155 | J38: 0 | K38: 0.015 | L38: 0.20458333
A39: =+A38+1 -> 29 | B39: =+Base45h!B39 -> 45627 | C39: 0 | D39: 0.07 | E39: 0 | F39: 0 | G39: 0.04 | H39: 0 | I39: 0 | J39: 0 | K39: 0 | L39: 0
A40: =+A39+1 -> 30 | B40: Annual | C40: =SUM(C28:C39) -> 1248.62 | D40: =SUM(D28:D39) -> 879.47292 | E40: =SUM(E28:E39) -> 1070.8921 | F40: =SUM(F28:F39) -> 1048.3221 | G40: =SUM(G28:G39) -> 869.3025 | H40: =SUM(H28:H39) -> 1163.9175 | I40: =SUM(I28:I39) -> 942.63583 | J40: =SUM(J28:J39) -> 988.86208 | ... L40: =SUM(L28:L39) -> 915.89833

Sheet Base80c
B1: =+Base45h!B1 -> PUC DOCKET NO.
B2: =+Base45h!B2 -> ONCOR ELECTRIC DELIVERY COMPANY LLC
B3: =+Base45h!B3 -> WEATHER STATION DATA
B4: =+Base45h!B4 -> FOR THE TEST YEAR ENDING DECEMBER 31, 2024
B6: =+Base45h!B6 -> SPONSOR: D. E. NELSON
B9: Calendar Actual Cooling Degree Days by Weather Sites (Base 80)
A10: Line No. | C10: Dallas/ Fort Worth (MX) | D10: Lufkin (LU) | E10: Austin (AU) | F10: Killeen (KI) | G10: Longview (LO) | H10: Waco (WO) | I10: Abilene (AE) | J10: Wichita Falls (WF) | K10: Midland/ Odessa (MO) | L10: Denison (DE)
A11: 1 | B11: =+Base45h!B11 -> 45292 | C11: 0 | D11: 0 | E11: 0 | F11: 0 | G11: 0 | H11: 0 | I11: 0 | J11: 0 | K11: 0 | L11: 0
A12: =+A11+1 -> 2 | B12: =+Base45h!B12 -> 45323 | C12: 0 | D12: 0 | E12: 0 | F12: 0 | G12: 0 | H12: 0 | I12: 0 | J12: 0 | K12: 0 | L12: 0
A13: =+A12+1 -> 3 | B13: =+Base45h!B13 -> 45352 | C13: 0 | D13: 0 | E13: 0 | F13: 0 | G13: 0 | H13: 0 | I13: 0 | J13: 0 | K13: 0 | L13: 0
A14: =+A13+1 -> 4 | B14: =+Base45h!B14 -> 45383 | C14: 0 | D14: 0 | E14: 0 | F14: 0 | G14: 0 | H14: 0 | I14: 0 | J14: 0 | K14: 0 | L14: 0
A15: =+A14+1 -> 5 | B15: =+Base45h!B15 -> 45413 | C15: 24.8 | D15: 14.1 | E15: 47.8 | F15: 18.1 | G15: 16.1 | H15: 16 | I15: 24.7 | J15: 12.8 | K15: 27.5 | L15: 7.5
A16: =+A15+1 -> 6 | B16: =+Base45h!B16 -> 45444 | C16: 142.3 | D16: 66.7 | E16: 116.2 | F16: 107.8 | G16: 71.2 | H16: 109.5 | I16: 127.2 | J16: 108.3 | K16: 143.3 | L16: 126.2
A17: =+A16+1 -> 7 | B17: =+Base45h!B17 -> 45474 | C17: 153.5 | D17: 60.6 | E17: 88.3 | F17: 95.6 | G17: 69.3 | H17: 113.2 | I17: 146.8 | J17: 132.6 | K17: 94.3 | L17: 118.7
A18: =+A17+1 -> 8 | B18: =+Base45h!B18 -> 45505 | C18: 265.3 | D18: 130.9 | E18: 169.3 | F18: 205.2 | G18: 119.1 | H18: 208.8 | I18: 278.9 | J18: 263.3 | K18: 207.9 | L18: 185.1
A19: =+A18+1 -> 9 | B19: =+Base45h!B19 -> 45536 | C19: 45.8 | D19: 11.8 | E19: 62.6 | F19: 45.6 | G19: 8.5 | H19: 37.7 | I19: 28.3 | J19: 36.5 | K19: 9.6 | L19: 27.8
A20: =+A19+1 -> 10 | B20: =+Base45h!B20 -> 45566 | C20: 3.6 | D20: 0 | E20: 2.3 | F20: 3.8 | G20: 0 | H20: 2.8 | I20: 2.2 | J20: 2.2 | K20: 0 | L20: 0
A21: =+A20+1 -> 11 | B21: =+Base45h!B21 -> 45597 | C21: 0 | D21: 0 | E21: 0 | F21: 0 | G21: 0 | H21: 0 | I21: 0 | J21: 0 | K21: 0 | L21: 0
A22: =+A21+1 -> 12 | B22: =+Base45h!B22 -> 45627 | C22: 0 | D22: 0 | E22: 0 | F22: 0 | G22: 0 | H22: 0 | I22: 0 | J22: 0 | K22: 0 | L22: 0
A23: =+A22+1 -> 13 | B23: Annual | C23: =SUM(C11:C22) -> 635.3 | D23: =SUM(D11:D22) -> 284.1 | E23: =SUM(E11:E22) -> 486.5 | F23: =SUM(F11:F22) -> 476.1 | G23: =SUM(G11:G22) -> 284.2 | H23: =SUM(H11:H22) -> 488 | I23: =SUM(I11:I22) -> 608.1 | J23: =SUM(J11:J22) -> 555.7 | ... L23: =SUM(L11:L22) -> 465.3
A24: =+A23+1 -> 14
A25: =+A24+1 -> 15
A26: =+A25+1 -> 16 | B26: Calendar Normal Cooling Degree Days by Weather Sites (Base 80)
A27: =+A26+1 -> 17 | C27: Dallas/ Fort Worth (MX) | D27: Lufkin (LU) | E27: Austin (AU) | F27: Killeen (KI) | G27: Longview (LO) | H27: Waco (WO) | I27: Abilene (AE) | J27: Wichita Falls (WF) | K27: Midland/ Odessa (MO) | L27: Denison (DE)
A28: =+A27+1 -> 18 | B28: =+Base45h!B28 -> 45292 | C28: 0 | D28: 0 | E28: 0 | F28: 0 | G28: 0 | H28: 0 | I28: 0 | J28: 0 | K28: 0 | L28: 0
A29: =+A28+1 -> 19 | B29: =+Base45h!B29 -> 45323 | C29: 0 | D29: 0 | E29: 0 | F29: 0 | G29: 0 | H29: 0 | I29: 0 | J29: 0 | K29: 0 | L29: 0
A30: =+A29+1 -> 20 | B30: =+Base45h!B30 -> 45352 | C30: 0 | D30: 0 | E30: 0 | F30: 0 | G30: 0 | H30: 0 | I30: 0 | J30: 0 | K30: 0 | L30: 0
A31: =+A30+1 -> 21 | B31: =+Base45h!B31 -> 45383 | C31: 0.625 | D31: 0.145 | E31: 0.62875 | F31: 0.35666667 | G31: 0.1725 | H31: 0.56833333 | I31: 1.2733333 | J31: 0.54458333 | K31: 0.965 | L31: 0.10833333
A32: =+A31+1 -> 22 | B32: =+Base45h!B32 -> 45413 | C32: 16.625417 | D32: 6.0054167 | E32: 15.20875 | F32: 10.287083 | G32: 5.6141667 | H32: 15.090417 | I32: 21.214167 | J32: 15.8125 | K32: 30.40375 | L32: 3.7708333
A33: =+A32+1 -> 23 | B33: =+Base45h!B33 -> 45444 | C33: 118.54042 | D33: 65.316667 | E33: 87.321667 | F33: 87.274583 | G33: 61.3 | H33: 104.05083 | I33: 80.16375 | J33: 88.597083 | K33: 109.83958 | L33: 71.182083
A34: =+A33+1 -> 24 | B34: =+Base45h!B34 -> 45474 | C34: 203.14667 | D34: 99.571667 | E34: 132.34917 | F34: 150.6625 | G34: 111.69792 | H34: 179.40458 | I34: 139.06875 | J34: 165.67542 | K34: 131.84125 | L34: 143.70125
A35: =+A34+1 -> 25 | B35: =+Base45h!B35 -> 45505 | C35: 215.07333 | D35: 115.59458 | E35: 157.1125 | F35: 166.58958 | G35: 126.02917 | H35: 194.4925 | I35: 140.77375 | J35: 159.71208 | K35: 112.53792 | L35: 149.51292
A36: =+A35+1 -> 26 | B36: =+Base45h!B36 -> 45536 | C36: 68.603333 | D36: 26.271667 | E36: 47.355 | F36: 44.977083 | G36: 28.815833 | H36: 58.426667 | I36: 32.884583 | J36: 34.748333 | K36: 23.0475 | L36: 40.965417
A37: =+A36+1 -> 27 | B37: =+Base45h!B37 -> 45566 | C37: 5.0020833 | D37: 0.75916667 | E37: 3.6241667 | F37: 2.3075 | G37: 0.25333333 | H37: 4.8091667 | I37: 0.89333333 | J37: 1.2308333 | K37: 0.36083333 | L37: 0.95166667
A38: =+A37+1 -> 28 | B38: =+Base45h!B38 -> 45597 | C38: 0.015 | D38: 0 | E38: 0 | F38: 0 | G38: 0 | H38: 0 | I38: 0 | J38: 0 | K38: 0 | L38: 0
A39: =+A38+1 -> 29 | B39: =+Base45h!B39 -> 45627 | C39: 0 | D39: 0 | E39: 0 | F39: 0 | G39: 0 | H39: 0 | I39: 0 | J39: 0 | K39: 0 | L39: 0
A40: =+A39+1 -> 30 | B40: Annual | C40: =SUM(C28:C39) -> 627.63125 | D40: =SUM(D28:D39) -> 313.66417 | E40: =SUM(E28:E39) -> 443.6 | F40: =SUM(F28:F39) -> 462.455 | G40: =SUM(G28:G39) -> 333.88292 | H40: =SUM(H28:H39) -> 556.8425 | I40: =SUM(I28:I39) -> 416.27167 | J40: =SUM(J28:J39) -> 466.32083 | ... L40: =SUM(L28:L39) -> 410.1925

Sheet Abilene (AE) Jan 2023
B1: =+Base45h!B1 -> PUC DOCKET NO.
B2: =+Base45h!B2 -> ONCOR ELECTRIC DELIVERY COMPANY LLC
B3: =+Base45h!B3 -> WEATHER STATION DATA
B4: =+Base45h!B4 -> FOR THE TEST YEAR ENDING DECEMBER 31, 2024
B6: =+Base45h!B6 -> SPONSOR: D. E. NELSON
A7: Line No.
A9: 1 | B9: Abilene Daily Actual Weather Calculation for January 2023
A10: =+A9+1 -> 2 | B10: DATE | C10: HR1 | D10: HR2 | E10: HR3 | F10: HR4 | G10: HR5 | H10: HR6 | I10: HR7 | J10: HR8 | K10: HR9 | L10: HR10 | M10: HR11 | N10: HR12 | O10: HR13 | P10: HR14 | Q10: HR15 | R10: HR16 | S10: HR17 | T10: HR18 | U10: HR19 | V10: HR20
A11: =+A10+1 -> 3 | B11: 44927 | C11: 58 | D11: 57 | E11: 54 | F11: 53 | G11: 52 | H11: 53 | I11: 51 | J11: 52 | K11: 51 | L11: 55 | M11: 59 | N11: 64 | O11: 69 | P11: 76 | Q11: 78 | R11: 77 | S11: 77 | T11: 74 | U11: 69 | V11: 62
A12: =+A11+1 -> 4 | B12: =+B11+1 -> 44928 | C12: 63 | D12: 62 | E12: 60 | F12: 59 | G12: 58 | H12: 60 | I12: 62 | J12: 62 | K12: 61 | L12: 64 | M12: 66 | N12: 68 | O12: 69 | P12: 71 | Q12: 73 | R12: 74 | S12: 75 | T12: 76 | U12: 65 | V12: 63
A13: =+A12+1 -> 5 | B13: =+B12+1 -> 44929 | C13: 52 | D13: 51 | E13: 49 | F13: 48 | G13: 48 | H13: 47 | I13: 45 | J13: 46 | K13: 46 | L13: 49 | M13: 53 | N13: 57 | O13: 57 | P13: 59 | Q13: 60 | R13: 60 | S13: 59 | T13: 57 | U13: 56 | V13: 53
A14: =+A13+1 -> 6 | B14: =+B13+1 -> 44930 | C14: 51 | D14: 49 | E14: 47 | F14: 44 | G14: 48 | H14: 47 | I14: 45 | J14: 44 | K14: 46 | L14: 50 | M14: 55 | N14: 57 | O14: 59 | P14: 61 | Q14: 63 | R14: 64 | S14: 64 | T14: 63 | U14: 59 | V14: 56
A15: =+A14+1 -> 7 | B15: =+B14+1 -> 44931 | C15: 41 | D15: 41 | E15: 38 | F15: 36 | G15: 37 | H15: 30 | I15: 31 | J15: 30 | K15: 32 | L15: 36 | M15: 41 | N15: 48 | O15: 53 | P15: 58 | Q15: 62 | R15: 62 | S15: 63 | T15: 63 | U15: 58 | V15: 52
A16: =+A15+1 -> 8 | B16: =+B15+1 -> 44932 | C16: 51 | D16: 50 | E16: 46 | F16: 50 | G16: 48 | H16: 47 | I16: 50 | J16: 51 | K16: 50 | L16: 57 | M16: 61 | N16: 64 | O16: 67 | P16: 71 | Q16: 76 | R16: 77 | S16: 76 | T16: 75 | U16: 73 | V16: 69
A17: =+A16+1 -> 9 | B17: =+B16+1 -> 44933 | C17: 63 | D17: 59 | E17: 57 | F17: 54 | G17: 54 | H17: 52 | I17: 46 | J17: 45 | K17: 44 | L17: 46 | M17: 44 | N17: 49 | O17: 52 | P17: 55 | Q17: 55 | R17: 56 | S17: 55 | T17: 53 | U17: 51 | V17: 46
A18: =+A17+1 -> 10 | B18: =+B17+1 -> 44934 | C18: 44 | D18: 44 | E18: 44 | F18: 42 | G18: 42 | H18: 42 | I18: 39 | J18: 34 | K18: 35 | L18: 41 | M18: 46 | N18: 50 | O18: 54 | P18: 58 | Q18: 61 | R18: 63 | S18: 63 | T18: 63 | U18: 57 | V18: 49
A19: =+A18+1 -> 11 | B19: =+B18+1 -> 44935 | C19: 51 | D19: 52 | E19: 52 | F19: 51 | G19: 51 | H19: 50 | I19: 51 | J19: 51 | K19: 51 | L19: 55 | M19: 58 | N19: 62 | O19: 66 | P19: 70 | Q19: 74 | R19: 76 | S19: 77 | T19: 75 | U19: 70 | V19: 61
A20: =+A19+1 -> 12 | B20: =+B19+1 -> 44936 | C20: 51 | D20: 54 | E20: 53 | F20: 53 | G20: 55 | H20: 55 | I20: 55 | J20: 55 | K20: 54 | L20: 57 | M20: 63 | N20: 68 | O20: 75 | P20: 81 | Q20: 82 | R20: 83 | S20: 82 | T20: 82 | U20: 75 | V20: 70
A21: =+A20+1 -> 13 | B21: =+B20+1 -> 44937 | C21: 62 | D21: 61 | E21: 56 | F21: 58 | G21: 58 | H21: 57 | I21: 57 | J21: 49 | K21: 54 | L21: 63 | M21: 68 | N21: 74 | O21: 76 | P21: 77 | Q21: 82 | R21: 83 | S21: 81 | T21: 77 | U21: 73 | V21: 73
A22: =+A21+1 -> 14 | B22: =+B21+1 -> 44938 | C22: 60 | D22: 57 | E22: 50 | F22: 48 | G22: 46 | H22: 45 | I22: 43 | J22: 42 | K22: 42 | L22: 44 | M22: 48 | N22: 51 | O22: 53 | P22: 55 | Q22: 57 | R22: 58 | S22: 58 | T22: 56 | U22: 53 | V22: 49
A23: =+A22+1 -> 15 | B23: =+B22+1 -> 44939 | C23: 35 | D23: 38 | E23: 33 | F23: 37 | G23: 34 | H23: 33 | I23: 32 | J23: 31 | K23: 31 | L23: 36 | M23: 47 | N23: 53 | O23: 56 | P23: 58 | Q23: 60 | R23: 63 | S23: 64 | T23: 62 | U23: 57 | V23: 52
... A41: =+A40+1 -> 33 | B41: =+B40+1 -> 44957 | C41: 22 | D41: 23 | E41: 22 | F41: 22 | G41: 22 | H41: 22 | I41: 22 | J41: 21 | K41: 21 | L41: 21 | M41: 21 | N41: 21 | O41: 22 | P41: 23 | Q41: 24 | R41: 24 | S41: 26 | T41: 26 | U41: 26 | V41: 26
A42: =+A41+1 -> 34
A43: =+A42+1 -> 35
A44: =+A43+1 -> 36 | B44: DATE | C44: HR21 | D44: HR22 | E44: HR23 | F44: HR24 | G44: DAILY AVG | H44: HDD45 | I44: HDD55 | J44: HDD60 | K44: HDD65 | L44: CDD50 | M44: CDD55 | N44: CDD60 | O44: CDD65 | P44: CDD70 | Q44: CDD75 | R44: CDD80
A45: =+A44+1 -> 37 | B45: =+B11 -> 44927 | C45: 60 | D45: 62 | E45: 58 | F45: 58 | G45: =ROUND(AVERAGE(C11:V11,C45:F45),1) -> 61.6 | H45: =MAX(45-$G45,0) -> 0 | I45: =MAX(55-$G45,0) -> 0 | J45: =MAX(60-$G45,0) -> 0 | K45: =MAX(65-$G45,0) -> 3.4 | L45: =MAX($G45-50,0) -> 11.6 | M45: =MAX($G45-55,0) -> 6.6 | N45: =MAX($G45-60,0) -> 1.6 | O45: =MAX($G45-65,0) -> 0 | P45: =MAX($G45-70,0) -> 0 | Q45: =MAX($G45-75,0) -> 0 | R45: =MAX($G45-80,0) -> 0
A46: =+A45+1 -> 38 | B46: =+B12 -> 44928 | C46: 60 | D46: 57 | E46: 56 | F46: 55 | G46: =ROUND(AVERAGE(C12:V12,C46:F46),1) -> 64.1 | H46: =MAX(45-$G46,0) -> 0 | I46: =MAX(55-$G46,0) -> 0 | J46: =MAX(60-$G46,0) -> 0 | K46: =MAX(65-$G46,0) -> 0.9 | L46: =MAX($G46-50,0) -> 14.1 | M46: =MAX($G46-55,0) -> 9.1 | N46: =MAX($G46-60,0) -> 4.1 | O46: =MAX($G46-65,0) -> 0 | P46: =MAX($G46-70,0) -> 0 | Q46: =MAX($G46-75,0) -> 0 | R46: =MAX($G46-80,0) -> 0
A47: =+A46+1 -> 39 | B47: =+B13 -> 44929 | C47: 53 | D47: 53 | E47: 53 | F47: 54 | G47: =ROUND(AVERAGE(C13:V13,C47:F47),1) -> 52.7 | H47: =MAX(45-$G47,0) -> 0 | I47: =MAX(55-$G47,0) -> 2.3 | J47: =MAX(60-$G47,0) -> 7.3 | K47: =MAX(65-$G47,0) -> 12.3 | L47: =MAX($G47-50,0) -> 2.7 | M47: =MAX($G47-55,0) -> 0 | N47: =MAX($G47-60,0) -> 0 | O47: =MAX($G47-65,0) -> 0 | P47: =MAX($G47-70,0) -> 0 | Q47: =MAX($G47-75,0) -> 0 | R47: =MAX($G47-80,0) -> 0
A48: =+A47+1 -> 40 | B48: =+B14 -> 44930 | C48: 52 | D48: 44 | E48: 46 | F48: 42 | G48: =ROUND(AVERAGE(C14:V14,C48:F48),1) -> 52.3 | H48: =MAX(45-$G48,0) -> 0 | I48: =MAX(55-$G48,0) -> 2.7 | J48: =MAX(60-$G48,0) -> 7.7 | K48: =MAX(65-$G48,0) -> 12.7 | L48: =MAX($G48-50,0) -> 2.3 | M48: =MAX($G48-55,0) -> 0 | N48: =MAX($G48-60,0) -> 0 | O48: =MAX($G48-65,0) -> 0 | P48: =MAX($G48-70,0) -> 0 | Q48: =MAX($G48-75,0) -> 0 | R48: =MAX($G48-80,0) -> 0
A49: =+A48+1 -> 41 | B49: =+B15 -> 44931 | C49: 49 | D49: 46 | E49: 49 | F49: 49 | G49: =ROUND(AVERAGE(C15:V15,C49:F49),1) -> 46 | H49: =MAX(45-$G49,0) -> 0 | I49: =MAX(55-$G49,0) -> 9 | J49: =MAX(60-$G49,0) -> 14 | K49: =MAX(65-$G49,0) -> 19 | L49: =MAX($G49-50,0) -> 0 | M49: =MAX($G49-55,0) -> 0 | N49: =MAX($G49-60,0) -> 0 | O49: =MAX($G49-65,0) -> 0 | P49: =MAX($G49-70,0) -> 0 | Q49: =MAX($G49-75,0) -> 0 | R49: =MAX($G49-80,0) -> 0
A50: =+A49+1 -> 42 | B50: =+B16 -> 44932 | C50: 69 | D50: 65 | E50: 65 | F50: 64 | G50: =ROUND(AVERAGE(C16:V16,C50:F50),1) -> 61.3 | H50: =MAX(45-$G50,0) -> 0 | I50: =MAX(55-$G50,0) -> 0 | J50: =MAX(60-$G50,0) -> 0 | K50: =MAX(65-$G50,0) -> 3.7 | L50: =MAX($G50-50,0) -> 11.3 | M50: =MAX($G50-55,0) -> 6.3 | N50: =MAX($G50-60,0) -> 1.3 | O50: =MAX($G50-65,0) -> 0 | P50: =MAX($G50-70,0) -> 0 | Q50: =MAX($G50-75,0) -> 0 | R50: =MAX($G50-80,0) -> 0
A51: =+A50+1 -> 43 | B51: =+B17 -> 44933 | C51: 47 | D51: 42 | E51: 44 | F51: 44 | G51: =ROUND(AVERAGE(C17:V17,C51:F51),1) -> 50.5 | H51: =MAX(45-$G51,0) -> 0 | I51: =MAX(55-$G51,0) -> 4.5 | J51: =MAX(60-$G51,0) -> 9.5 | K51: =MAX(65-$G51,0) -> 14.5 | L51: =MAX($G51-50,0) -> 0.5 | M51: =MAX($G51-55,0) -> 0 | N51: =MAX($G51-60,0) -> 0 | O51: =MAX($G51-65,0) -> 0 | P51: =MAX($G51-70,0) -> 0 | Q51: =MAX($G51-75,0) -> 0 | R51: =MAX($G51-80,0) -> 0
A52: =+A51+1 -> 44 | B52: =+B18 -> 44934 | C52: 49 | D52: 46 | E52: 44 | F52: 46 | G52: =ROUND(AVERAGE(C18:V18,C52:F52),1) -> 48.2 | H52: =MAX(45-$G52,0) -> 0 | I52: =MAX(55-$G52,0) -> 6.8 | J52: =MAX(60-$G52,0) -> 11.8 | K52: =MAX(65-$G52,0) -> 16.8 | L52: =MAX($G52-50,0) -> 0 | M52: =MAX($G52-55,0) -> 0 | N52: =MAX($G52-60,0) -> 0 | O52: =MAX($G52-65,0) -> 0 | P52: =MAX($G52-70,0) -> 0 | Q52: =MAX($G52-75,0) -> 0 | R52: =MAX($G52-80,0) -> 0
A53: =+A52+1 -> 45 | B53: =+B19 -> 44935 | C53: 58 | D53: 54 | E53: 54 | F53: 53 | G53: =ROUND(AVERAGE(C19:V19,C53:F53),1) -> 59.3 | H53: =MAX(45-$G53,0) -> 0 | I53: =MAX(55-$G53,0) -> 0 | J53: =MAX(60-$G53,0) -> 0.7 | K53: =MAX(65-$G53,0) -> 5.7 | L53: =MAX($G53-50,0) -> 9.3 | M53: =MAX($G53-55,0) -> 4.3 | N53: =MAX($G53-60,0) -> 0 | O53: =MAX($G53-65,0) -> 0 | P53: =MAX($G53-70,0) -> 0 | Q53: =MAX($G53-75,0) -> 0 | R53: =MAX($G53-80,0) -> 0
A54: =+A53+1 -> 46 | B54: =+B20 -> 44936 | C54: 66 | D54: 65 | E54: 67 | F54: 65 | G54: =ROUND(AVERAGE(C20:V20,C54:F54),1) -> 65.3 | H54: =MAX(45-$G54,0) -> 0 | I54: =MAX(55-$G54,0) -> 0 | J54: =MAX(60-$G54,0) -> 0 | K54: =MAX(65-$G54,0) -> 0 | L54: =MAX($G54-50,0) -> 15.3 | M54: =MAX($G54-55,0) -> 10.3 | N54: =MAX($G54-60,0) -> 5.3 | O54: =MAX($G54-65,0) -> 0.3 | P54: =MAX($G54-70,0) -> 0 | Q54: =MAX($G54-75,0) -> 0 | R54: =MAX($G54-80,0) -> 0
A55: =+A54+1 -> 47 | B55: =+B21 -> 44937 | C55: 71 | D55: 66 | E55: 63 | F55: 61 | G55: =ROUND(AVERAGE(C21:V21,C55:F55),1) -> 66.7 | H55: =MAX(45-$G55,0) -> 0 | I55: =MAX(55-$G55,0) -> 0 | J55: =MAX(60-$G55,0) -> 0 | K55: =MAX(65-$G55,0) -> 0 | L55: =MAX($G55-50,0) -> 16.7 | M55: =MAX($G55-55,0) -> 11.7 | N55: =MAX($G55-60,0) -> 6.7 | O55: =MAX($G55-65,0) -> 1.7 | P55: =MAX($G55-70,0) -> 0 | Q55: =MAX($G55-75,0) -> 0 | R55: =MAX($G55-80,0) -> 0
A56: =+A55+1 -> 48 | B56: =+B22 -> 44938 | C56: 48 | D56: 45 | E56: 40 | F56: 39 | G56: =ROUND(AVERAGE(C22:V22,C56:F56),1) -> 49.5 | H56: =MAX(45-$G56,0) -> 0 | I56: =MAX(55-$G56,0) -> 5.5 | J56: =MAX(60-$G56,0) -> 10.5 | K56: =MAX(65-$G56,0) -> 15.5 | L56: =MAX($G56-50,0) -> 0 | M56: =MAX($G56-55,0) -> 0 | N56: =MAX($G56-60,0) -> 0 | O56: =MAX($G56-65,0) -> 0 | P56: =MAX($G56-70,0) -> 0 | Q56: =MAX($G56-75,0) -> 0 | R56: =MAX($G56-80,0) -> 0
... A75: =+A74+1 -> 67 | B75: =+B41 -> 44957 | C75: 26 | D75: 26 | E75: 26 | F75: 25 | G75: =ROUND(AVERAGE(C41:V41,C75:F75),1) -> 23.3 | H75: =MAX(45-$G75,0) -> 21.7 | I75: =MAX(55-$G75,0) -> 31.7 | J75: =MAX(60-$G75,0) -> 36.7 | K75: =MAX(65-$G75,0) -> 41.7 | L75: =MAX($G75-50,0) -> 0 | M75: =MAX($G75-55,0) -> 0 | N75: =MAX($G75-60,0) -> 0 | O75: =MAX($G75-65,0) -> 0 | P75: =MAX($G75-70,0) -> 0 | Q75: =MAX($G75-75,0) -> 0 | R75: =MAX($G75-80,0) -> 0
G77: JANUARY | H77: =SUM(H45:H75) -> 74.5 | I77: =SUM(I45:I75) -> 220 | J77: =SUM(J45:J75) -> 328.4 | K77: =SUM(K45:K75) -> 462.9 | L77: =SUM(L45:L75) -> 135 | M77: =SUM(M45:M75) -> 69.1 | N77: =SUM(N45:N75) -> 22.5 | O77: =SUM(O45:O75) -> 2 | ... R77: =SUM(R45:R75) -> 0

Sheet Abilene (AE) Jul 2023
B1: =+Base45h!B1 -> PUC DOCKET NO.
B2: =+Base45h!B2 -> ONCOR ELECTRIC DELIVERY COMPANY LLC
B3: =+Base45h!B3 -> WEATHER STATION DATA
B4: =+Base45h!B4 -> FOR THE TEST YEAR ENDING DECEMBER 31, 2024
B6: =+Base45h!B6 -> SPONSOR: D. E. NELSON
A7: Line No.
A9: 1 | B9: Abilene Daily Actual Weather Calculation for July 2023
A10: =+A9+1 -> 2 | B10: DATE | C10: HR1 | D10: HR2 | E10: HR3 | F10: HR4 | G10: HR5 | H10: HR6 | I10: HR7 | J10: HR8 | K10: HR9 | L10: HR10 | M10: HR11 | N10: HR12 | O10: HR13 | P10: HR14 | Q10: HR15 | R10: HR16 | S10: HR17 | T10: HR18 | U10: HR19 | V10: HR20
A11: =+A10+1 -> 3 | B11: 45108 | C11: 72 | D11: 71 | E11: 70 | F11: 73 | G11: 71 | H11: 71 | I11: 71 | J11: 73 | K11: 71 | L11: 70 | M11: 71 | N11: 69 | O11: 68 | P11: 69 | Q11: 69 | R11: 70 | S11: 72 | T11: 76 | U11: 75 | V11: 75
A12: =+A11+1 -> 4 | B12: =+B11+1 -> 45109 | C12: 71 | D12: 68 | E12: 67 | F12: 67 | G12: 67 | H12: 67 | I12: 67 | J12: 71 | K12: 76 | L12: 80 | M12: 82 | N12: 86 | O12: 86 | P12: 89 | Q12: 90 | R12: 89 | S12: 90 | T12: 90 | U12: 90 | V12: 89
A13: =+A12+1 -> 5 | B13: =+B12+1 -> 45110 | C13: 77 | D13: 76 | E13: 73 | F13: 74 | G13: 74 | H13: 73 | I13: 71 | J13: 74 | K13: 79 | L13: 83 | M13: 86 | N13: 88 | O13: 90 | P13: 90 | Q13: 91 | R13: 92 | S13: 94 | T13: 94 | U13: 93 | V13: 90
A14: =+A13+1 -> 6 | B14: =+B13+1 -> 45111 | C14: 77 | D14: 76 | E14: 76 | F14: 75 | G14: 73 | H14: 72 | I14: 72 | J14: 75 | K14: 79 | L14: 82 | M14: 85 | N14: 87 | O14: 89 | P14: 91 | Q14: 93 | R14: 92 | S14: 91 | T14: 91 | U14: 89 | V14: 88
A15: =+A14+1 -> 7 | B15: =+B14+1 -> 45112 | C15: 79 | D15: 78 | E15: 76 | F15: 76 | G15: 76 | H15: 77 | I15: 76 | J15: 78 | K15: 81 | L15: 84 | M15: 87 | N15: 89 | O15: 91 | P15: 93 | Q15: 95 | R15: 95 | S15: 95 | T15: 94 | U15: 91 | V15: 90
A16: =+A15+1 -> 8 | B16: =+B15+1 -> 45113 | C16: 79 | D16: 78 | E16: 78 | F16: 76 | G16: 75 | H16: 73 | I16: 74 | J16: 77 | K16: 80 | L16: 83 | M16: 87 | N16: 90 | O16: 90 | P16: 82 | Q16: 82 | R16: 82 | S16: 85 | T16: 89 | U16: 90 | V16: 88
A17: =+A16+1 -> 9 | B17: =+B16+1 -> 45114 | C17: 79 | D17: 77 | E17: 76 | F17: 75 | G17: 74 | H17: 72 | I17: 72 | J17: 74 | K17: 78 | L17: 80 | M17: 82 | N17: 84 | O17: 86 | P17: 87 | Q17: 89 | R17: 91 | S17: 91 | T17: 91 | U17: 91 | V17: 89
A18: =+A17+1 -> 10 | B18: =+B17+1 -> 45115 | C18: 80 | D18: 78 | E18: 77 | F18: 77 | G18: 78 | H18: 78 | I18: 78 | J18: 78 | K18: 80 | L18: 81 | M18: 83 | N18: 87 | O18: 87 | P18: 90 | Q18: 92 | R18: 94 | S18: 95 | T18: 96 | U18: 96 | V18: 93
A19: =+A18+1 -> 11 | B19: =+B18+1 -> 45116 | C19: 80 | D19: 84 | E19: 83 | F19: 80 | G19: 78 | H19: 78 | I19: 79 | J19: 79 | K19: 82 | L19: 83 | M19: 84 | N19: 87 | O19: 89 | P19: 91 | Q19: 94 | R19: 95 | S19: 98 | T19: 96 | U19: 96 | V19: 93
A20: =+A19+1 -> 12 | B20: =+B19+1 -> 45117 | C20: 80 | D20: 78 | E20: 78 | F20: 75 | G20: 75 | H20: 73 | I20: 73 | J20: 75 | K20: 78 | L20: 83 | M20: 88 | N20: 91 | O20: 93 | P20: 97 | Q20: 98 | R20: 100 | S20: 101 | T20: 100 | U20: 100 | V20: 97
A21: =+A20+1 -> 13 | B21: =+B20+1 -> 45118 | C21: 82 | D21: 79 | E21: 84 | F21: 77 | G21: 75 | H21: 76 | I21: 77 | J21: 78 | K21: 81 | L21: 84 | M21: 85 | N21: 88 | O21: 90 | P21: 91 | Q21: 95 | R21: 98 | S21: 99 | T21: 100 | U21: 99 | V21: 97
A22: =+A21+1 -> 14 | B22: =+B21+1 -> 45119 | C22: 86 | D22: 87 | E22: 86 | F22: 85 | G22: 84 | H22: 82 | I22: 83 | J22: 83 | K22: 86 | L22: 89 | M22: 92 | N22: 96 | O22: 98 | P22: 101 | Q22: 103 | R22: 106 | S22: 106 | T22: 107 | U22: 105 | V22: 102
A23: =+A22+1 -> 15 | B23: =+B22+1 -> 45120 | C23: 92 | D23: 90 | E23: 88 | F23: 84 | G23: 84 | H23: 85 | I23: 85 | J23: 84 | K23: 84 | L23: 87 | M23: 92 | N23: 93 | O23: 97 | P23: 100 | Q23: 103 | R23: 106 | S23: 107 | T23: 106 | U23: 105 | V23: 101
... A41: =+A40+1 -> 33 | B41: =+B40+1 -> 45138 | C41: 81 | D41: 81 | E41: 81 | F41: 80 | G41: 78 | H41: 77 | I41: 78 | J41: 79 | K41: 86 | L41: 90 | M41: 94 | N41: 96 | O41: 98 | P41: 99 | Q41: 100 | R41: 104 | S41: 104 | T41: 103 | U41: 101 | V41: 99
A42: =+A41+1 -> 34
A43: =+A42+1 -> 35
A44: =+A43+1 -> 36 | B44: DATE | C44: HR21 | D44: HR22 | E44: HR23 | F44: HR24 | G44: DAILY AVG | H44: HDD45 | I44: HDD55 | J44: HDD60 | K44: HDD65 | L44: CDD50 | M44: CDD55 | N44: CDD60 | O44: CDD65 | P44: CDD70 | Q44: CDD75 | R44: CDD80
A45: =+A44+1 -> 37 | B45: =+B11 -> 45108 | C45: 73 | D45: 72 | E45: 73 | F45: 72 | G45: =ROUND(AVERAGE(C11:V11,C45:F45),1) -> 71.5 | H45: =MAX(45-$G45,0) -> 0 | I45: =MAX(55-$G45,0) -> 0 | J45: =MAX(60-$G45,0) -> 0 | K45: =MAX(65-$G45,0) -> 0 | L45: =MAX($G45-50,0) -> 21.5 | M45: =MAX($G45-55,0) -> 16.5 | N45: =MAX($G45-60,0) -> 11.5 | O45: =MAX($G45-65,0) -> 6.5 | P45: =MAX($G45-70,0) -> 1.5 | Q45: =MAX($G45-75,0) -> 0 | R45: =MAX($G45-80,0) -> 0
A46: =+A45+1 -> 38 | B46: =+B12 -> 45109 | C46: 87 | D46: 84 | E46: 80 | F46: 78 | G46: =ROUND(AVERAGE(C12:V12,C46:F46),1) -> 79.6 | H46: =MAX(45-$G46,0) -> 0 | I46: =MAX(55-$G46,0) -> 0 | J46: =MAX(60-$G46,0) -> 0 | K46: =MAX(65-$G46,0) -> 0 | L46: =MAX($G46-50,0) -> 29.6 | M46: =MAX($G46-55,0) -> 24.6 | N46: =MAX($G46-60,0) -> 19.6 | O46: =MAX($G46-65,0) -> 14.6 | P46: =MAX($G46-70,0) -> 9.6 | Q46: =MAX($G46-75,0) -> 4.6 | R46: =MAX($G46-80,0) -> 0
A47: =+A46+1 -> 39 | B47: =+B13 -> 45110 | C47: 85 | D47: 82 | E47: 79 | F47: 79 | G47: =ROUND(AVERAGE(C13:V13,C47:F47),1) -> 82.8 | H47: =MAX(45-$G47,0) -> 0 | I47: =MAX(55-$G47,0) -> 0 | J47: =MAX(60-$G47,0) -> 0 | K47: =MAX(65-$G47,0) -> 0 | L47: =MAX($G47-50,0) -> 32.8 | M47: =MAX($G47-55,0) -> 27.8 | N47: =MAX($G47-60,0) -> 22.8 | O47: =MAX($G47-65,0) -> 17.8 | P47: =MAX($G47-70,0) -> 12.8 | Q47: =MAX($G47-75,0) -> 7.8 | R47: =MAX($G47-80,0) -> 2.8
A48: =+A47+1 -> 40 | B48: =+B14 -> 45111 | C48: 85 | D48: 82 | E48: 80 | F48: 81 | G48: =ROUND(AVERAGE(C14:V14,C48:F48),1) -> 82.5 | H48: =MAX(45-$G48,0) -> 0 | I48: =MAX(55-$G48,0) -> 0 | J48: =MAX(60-$G48,0) -> 0 | K48: =MAX(65-$G48,0) -> 0 | L48: =MAX($G48-50,0) -> 32.5 | M48: =MAX($G48-55,0) -> 27.5 | N48: =MAX($G48-60,0) -> 22.5 | O48: =MAX($G48-65,0) -> 17.5 | P48: =MAX($G48-70,0) -> 12.5 | Q48: =MAX($G48-75,0) -> 7.5 | R48: =MAX($G48-80,0) -> 2.5
A49: =+A48+1 -> 41 | B49: =+B15 -> 45112 | C49: 87 | D49: 84 | E49: 82 | F49: 80 | G49: =ROUND(AVERAGE(C15:V15,C49:F49),1) -> 84.8 | H49: =MAX(45-$G49,0) -> 0 | I49: =MAX(55-$G49,0) -> 0 | J49: =MAX(60-$G49,0) -> 0 | K49: =MAX(65-$G49,0) -> 0 | L49: =MAX($G49-50,0) -> 34.8 | M49: =MAX($G49-55,0) -> 29.8 | N49: =MAX($G49-60,0) -> 24.8 | O49: =MAX($G49-65,0) -> 19.8 | P49: =MAX($G49-70,0) -> 14.8 | Q49: =MAX($G49-75,0) -> 9.8 | R49: =MAX($G49-80,0) -> 4.8
A50: =+A49+1 -> 42 | B50: =+B16 -> 45113 | C50: 85 | D50: 81 | E50: 81 | F50: 81 | G50: =ROUND(AVERAGE(C16:V16,C50:F50),1) -> 81.9 | H50: =MAX(45-$G50,0) -> 0 | I50: =MAX(55-$G50,0) -> 0 | J50: =MAX(60-$G50,0) -> 0 | K50: =MAX(65-$G50,0) -> 0 | L50: =MAX($G50-50,0) -> 31.9 | M50: =MAX($G50-55,0) -> 26.9 | N50: =MAX($G50-60,0) -> 21.9 | O50: =MAX($G50-65,0) -> 16.9 | P50: =MAX($G50-70,0) -> 11.9 | Q50: =MAX($G50-75,0) -> 6.9 | R50: =MAX($G50-80,0) -> 1.9
A51: =+A50+1 -> 43 | B51: =+B17 -> 45114 | C51: 86 | D51: 82 | E51: 83 | F51: 80 | G51: =ROUND(AVERAGE(C17:V17,C51:F51),1) -> 82 | H51: =MAX(45-$G51,0) -> 0 | I51: =MAX(55-$G51,0) -> 0 | J51: =MAX(60-$G51,0) -> 0 | K51: =MAX(65-$G51,0) -> 0 | L51: =MAX($G51-50,0) -> 32 | M51: =MAX($G51-55,0) -> 27 | N51: =MAX($G51-60,0) -> 22 | O51: =MAX($G51-65,0) -> 17 | P51: =MAX($G51-70,0) -> 12 | Q51: =MAX($G51-75,0) -> 7 | R51: =MAX($G51-80,0) -> 2
A52: =+A51+1 -> 44 | B52: =+B18 -> 45115 | C52: 89 | D52: 86 | E52: 83 | F52: 81 | G52: =ROUND(AVERAGE(C18:V18,C52:F52),1) -> 84.9 | H52: =MAX(45-$G52,0) -> 0 | I52: =MAX(55-$G52,0) -> 0 | J52: =MAX(60-$G52,0) -> 0 | K52: =MAX(65-$G52,0) -> 0 | L52: =MAX($G52-50,0) -> 34.9 | M52: =MAX($G52-55,0) -> 29.9 | N52: =MAX($G52-60,0) -> 24.9 | O52: =MAX($G52-65,0) -> 19.9 | P52: =MAX($G52-70,0) -> 14.9 | Q52: =MAX($G52-75,0) -> 9.9 | R52: =MAX($G52-80,0) -> 4.9
A53: =+A52+1 -> 45 | B53: =+B19 -> 45116 | C53: 87 | D53: 84 | E53: 82 | F53: 81 | G53: =ROUND(AVERAGE(C19:V19,C53:F53),1) -> 86 | H53: =MAX(45-$G53,0) -> 0 | I53: =MAX(55-$G53,0) -> 0 | J53: =MAX(60-$G53,0) -> 0 | K53: =MAX(65-$G53,0) -> 0 | L53: =MAX($G53-50,0) -> 36 | M53: =MAX($G53-55,0) -> 31 | N53: =MAX($G53-60,0) -> 26 | O53: =MAX($G53-65,0) -> 21 | P53: =MAX($G53-70,0) -> 16 | Q53: =MAX($G53-75,0) -> 11 | R53: =MAX($G53-80,0) -> 6
A54: =+A53+1 -> 46 | B54: =+B20 -> 45117 | C54: 91 | D54: 87 | E54: 81 | F54: 83 | G54: =ROUND(AVERAGE(C20:V20,C54:F54),1) -> 86.5 | H54: =MAX(45-$G54,0) -> 0 | I54: =MAX(55-$G54,0) -> 0 | J54: =MAX(60-$G54,0) -> 0 | K54: =MAX(65-$G54,0) -> 0 | L54: =MAX($G54-50,0) -> 36.5 | M54: =MAX($G54-55,0) -> 31.5 | N54: =MAX($G54-60,0) -> 26.5 | O54: =MAX($G54-65,0) -> 21.5 | P54: =MAX($G54-70,0) -> 16.5 | Q54: =MAX($G54-75,0) -> 11.5 | R54: =MAX($G54-80,0) -> 6.5
A55: =+A54+1 -> 47 | B55: =+B21 -> 45118 | C55: 90 | D55: 86 | E55: 84 | F55: 85 | G55: =ROUND(AVERAGE(C21:V21,C55:F55),1) -> 86.7 | H55: =MAX(45-$G55,0) -> 0 | I55: =MAX(55-$G55,0) -> 0 | J55: =MAX(60-$G55,0) -> 0 | K55: =MAX(65-$G55,0) -> 0 | L55: =MAX($G55-50,0) -> 36.7 | M55: =MAX($G55-55,0) -> 31.7 | N55: =MAX($G55-60,0) -> 26.7 | O55: =MAX($G55-65,0) -> 21.7 | P55: =MAX($G55-70,0) -> 16.7 | Q55: =MAX($G55-75,0) -> 11.7 | R55: =MAX($G55-80,0) -> 6.7
A56: =+A55+1 -> 48 | B56: =+B22 -> 45119 | C56: 94 | D56: 90 | E56: 90 | F56: 93 | G56: =ROUND(AVERAGE(C22:V22,C56:F56),1) -> 93.1 | H56: =MAX(45-$G56,0) -> 0 | I56: =MAX(55-$G56,0) -> 0 | J56: =MAX(60-$G56,0) -> 0 | K56: =MAX(65-$G56,0) -> 0 | L56: =MAX($G56-50,0) -> 43.1 | M56: =MAX($G56-55,0) -> 38.1 | N56: =MAX($G56-60,0) -> 33.1 | O56: =MAX($G56-65,0) -> 28.1 | P56: =MAX($G56-70,0) -> 23.1 | Q56: =MAX($G56-75,0) -> 18.1 | R56: =MAX($G56-80,0) -> 13.1
... A75: =+A74+1 -> 67 | B75: =+B41 -> 45138 | C75: 94 | D75: 90 | E75: 86 | F75: 88 | G75: =ROUND(AVERAGE(C41:V41,C75:F75),1) -> 90.3 | H75: =MAX(45-$G75,0) -> 0 | I75: =MAX(55-$G75,0) -> 0 | J75: =MAX(60-$G75,0) -> 0 | K75: =MAX(65-$G75,0) -> 0 | L75: =MAX($G75-50,0) -> 40.3 | M75: =MAX($G75-55,0) -> 35.3 | N75: =MAX($G75-60,0) -> 30.3 | O75: =MAX($G75-65,0) -> 25.3 | P75: =MAX($G75-70,0) -> 20.3 | Q75: =MAX($G75-75,0) -> 15.3 | R75: =MAX($G75-80,0) -> 10.3
G77: JULY | H77: =SUM(H45:H75) -> 0 | I77: =SUM(I45:I75) -> 0 | J77: =SUM(J45:J75) -> 0 | K77: =SUM(K45:K75) -> 0 | L77: =SUM(L45:L75) -> 1156.2 | M77: =SUM(M45:M75) -> 1001.2 | N77: =SUM(N45:N75) -> 846.2 | O77: =SUM(O45:O75) -> 691.2 | ... R77: =SUM(R45:R75) -> 235.1

Sheet Abilene (AE) Jan 2024
B1: =+Base45h!B1 -> PUC DOCKET NO.
B2: =+Base45h!B2 -> ONCOR ELECTRIC DELIVERY COMPANY LLC
B3: =+Base45h!B3 -> WEATHER STATION DATA
B4: =+Base45h!B4 -> FOR THE TEST YEAR ENDING DECEMBER 31, 2024
B6: =+Base45h!B6 -> SPONSOR: D. E. NELSON
A7: Line No.
A9: 1 | B9: Abilene Daily Actual Weather Calculation for January 2024
A10: =+A9+1 -> 2 | B10: DATE | C10: HR1 | D10: HR2 | E10: HR3 | F10: HR4 | G10: HR5 | H10: HR6 | I10: HR7 | J10: HR8 | K10: HR9 | L10: HR10 | M10: HR11 | N10: HR12 | O10: HR13 | P10: HR14 | Q10: HR15 | R10: HR16 | S10: HR17 | T10: HR18 | U10: HR19 | V10: HR20
A11: =+A10+1 -> 3 | B11: 45292 | C11: 37 | D11: 36 | E11: 35 | F11: 33 | G11: 32 | H11: 32 | I11: 31 | J11: 31 | K11: 30 | L11: 30 | M11: 31 | N11: 32 | O11: 33 | P11: 36 | Q11: 40 | R11: 41 | S11: 43 | T11: 43 | U11: 40 | V11: 38
A12: =+A11+1 -> 4 | B12: =+B11+1 -> 45293 | C12: 30 | D12: 30 | E12: 31 | F12: 31 | G12: 31 | H12: 31 | I12: 34 | J12: 34 | K12: 36 | L12: 37 | M12: 38 | N12: 40 | O12: 42 | P12: 40 | Q12: 39 | R12: 38 | S12: 39 | T12: 39 | U12: 40 | V12: 40
A13: =+A12+1 -> 5 | B13: =+B12+1 -> 45294 | C13: 40 | D13: 40 | E13: 40 | F13: 40 | G13: 40 | H13: 41 | I13: 41 | J13: 41 | K13: 41 | L13: 42 | M13: 43 | N13: 43 | O13: 45 | P13: 47 | Q13: 48 | R13: 49 | S13: 50 | T13: 51 | U13: 50 | V13: 46
A14: =+A13+1 -> 6 | B14: =+B13+1 -> 45295 | C14: 38 | D14: 37 | E14: 36 | F14: 36 | G14: 35 | H14: 37 | I14: 38 | J14: 38 | K14: 39 | L14: 40 | M14: 42 | N14: 44 | O14: 44 | P14: 44 | Q14: 45 | R14: 46 | S14: 46 | T14: 46 | U14: 45 | V14: 45
A15: =+A14+1 -> 7 | B15: =+B14+1 -> 45296 | C15: 44 | D15: 43 | E15: 42 | F15: 42 | G15: 41 | H15: 40 | I15: 39 | J15: 38 | K15: 37 | L15: 41 | M15: 48 | N15: 51 | O15: 52 | P15: 54 | Q15: 56 | R15: 55 | S15: 54 | T15: 53 | U15: 48 | V15: 46
A16: =+A15+1 -> 8 | B16: =+B15+1 -> 45297 | C16: 35 | D16: 36 | E16: 34 | F16: 34 | G16: 33 | H16: 33 | I16: 33 | J16: 32 | K16: 32 | L16: 36 | M16: 41 | N16: 43 | O16: 45 | P16: 46 | Q16: 50 | R16: 51 | S16: 51 | T16: 51 | U16: 46 | V16: 44
A17: =+A16+1 -> 9 | B17: =+B16+1 -> 45298 | C17: 36 | D17: 36 | E17: 36 | F17: 33 | G17: 32 | H17: 31 | I17: 33 | J17: 33 | K17: 33 | L17: 41 | M17: 46 | N17: 50 | O17: 56 | P17: 58 | Q17: 60 | R17: 61 | S17: 62 | T17: 60 | U17: 57 | V17: 54
A18: =+A17+1 -> 10 | B18: =+B17+1 -> 45299 | C18: 53 | D18: 54 | E18: 57 | F18: 57 | G18: 57 | H18: 58 | I18: 56 | J18: 53 | K18: 54 | L18: 50 | M18: 51 | N18: 50 | O18: 52 | P18: 54 | Q18: 53 | R18: 50 | S18: 54 | T18: 51 | U18: 47 | V18: 44
A19: =+A18+1 -> 11 | B19: =+B18+1 -> 45300 | C19: 36 | D19: 35 | E19: 35 | F19: 35 | G19: 35 | H19: 34 | I19: 34 | J19: 34 | K19: 34 | L19: 36 | M19: 40 | N19: 44 | O19: 47 | P19: 48 | Q19: 50 | R19: 51 | S19: 51 | T19: 50 | U19: 45 | V19: 43
A20: =+A19+1 -> 12 | B20: =+B19+1 -> 45301 | C20: 35 | D20: 39 | E20: 40 | F20: 40 | G20: 39 | H20: 41 | I20: 40 | J20: 40 | K20: 40 | L20: 44 | M20: 49 | N20: 55 | O20: 60 | P20: 66 | Q20: 68 | R20: 68 | S20: 68 | T20: 67 | U20: 60 | V20: 53
A21: =+A20+1 -> 13 | B21: =+B20+1 -> 45302 | C21: 51 | D21: 50 | E21: 47 | F21: 46 | G21: 47 | H21: 45 | I21: 45 | J21: 43 | K21: 46 | L21: 49 | M21: 54 | N21: 61 | O21: 65 | P21: 68 | Q21: 72 | R21: 74 | S21: 73 | T21: 71 | U21: 64 | V21: 60
A22: =+A21+1 -> 14 | B22: =+B21+1 -> 45303 | C22: 55 | D22: 53 | E22: 35 | F22: 32 | G22: 30 | H22: 29 | I22: 28 | J22: 27 | K22: 28 | L22: 30 | M22: 34 | N22: 39 | O22: 39 | P22: 46 | Q22: 48 | R22: 52 | S22: 51 | T22: 51 | U22: 47 | V22: 43
A23: =+A22+1 -> 15 | B23: =+B22+1 -> 45304 | C23: 33 | D23: 31 | E23: 33 | F23: 37 | G23: 39 | H23: 42 | I23: 39 | J23: 36 | K23: 39 | L23: 44 | M23: 49 | N23: 54 | O23: 57 | P23: 62 | Q23: 64 | R23: 62 | S23: 53 | T23: 31 | U23: 28 | V23: 26
... A41: =+A40+1 -> 33 | B41: =+B40+1 -> 45322 | C41: 47 | D41: 46 | E41: 45 | F41: 44 | G41: 47 | H41: 45 | I41: 46 | J41: 46 | K41: 48 | L41: 52 | M41: 59 | N41: 66 | O41: 70 | P41: 70 | Q41: 72 | R41: 71 | S41: 71 | T41: 69 | U41: 65 | V41: 59
A42: =+A41+1 -> 34
A43: =+A42+1 -> 35
A44: =+A43+1 -> 36 | B44: DATE | C44: HR21 | D44: HR22 | E44: HR23 | F44: HR24 | G44: DAILY AVG | H44: HDD45 | I44: HDD55 | J44: HDD60 | K44: HDD65 | L44: CDD50 | M44: CDD55 | N44: CDD60 | O44: CDD65 | P44: CDD70 | Q44: CDD75 | R44: CDD80
A45: =+A44+1 -> 37 | B45: =+B11 -> 45292 | C45: 37 | D45: 35 | E45: 31 | F45: 30 | G45: =ROUND(AVERAGE(C11:V11,C45:F45),1) -> 34.9 | H45: =MAX(45-$G45,0) -> 10.1 | I45: =MAX(55-$G45,0) -> 20.1 | J45: =MAX(60-$G45,0) -> 25.1 | K45: =MAX(65-$G45,0) -> 30.1 | L45: =MAX($G45-50,0) -> 0 | M45: =MAX($G45-55,0) -> 0 | N45: =MAX($G45-60,0) -> 0 | O45: =MAX($G45-65,0) -> 0 | P45: =MAX($G45-70,0) -> 0 | Q45: =MAX($G45-75,0) -> 0 | R45: =MAX($G45-80,0) -> 0
A46: =+A45+1 -> 38 | B46: =+B12 -> 45293 | C46: 40 | D46: 40 | E46: 40 | F46: 40 | G46: =ROUND(AVERAGE(C12:V12,C46:F46),1) -> 36.7 | H46: =MAX(45-$G46,0) -> 8.3 | I46: =MAX(55-$G46,0) -> 18.3 | J46: =MAX(60-$G46,0) -> 23.3 | K46: =MAX(65-$G46,0) -> 28.3 | L46: =MAX($G46-50,0) -> 0 | M46: =MAX($G46-55,0) -> 0 | N46: =MAX($G46-60,0) -> 0 | O46: =MAX($G46-65,0) -> 0 | P46: =MAX($G46-70,0) -> 0 | Q46: =MAX($G46-75,0) -> 0 | R46: =MAX($G46-80,0) -> 0
A47: =+A46+1 -> 39 | B47: =+B13 -> 45294 | C47: 43 | D47: 40 | E47: 40 | F47: 39 | G47: =ROUND(AVERAGE(C13:V13,C47:F47),1) -> 43.3 | H47: =MAX(45-$G47,0) -> 1.7 | I47: =MAX(55-$G47,0) -> 11.7 | J47: =MAX(60-$G47,0) -> 16.7 | K47: =MAX(65-$G47,0) -> 21.7 | L47: =MAX($G47-50,0) -> 0 | M47: =MAX($G47-55,0) -> 0 | N47: =MAX($G47-60,0) -> 0 | O47: =MAX($G47-65,0) -> 0 | P47: =MAX($G47-70,0) -> 0 | Q47: =MAX($G47-75,0) -> 0 | R47: =MAX($G47-80,0) -> 0
A48: =+A47+1 -> 40 | B48: =+B14 -> 45295 | C48: 45 | D48: 45 | E48: 45 | F48: 44 | G48: =ROUND(AVERAGE(C14:V14,C48:F48),1) -> 41.7 | H48: =MAX(45-$G48,0) -> 3.3 | I48: =MAX(55-$G48,0) -> 13.3 | J48: =MAX(60-$G48,0) -> 18.3 | K48: =MAX(65-$G48,0) -> 23.3 | L48: =MAX($G48-50,0) -> 0 | M48: =MAX($G48-55,0) -> 0 | N48: =MAX($G48-60,0) -> 0 | O48: =MAX($G48-65,0) -> 0 | P48: =MAX($G48-70,0) -> 0 | Q48: =MAX($G48-75,0) -> 0 | R48: =MAX($G48-80,0) -> 0
A49: =+A48+1 -> 41 | B49: =+B15 -> 45296 | C49: 43 | D49: 41 | E49: 39 | F49: 39 | G49: =ROUND(AVERAGE(C15:V15,C49:F49),1) -> 45.3 | H49: =MAX(45-$G49,0) -> 0 | I49: =MAX(55-$G49,0) -> 9.7 | J49: =MAX(60-$G49,0) -> 14.7 | K49: =MAX(65-$G49,0) -> 19.7 | L49: =MAX($G49-50,0) -> 0 | M49: =MAX($G49-55,0) -> 0 | N49: =MAX($G49-60,0) -> 0 | O49: =MAX($G49-65,0) -> 0 | P49: =MAX($G49-70,0) -> 0 | Q49: =MAX($G49-75,0) -> 0 | R49: =MAX($G49-80,0) -> 0
A50: =+A49+1 -> 42 | B50: =+B16 -> 45297 | C50: 42 | D50: 39 | E50: 38 | F50: 37 | G50: =ROUND(AVERAGE(C16:V16,C50:F50),1) -> 40.1 | H50: =MAX(45-$G50,0) -> 4.9 | I50: =MAX(55-$G50,0) -> 14.9 | J50: =MAX(60-$G50,0) -> 19.9 | K50: =MAX(65-$G50,0) -> 24.9 | L50: =MAX($G50-50,0) -> 0 | M50: =MAX($G50-55,0) -> 0 | N50: =MAX($G50-60,0) -> 0 | O50: =MAX($G50-65,0) -> 0 | P50: =MAX($G50-70,0) -> 0 | Q50: =MAX($G50-75,0) -> 0 | R50: =MAX($G50-80,0) -> 0
A51: =+A50+1 -> 43 | B51: =+B17 -> 45298 | C51: 53 | D51: 53 | E51: 52 | F51: 51 | G51: =ROUND(AVERAGE(C17:V17,C51:F51),1) -> 46.5 | H51: =MAX(45-$G51,0) -> 0 | I51: =MAX(55-$G51,0) -> 8.5 | J51: =MAX(60-$G51,0) -> 13.5 | K51: =MAX(65-$G51,0) -> 18.5 | L51: =MAX($G51-50,0) -> 0 | M51: =MAX($G51-55,0) -> 0 | N51: =MAX($G51-60,0) -> 0 | O51: =MAX($G51-65,0) -> 0 | P51: =MAX($G51-70,0) -> 0 | Q51: =MAX($G51-75,0) -> 0 | R51: =MAX($G51-80,0) -> 0
A52: =+A51+1 -> 44 | B52: =+B18 -> 45299 | C52: 40 | D52: 39 | E52: 36 | F52: 36 | G52: =ROUND(AVERAGE(C18:V18,C52:F52),1) -> 50.3 | H52: =MAX(45-$G52,0) -> 0 | I52: =MAX(55-$G52,0) -> 4.7 | J52: =MAX(60-$G52,0) -> 9.7 | K52: =MAX(65-$G52,0) -> 14.7 | L52: =MAX($G52-50,0) -> 0.3 | M52: =MAX($G52-55,0) -> 0 | N52: =MAX($G52-60,0) -> 0 | O52: =MAX($G52-65,0) -> 0 | P52: =MAX($G52-70,0) -> 0 | Q52: =MAX($G52-75,0) -> 0 | R52: =MAX($G52-80,0) -> 0
A53: =+A52+1 -> 45 | B53: =+B19 -> 45300 | C53: 37 | D53: 35 | E53: 34 | F53: 35 | G53: =ROUND(AVERAGE(C19:V19,C53:F53),1) -> 39.9 | H53: =MAX(45-$G53,0) -> 5.1 | I53: =MAX(55-$G53,0) -> 15.1 | J53: =MAX(60-$G53,0) -> 20.1 | K53: =MAX(65-$G53,0) -> 25.1 | L53: =MAX($G53-50,0) -> 0 | M53: =MAX($G53-55,0) -> 0 | N53: =MAX($G53-60,0) -> 0 | O53: =MAX($G53-65,0) -> 0 | P53: =MAX($G53-70,0) -> 0 | Q53: =MAX($G53-75,0) -> 0 | R53: =MAX($G53-80,0) -> 0
A54: =+A53+1 -> 46 | B54: =+B20 -> 45301 | C54: 49 | D54: 48 | E54: 48 | F54: 45 | G54: =ROUND(AVERAGE(C20:V20,C54:F54),1) -> 50.1 | H54: =MAX(45-$G54,0) -> 0 | I54: =MAX(55-$G54,0) -> 4.9 | J54: =MAX(60-$G54,0) -> 9.9 | K54: =MAX(65-$G54,0) -> 14.9 | L54: =MAX($G54-50,0) -> 0.1 | M54: =MAX($G54-55,0) -> 0 | N54: =MAX($G54-60,0) -> 0 | O54: =MAX($G54-65,0) -> 0 | P54: =MAX($G54-70,0) -> 0 | Q54: =MAX($G54-75,0) -> 0 | R54: =MAX($G54-80,0) -> 0
A55: =+A54+1 -> 47 | B55: =+B21 -> 45302 | C55: 59 | D55: 61 | E55: 62 | F55: 58 | G55: =ROUND(AVERAGE(C21:V21,C55:F55),1) -> 57.1 | H55: =MAX(45-$G55,0) -> 0 | I55: =MAX(55-$G55,0) -> 0 | J55: =MAX(60-$G55,0) -> 2.9 | K55: =MAX(65-$G55,0) -> 7.9 | L55: =MAX($G55-50,0) -> 7.1 | M55: =MAX($G55-55,0) -> 2.1 | N55: =MAX($G55-60,0) -> 0 | O55: =MAX($G55-65,0) -> 0 | P55: =MAX($G55-70,0) -> 0 | Q55: =MAX($G55-75,0) -> 0 | R55: =MAX($G55-80,0) -> 0
A56: =+A55+1 -> 48 | B56: =+B22 -> 45303 | C56: 42 | D56: 38 | E56: 40 | F56: 35 | G56: =ROUND(AVERAGE(C22:V22,C56:F56),1) -> 39.7 | H56: =MAX(45-$G56,0) -> 5.3 | I56: =MAX(55-$G56,0) -> 15.3 | J56: =MAX(60-$G56,0) -> 20.3 | K56: =MAX(65-$G56,0) -> 25.3 | L56: =MAX($G56-50,0) -> 0 | M56: =MAX($G56-55,0) -> 0 | N56: =MAX($G56-60,0) -> 0 | O56: =MAX($G56-65,0) -> 0 | P56: =MAX($G56-70,0) -> 0 | Q56: =MAX($G56-75,0) -> 0 | R56: =MAX($G56-80,0) -> 0
... A75: =+A74+1 -> 67 | B75: =+B41 -> 45322 | C75: 57 | D75: 54 | E75: 52 | F75: 56 | G75: =ROUND(AVERAGE(C41:V41,C75:F75),1) -> 56.5 | H75: =MAX(45-$G75,0) -> 0 | I75: =MAX(55-$G75,0) -> 0 | J75: =MAX(60-$G75,0) -> 3.5 | K75: =MAX(65-$G75,0) -> 8.5 | L75: =MAX($G75-50,0) -> 6.5 | M75: =MAX($G75-55,0) -> 1.5 | N75: =MAX($G75-60,0) -> 0 | O75: =MAX($G75-65,0) -> 0 | P75: =MAX($G75-70,0) -> 0 | Q75: =MAX($G75-75,0) -> 0 | R75: =MAX($G75-80,0) -> 0
G77: JANUARY | H77: =SUM(H45:H75) -> 185.8 | I77: =SUM(I45:I75) -> 417.2 | J77: =SUM(J45:J75) -> 568.2 | K77: =SUM(K45:K75) -> 723.2 | L77: =SUM(L45:L75) -> 26 | M77: =SUM(M45:M75) -> 4 | N77: =SUM(N45:N75) -> 0 | O77: =SUM(O45:O75) -> 0 | ... R77: =SUM(R45:R75) -> 0

Sheet Abilene (AE) Jul 2024
B1: =+Base45h!B1 -> PUC DOCKET NO.
B2: =+Base45h!B2 -> ONCOR ELECTRIC DELIVERY COMPANY LLC
B3: =+Base45h!B3 -> WEATHER STATION DATA
B4: =+Base45h!B4 -> FOR THE TEST YEAR ENDING DECEMBER 31, 2024
B6: =+Base45h!B6 -> SPONSOR: D. E. NELSON
A7: Line No.
A9: 1 | B9: Abilene Daily Actual Weather Calculation for July 2024
A10: =+A9+1 -> 2 | B10: DATE | C10: HR1 | D10: HR2 | E10: HR3 | F10: HR4 | G10: HR5 | H10: HR6 | I10: HR7 | J10: HR8 | K10: HR9 | L10: HR10 | M10: HR11 | N10: HR12 | O10: HR13 | P10: HR14 | Q10: HR15 | R10: HR16 | S10: HR17 | T10: HR18 | U10: HR19 | V10: HR20
A11: =+A10+1 -> 3 | B11: 45474 | C11: 85 | D11: 83 | E11: 81 | F11: 80 | G11: 80 | H11: 79 | I11: 79 | J11: 81 | K11: 84 | L11: 87 | M11: 90 | N11: 93 | O11: 96 | P11: 98 | Q11: 98 | R11: 100 | S11: 101 | T11: 100 | U11: 99 | V11: 97
A12: =+A11+1 -> 4 | B12: =+B11+1 -> 45475 | C12: 87 | D12: 86 | E12: 83 | F12: 78 | G12: 78 | H12: 80 | I12: 80 | J12: 81 | K12: 84 | L12: 87 | M12: 90 | N12: 93 | O12: 97 | P12: 98 | Q12: 101 | R12: 103 | S12: 103 | T12: 103 | U12: 100 | V12: 99
A13: =+A12+1 -> 5 | B13: =+B12+1 -> 45476 | C13: 87 | D13: 85 | E13: 84 | F13: 84 | G13: 82 | H13: 80 | I13: 78 | J13: 80 | K13: 84 | L13: 87 | M13: 89 | N13: 93 | O13: 95 | P13: 97 | Q13: 98 | R13: 99 | S13: 100 | T13: 100 | U13: 99 | V13: 97
A14: =+A13+1 -> 6 | B14: =+B13+1 -> 45477 | C14: 85 | D14: 85 | E14: 84 | F14: 83 | G14: 82 | H14: 81 | I14: 78 | J14: 81 | K14: 84 | L14: 87 | M14: 90 | N14: 93 | O14: 97 | P14: 98 | Q14: 100 | R14: 101 | S14: 100 | T14: 101 | U14: 99 | V14: 99
A15: =+A14+1 -> 7 | B15: =+B14+1 -> 45478 | C15: 85 | D15: 84 | E15: 83 | F15: 82 | G15: 82 | H15: 81 | I15: 81 | J15: 81 | K15: 83 | L15: 84 | M15: 85 | N15: 86 | O15: 88 | P15: 87 | Q15: 75 | R15: 81 | S15: 82 | T15: 84 | U15: 84 | V15: 81
A16: =+A15+1 -> 8 | B16: =+B15+1 -> 45479 | C16: 70 | D16: 69 | E16: 69 | F16: 68 | G16: 69 | H16: 68 | I16: 69 | J16: 70 | K16: 73 | L16: 75 | M16: 81 | N16: 85 | O16: 88 | P16: 91 | Q16: 94 | R16: 94 | S16: 93 | T16: 94 | U16: 84 | V16: 80
A17: =+A16+1 -> 9 | B17: =+B16+1 -> 45480 | C17: 71 | D17: 69 | E17: 69 | F17: 70 | G17: 70 | H17: 67 | I17: 70 | J17: 74 | K17: 80 | L17: 84 | M17: 87 | N17: 90 | O17: 92 | P17: 95 | Q17: 95 | R17: 97 | S17: 96 | T17: 96 | U17: 94 | V17: 92
A18: =+A17+1 -> 10 | B18: =+B17+1 -> 45481 | C18: 69 | D18: 69 | E18: 69 | F18: 69 | G18: 70 | H18: 68 | I18: 69 | J18: 70 | K18: 73 | L18: 75 | M18: 78 | N18: 80 | O18: 84 | P18: 88 | Q18: 89 | R18: 90 | S18: 91 | T18: 90 | U18: 89 | V18: 86
A19: =+A18+1 -> 11 | B19: =+B18+1 -> 45482 | C19: 73 | D19: 74 | E19: 70 | F19: 70 | G19: 69 | H19: 70 | I19: 70 | J19: 72 | K19: 78 | L19: 83 | M19: 88 | N19: 90 | O19: 92 | P19: 93 | Q19: 92 | R19: 95 | S19: 95 | T19: 96 | U19: 93 | V19: 92
A20: =+A19+1 -> 12 | B20: =+B19+1 -> 45483 | C20: 76 | D20: 76 | E20: 75 | F20: 74 | G20: 76 | H20: 74 | I20: 74 | J20: 76 | K20: 82 | L20: 85 | M20: 90 | N20: 92 | O20: 95 | P20: 94 | Q20: 93 | R20: 96 | S20: 96 | T20: 96 | U20: 95 | V20: 94
A21: =+A20+1 -> 13 | B21: =+B20+1 -> 45484 | C21: 78 | D21: 79 | E21: 78 | F21: 78 | G21: 76 | H21: 75 | I21: 75 | J21: 76 | K21: 80 | L21: 86 | M21: 89 | N21: 92 | O21: 93 | P21: 97 | Q21: 96 | R21: 97 | S21: 97 | T21: 97 | U21: 95 | V21: 93
A22: =+A21+1 -> 14 | B22: =+B21+1 -> 45485 | C22: 80 | D22: 78 | E22: 77 | F22: 74 | G22: 73 | H22: 73 | I22: 73 | J22: 77 | K22: 81 | L22: 86 | M22: 88 | N22: 90 | O22: 92 | P22: 94 | Q22: 97 | R22: 97 | S22: 97 | T22: 96 | U22: 95 | V22: 93
A23: =+A22+1 -> 15 | B23: =+B22+1 -> 45486 | C23: 78 | D23: 76 | E23: 75 | F23: 74 | G23: 73 | H23: 72 | I23: 73 | J23: 75 | K23: 79 | L23: 82 | M23: 86 | N23: 88 | O23: 91 | P23: 93 | Q23: 94 | R23: 95 | S23: 96 | T23: 97 | U23: 96 | V23: 92
... A41: =+A40+1 -> 33 | B41: =+B40+1 -> 45504 | C41: 84 | D41: 82 | E41: 81 | F41: 80 | G41: 79 | H41: 79 | I41: 78 | J41: 79 | K41: 82 | L41: 86 | M41: 88 | N41: 92 | O41: 96 | P41: 97 | Q41: 99 | R41: 101 | S41: 101 | T41: 100 | U41: 98 | V41: 95
A42: =+A41+1 -> 34
A43: =+A42+1 -> 35
A44: =+A43+1 -> 36 | B44: DATE | C44: HR21 | D44: HR22 | E44: HR23 | F44: HR24 | G44: DAILY AVG | H44: HDD45 | I44: HDD55 | J44: HDD60 | K44: HDD65 | L44: CDD50 | M44: CDD55 | N44: CDD60 | O44: CDD65 | P44: CDD70 | Q44: CDD75 | R44: CDD80
A45: =+A44+1 -> 37 | B45: =+B11 -> 45474 | C45: 93 | D45: 90 | E45: 89 | F45: 89 | G45: =ROUND(AVERAGE(C11:V11,C45:F45),1) -> 89.7 | H45: =MAX(45-$G45,0) -> 0 | I45: =MAX(55-$G45,0) -> 0 | J45: =MAX(60-$G45,0) -> 0 | K45: =MAX(65-$G45,0) -> 0 | L45: =MAX($G45-50,0) -> 39.7 | M45: =MAX($G45-55,0) -> 34.7 | N45: =MAX($G45-60,0) -> 29.7 | O45: =MAX($G45-65,0) -> 24.7 | P45: =MAX($G45-70,0) -> 19.7 | Q45: =MAX($G45-75,0) -> 14.7 | R45: =MAX($G45-80,0) -> 9.7
A46: =+A45+1 -> 38 | B46: =+B12 -> 45475 | C46: 94 | D46: 92 | E46: 91 | F46: 90 | G46: =ROUND(AVERAGE(C12:V12,C46:F46),1) -> 90.8 | H46: =MAX(45-$G46,0) -> 0 | I46: =MAX(55-$G46,0) -> 0 | J46: =MAX(60-$G46,0) -> 0 | K46: =MAX(65-$G46,0) -> 0 | L46: =MAX($G46-50,0) -> 40.8 | M46: =MAX($G46-55,0) -> 35.8 | N46: =MAX($G46-60,0) -> 30.8 | O46: =MAX($G46-65,0) -> 25.8 | P46: =MAX($G46-70,0) -> 20.8 | Q46: =MAX($G46-75,0) -> 15.8 | R46: =MAX($G46-80,0) -> 10.8
A47: =+A46+1 -> 39 | B47: =+B13 -> 45476 | C47: 93 | D47: 91 | E47: 89 | F47: 87 | G47: =ROUND(AVERAGE(C13:V13,C47:F47),1) -> 89.9 | H47: =MAX(45-$G47,0) -> 0 | I47: =MAX(55-$G47,0) -> 0 | J47: =MAX(60-$G47,0) -> 0 | K47: =MAX(65-$G47,0) -> 0 | L47: =MAX($G47-50,0) -> 39.9 | M47: =MAX($G47-55,0) -> 34.9 | N47: =MAX($G47-60,0) -> 29.9 | O47: =MAX($G47-65,0) -> 24.9 | P47: =MAX($G47-70,0) -> 19.9 | Q47: =MAX($G47-75,0) -> 14.9 | R47: =MAX($G47-80,0) -> 9.9
A48: =+A47+1 -> 40 | B48: =+B14 -> 45477 | C48: 94 | D48: 91 | E48: 89 | F48: 87 | G48: =ROUND(AVERAGE(C14:V14,C48:F48),1) -> 90.4 | H48: =MAX(45-$G48,0) -> 0 | I48: =MAX(55-$G48,0) -> 0 | J48: =MAX(60-$G48,0) -> 0 | K48: =MAX(65-$G48,0) -> 0 | L48: =MAX($G48-50,0) -> 40.4 | M48: =MAX($G48-55,0) -> 35.4 | N48: =MAX($G48-60,0) -> 30.4 | O48: =MAX($G48-65,0) -> 25.4 | P48: =MAX($G48-70,0) -> 20.4 | Q48: =MAX($G48-75,0) -> 15.4 | R48: =MAX($G48-80,0) -> 10.4
A49: =+A48+1 -> 41 | B49: =+B15 -> 45478 | C49: 78 | D49: 75 | E49: 74 | F49: 71 | G49: =ROUND(AVERAGE(C15:V15,C49:F49),1) -> 81.5 | H49: =MAX(45-$G49,0) -> 0 | I49: =MAX(55-$G49,0) -> 0 | J49: =MAX(60-$G49,0) -> 0 | K49: =MAX(65-$G49,0) -> 0 | L49: =MAX($G49-50,0) -> 31.5 | M49: =MAX($G49-55,0) -> 26.5 | N49: =MAX($G49-60,0) -> 21.5 | O49: =MAX($G49-65,0) -> 16.5 | P49: =MAX($G49-70,0) -> 11.5 | Q49: =MAX($G49-75,0) -> 6.5 | R49: =MAX($G49-80,0) -> 1.5
A50: =+A49+1 -> 42 | B50: =+B16 -> 45479 | C50: 76 | D50: 75 | E50: 74 | F50: 73 | G50: =ROUND(AVERAGE(C16:V16,C50:F50),1) -> 78.4 | H50: =MAX(45-$G50,0) -> 0 | I50: =MAX(55-$G50,0) -> 0 | J50: =MAX(60-$G50,0) -> 0 | K50: =MAX(65-$G50,0) -> 0 | L50: =MAX($G50-50,0) -> 28.4 | M50: =MAX($G50-55,0) -> 23.4 | N50: =MAX($G50-60,0) -> 18.4 | O50: =MAX($G50-65,0) -> 13.4 | P50: =MAX($G50-70,0) -> 8.4 | Q50: =MAX($G50-75,0) -> 3.4 | R50: =MAX($G50-80,0) -> 0
A51: =+A50+1 -> 43 | B51: =+B17 -> 45480 | C51: 89 | D51: 86 | E51: 83 | F51: 71 | G51: =ROUND(AVERAGE(C17:V17,C51:F51),1) -> 82.8 | H51: =MAX(45-$G51,0) -> 0 | I51: =MAX(55-$G51,0) -> 0 | J51: =MAX(60-$G51,0) -> 0 | K51: =MAX(65-$G51,0) -> 0 | L51: =MAX($G51-50,0) -> 32.8 | M51: =MAX($G51-55,0) -> 27.8 | N51: =MAX($G51-60,0) -> 22.8 | O51: =MAX($G51-65,0) -> 17.8 | P51: =MAX($G51-70,0) -> 12.8 | Q51: =MAX($G51-75,0) -> 7.8 | R51: =MAX($G51-80,0) -> 2.8
A52: =+A51+1 -> 44 | B52: =+B18 -> 45481 | C52: 84 | D52: 82 | E52: 78 | F52: 75 | G52: =ROUND(AVERAGE(C18:V18,C52:F52),1) -> 78.5 | H52: =MAX(45-$G52,0) -> 0 | I52: =MAX(55-$G52,0) -> 0 | J52: =MAX(60-$G52,0) -> 0 | K52: =MAX(65-$G52,0) -> 0 | L52: =MAX($G52-50,0) -> 28.5 | M52: =MAX($G52-55,0) -> 23.5 | N52: =MAX($G52-60,0) -> 18.5 | O52: =MAX($G52-65,0) -> 13.5 | P52: =MAX($G52-70,0) -> 8.5 | Q52: =MAX($G52-75,0) -> 3.5 | R52: =MAX($G52-80,0) -> 0
A53: =+A52+1 -> 45 | B53: =+B19 -> 45482 | C53: 88 | D53: 84 | E53: 79 | F53: 79 | G53: =ROUND(AVERAGE(C19:V19,C53:F53),1) -> 82.7 | H53: =MAX(45-$G53,0) -> 0 | I53: =MAX(55-$G53,0) -> 0 | J53: =MAX(60-$G53,0) -> 0 | K53: =MAX(65-$G53,0) -> 0 | L53: =MAX($G53-50,0) -> 32.7 | M53: =MAX($G53-55,0) -> 27.7 | N53: =MAX($G53-60,0) -> 22.7 | O53: =MAX($G53-65,0) -> 17.7 | P53: =MAX($G53-70,0) -> 12.7 | Q53: =MAX($G53-75,0) -> 7.7 | R53: =MAX($G53-80,0) -> 2.7
A54: =+A53+1 -> 46 | B54: =+B20 -> 45483 | C54: 90 | D54: 85 | E54: 82 | F54: 79 | G54: =ROUND(AVERAGE(C20:V20,C54:F54),1) -> 85.2 | H54: =MAX(45-$G54,0) -> 0 | I54: =MAX(55-$G54,0) -> 0 | J54: =MAX(60-$G54,0) -> 0 | K54: =MAX(65-$G54,0) -> 0 | L54: =MAX($G54-50,0) -> 35.2 | M54: =MAX($G54-55,0) -> 30.2 | N54: =MAX($G54-60,0) -> 25.2 | O54: =MAX($G54-65,0) -> 20.2 | P54: =MAX($G54-70,0) -> 15.2 | Q54: =MAX($G54-75,0) -> 10.2 | R54: =MAX($G54-80,0) -> 5.2
A55: =+A54+1 -> 47 | B55: =+B21 -> 45484 | C55: 89 | D55: 85 | E55: 83 | F55: 81 | G55: =ROUND(AVERAGE(C21:V21,C55:F55),1) -> 86 | H55: =MAX(45-$G55,0) -> 0 | I55: =MAX(55-$G55,0) -> 0 | J55: =MAX(60-$G55,0) -> 0 | K55: =MAX(65-$G55,0) -> 0 | L55: =MAX($G55-50,0) -> 36 | M55: =MAX($G55-55,0) -> 31 | N55: =MAX($G55-60,0) -> 26 | O55: =MAX($G55-65,0) -> 21 | P55: =MAX($G55-70,0) -> 16 | Q55: =MAX($G55-75,0) -> 11 | R55: =MAX($G55-80,0) -> 6
A56: =+A55+1 -> 48 | B56: =+B22 -> 45485 | C56: 89 | D56: 85 | E56: 82 | F56: 80 | G56: =ROUND(AVERAGE(C22:V22,C56:F56),1) -> 85.3 | H56: =MAX(45-$G56,0) -> 0 | I56: =MAX(55-$G56,0) -> 0 | J56: =MAX(60-$G56,0) -> 0 | K56: =MAX(65-$G56,0) -> 0 | L56: =MAX($G56-50,0) -> 35.3 | M56: =MAX($G56-55,0) -> 30.3 | N56: =MAX($G56-60,0) -> 25.3 | O56: =MAX($G56-65,0) -> 20.3 | P56: =MAX($G56-70,0) -> 15.3 | Q56: =MAX($G56-75,0) -> 10.3 | R56: =MAX($G56-80,0) -> 5.3
... A75: =+A74+1 -> 67 | B75: =+B41 -> 45504 | C75: 91 | D75: 90 | E75: 87 | F75: 86 | G75: =ROUND(AVERAGE(C41:V41,C75:F75),1) -> 88.8 | H75: =MAX(45-$G75,0) -> 0 | I75: =MAX(55-$G75,0) -> 0 | J75: =MAX(60-$G75,0) -> 0 | K75: =MAX(65-$G75,0) -> 0 | L75: =MAX($G75-50,0) -> 38.8 | M75: =MAX($G75-55,0) -> 33.8 | N75: =MAX($G75-60,0) -> 28.8 | O75: =MAX($G75-65,0) -> 23.8 | P75: =MAX($G75-70,0) -> 18.8 | Q75: =MAX($G75-75,0) -> 13.8 | R75: =MAX($G75-80,0) -> 8.8
G77: JULY | H77: =SUM(H45:H75) -> 0 | I77: =SUM(I45:I75) -> 0 | J77: =SUM(J45:J75) -> 0 | K77: =SUM(K45:K75) -> 0 | L77: =SUM(L45:L75) -> 1071.5 | M77: =SUM(M45:M75) -> 916.5 | N77: =SUM(N45:N75) -> 761.5 | O77: =SUM(O45:O75) -> 606.5 | ... R77: =SUM(R45:R75) -> 146.8

Sheet January 21 23 bySite
B1: =+Base45h!B1 -> PUC DOCKET NO.
B2: =+Base45h!B2 -> ONCOR ELECTRIC DELIVERY COMPANY LLC
B3: =+Base45h!B3 -> WEATHER STATION DATA
B4: =+Base45h!B4 -> FOR THE TEST YEAR ENDING DECEMBER 31, 2024
B6: =+Base45h!B6 -> SPONSOR: D. E. NELSON
A7: Line No.
A9: 1 | B9: Daily Actual Weather Calculation By Site for January 21, 2023
A10: =+A9+1 -> 2 | B10: Station | C10: HR1 | D10: HR2 | E10: HR3 | F10: HR4 | G10: HR5 | H10: HR6 | I10: HR7 | J10: HR8 | K10: HR9 | L10: HR10 | M10: HR11 | N10: HR12 | O10: HR13 | P10: HR14 | Q10: HR15 | R10: HR16 | S10: HR17 | T10: HR18 | U10: HR19 | V10: HR20
A11: =+A10+1 -> 3 | B11: Abilene | C11: 50 | D11: 47 | E11: 47 | F11: 48 | G11: 50 | H11: 48 | I11: 45 | J11: 47 | K11: 44 | L11: 49 | M11: 53 | N11: 57 | O11: 59 | P11: 61 | Q11: 62 | R11: 61 | S11: 61 | T11: 60 | U11: 57 | V11: 53
A12: =+A11+1 -> 4 | B12: Austin | C12: 51 | D12: 50 | E12: 51 | F12: 51 | G12: 51 | H12: 51 | I12: 51 | J12: 51 | K12: 51 | L12: 50 | M12: 51 | N12: 52 | O12: 53 | P12: 54 | Q12: 56 | R12: 59 | S12: 61 | T12: 60 | U12: 56 | V12: 54
A13: =+A12+1 -> 5 | B13: Dallas-Ft. Worth | C13: 51 | D13: 51 | E13: 50 | F13: 47 | G13: 47 | H13: 47 | I13: 48 | J13: 47 | K13: 48 | L13: 48 | M13: 48 | N13: 49 | O13: 51 | P13: 53 | Q13: 56 | R13: 58 | S13: 59 | T13: 58 | U13: 53 | V13: 49
A14: =+A13+1 -> 6 | B14: Kileen-Temple | C14: 48 | D14: 48 | E14: 48 | F14: 48 | G14: 48 | H14: 48 | I14: 48 | J14: 48 | K14: 48 | L14: 48 | M14: 51 | N14: 51 | O14: 54 | P14: 59 | Q14: 61 | R14: 65 | S14: 66 | T14: 66 | U14: 59 | V14: 55
A15: =+A14+1 -> 7 | B15: Longview | C15: 47 | D15: 46 | E15: 45 | F15: 47 | G15: 45 | H15: 45 | I15: 45 | J15: 44 | K15: 45 | L15: 47 | M15: 49 | N15: 51 | O15: 52 | P15: 52 | Q15: 51 | R15: 50 | S15: 49 | T15: 49 | U15: 48 | V15: 48
A16: =+A15+1 -> 8 | B16: Lufkin | C16: 47 | D16: 47 | E16: 47 | F16: 47 | G16: 47 | H16: 47 | I16: 47 | J16: 48 | K16: 48 | L16: 50 | M16: 51 | N16: 52 | O16: 52 | P16: 51 | Q16: 51 | R16: 51 | S16: 51 | T16: 51 | U16: 51 | V16: 51
A17: =+A16+1 -> 9 | B17: Midland-Odessa | C17: 48 | D17: 46 | E17: 46 | F17: 42 | G17: 40 | H17: 37 | I17: 35 | J17: 32 | K17: 27 | L17: 37 | M17: 44 | N17: 49 | O17: 52 | P17: 55 | Q17: 56 | R17: 57 | S17: 57 | T17: 56 | U17: 52 | V17: 46
A18: =+A17+1 -> 10 | B18: Sherman-Denison | C18: 48 | D18: 48 | E18: 48 | F18: 46 | G18: 45 | H18: 46 | I18: 46 | J18: 46 | K18: 46 | L18: 46 | M18: 46 | N18: 48 | O18: 46 | P18: 52 | Q18: 55 | R18: 57 | S18: 57 | T18: 57 | U18: 52 | V18: 48
A19: =+A18+1 -> 11 | B19: Waco | C19: 47 | D19: 47 | E19: 47 | F19: 44 | G19: 45 | H19: 42 | I19: 46 | J19: 46 | K19: 46 | L19: 47 | M19: 48 | N19: 50 | O19: 51 | P19: 53 | Q19: 57 | R19: 58 | S19: 60 | T19: 58 | U19: 53 | V19: 51
A20: =+A19+1 -> 12 | B20: Wichita Falls | C20: 46 | D20: 42 | E20: 42 | F20: 44 | G20: 48 | H20: 47 | I20: 47 | J20: 47 | K20: 47 | L20: 48 | M20: 52 | N20: 56 | O20: 60 | P20: 62 | Q20: 64 | R20: 63 | S20: 61 | T20: 59 | U20: 54 | V20: 52
A21: =+A20+1 -> 13
A22: =+A21+1 -> 14
A23: =+A22+1 -> 15 | B23: Station | C23: HR21 | D23: HR22 | E23: HR23 | F23: HR24 | G23: DAILY AVG | H23: HDD45 | I23: HDD55 | J23: HDD60 | K23: HDD65 | L23: CDD50 | M23: CDD55 | N23: CDD60 | O23: CDD65 | P23: CDD70 | Q23: CDD75 | R23: CDD80
A24: =+A23+1 -> 16 | B24: Abilene | C24: 50 | D24: 49 | E24: 46 | F24: 43 | G24: =ROUND(AVERAGE(C11:V11,C24:F24),1) -> 52 | H24: =MAX(45-$G24,0) -> 0 | I24: =MAX(55-$G24,0) -> 3 | J24: =MAX(60-$G24,0) -> 8 | K24: =MAX(65-$G24,0) -> 13 | L24: =MAX($G24-50,0) -> 2 | M24: =MAX($G24-55,0) -> 0 | N24: =MAX($G24-60,0) -> 0 | O24: =MAX($G24-65,0) -> 0 | P24: =MAX($G24-70,0) -> 0 | Q24: =MAX($G24-75,0) -> 0 | R24: =MAX($G24-80,0) -> 0
A25: =+A24+1 -> 17 | B25: Austin | C25: 46 | D25: 43 | E25: 38 | F25: 37 | G25: =ROUND(AVERAGE(C12:V12,C25:F25),1) -> 51.2 | H25: =MAX(45-$G25,0) -> 0 | I25: =MAX(55-$G25,0) -> 3.8 | J25: =MAX(60-$G25,0) -> 8.8 | K25: =MAX(65-$G25,0) -> 13.8 | L25: =MAX($G25-50,0) -> 1.2 | M25: =MAX($G25-55,0) -> 0 | N25: =MAX($G25-60,0) -> 0 | O25: =MAX($G25-65,0) -> 0 | P25: =MAX($G25-70,0) -> 0 | Q25: =MAX($G25-75,0) -> 0 | R25: =MAX($G25-80,0) -> 0
A26: =+A25+1 -> 18 | B26: Dallas-Ft. Worth | C26: 48 | D26: 47 | E26: 49 | F26: 48 | G26: =ROUND(AVERAGE(C13:V13,C26:F26),1) -> 50.4 | H26: =MAX(45-$G26,0) -> 0 | I26: =MAX(55-$G26,0) -> 4.6 | J26: =MAX(60-$G26,0) -> 9.6 | K26: =MAX(65-$G26,0) -> 14.6 | L26: =MAX($G26-50,0) -> 0.4 | M26: =MAX($G26-55,0) -> 0 | N26: =MAX($G26-60,0) -> 0 | O26: =MAX($G26-65,0) -> 0 | P26: =MAX($G26-70,0) -> 0 | Q26: =MAX($G26-75,0) -> 0 | R26: =MAX($G26-80,0) -> 0
A27: =+A26+1 -> 19 | B27: Kileen-Temple | C27: 51 | D27: 47 | E27: 47 | F27: 46 | G27: =ROUND(AVERAGE(C14:V14,C27:F27),1) -> 52.4 | H27: =MAX(45-$G27,0) -> 0 | I27: =MAX(55-$G27,0) -> 2.6 | J27: =MAX(60-$G27,0) -> 7.6 | K27: =MAX(65-$G27,0) -> 12.6 | L27: =MAX($G27-50,0) -> 2.4 | M27: =MAX($G27-55,0) -> 0 | N27: =MAX($G27-60,0) -> 0 | O27: =MAX($G27-65,0) -> 0 | P27: =MAX($G27-70,0) -> 0 | Q27: =MAX($G27-75,0) -> 0 | R27: =MAX($G27-80,0) -> 0
A28: =+A27+1 -> 20 | B28: Longview | C28: 48 | D28: 48 | E28: 47 | F28: 48 | G28: =ROUND(AVERAGE(C15:V15,C28:F28),1) -> 47.8 | H28: =MAX(45-$G28,0) -> 0 | I28: =MAX(55-$G28,0) -> 7.2 | J28: =MAX(60-$G28,0) -> 12.2 | K28: =MAX(65-$G28,0) -> 17.2 | L28: =MAX($G28-50,0) -> 0 | M28: =MAX($G28-55,0) -> 0 | N28: =MAX($G28-60,0) -> 0 | O28: =MAX($G28-65,0) -> 0 | P28: =MAX($G28-70,0) -> 0 | Q28: =MAX($G28-75,0) -> 0 | R28: =MAX($G28-80,0) -> 0
A29: =+A28+1 -> 21 | B29: Lufkin | C29: 51 | D29: 51 | E29: 51 | F29: 51 | G29: =ROUND(AVERAGE(C16:V16,C29:F29),1) -> 49.6 | H29: =MAX(45-$G29,0) -> 0 | I29: =MAX(55-$G29,0) -> 5.4 | J29: =MAX(60-$G29,0) -> 10.4 | K29: =MAX(65-$G29,0) -> 15.4 | L29: =MAX($G29-50,0) -> 0 | M29: =MAX($G29-55,0) -> 0 | N29: =MAX($G29-60,0) -> 0 | O29: =MAX($G29-65,0) -> 0 | P29: =MAX($G29-70,0) -> 0 | Q29: =MAX($G29-75,0) -> 0 | R29: =MAX($G29-80,0) -> 0
A30: =+A29+1 -> 22 | B30: Midland-Odessa | C30: 43 | D30: 42 | E30: 40 | F30: 38 | G30: =ROUND(AVERAGE(C17:V17,C30:F30),1) -> 44.9 | H30: =MAX(45-$G30,0) -> 0.1 | I30: =MAX(55-$G30,0) -> 10.1 | J30: =MAX(60-$G30,0) -> 15.1 | K30: =MAX(65-$G30,0) -> 20.1 | L30: =MAX($G30-50,0) -> 0 | M30: =MAX($G30-55,0) -> 0 | N30: =MAX($G30-60,0) -> 0 | O30: =MAX($G30-65,0) -> 0 | P30: =MAX($G30-70,0) -> 0 | Q30: =MAX($G30-75,0) -> 0 | R30: =MAX($G30-80,0) -> 0
A31: =+A30+1 -> 23 | B31: Sherman-Denison | C31: 45 | D31: 43 | E31: 43 | F31: 42 | G31: =ROUND(AVERAGE(C18:V18,C31:F31),1) -> 48.2 | H31: =MAX(45-$G31,0) -> 0 | I31: =MAX(55-$G31,0) -> 6.8 | J31: =MAX(60-$G31,0) -> 11.8 | K31: =MAX(65-$G31,0) -> 16.8 | L31: =MAX($G31-50,0) -> 0 | M31: =MAX($G31-55,0) -> 0 | N31: =MAX($G31-60,0) -> 0 | O31: =MAX($G31-65,0) -> 0 | P31: =MAX($G31-70,0) -> 0 | Q31: =MAX($G31-75,0) -> 0 | R31: =MAX($G31-80,0) -> 0
A32: =+A31+1 -> 24 | B32: Waco | C32: 48 | D32: 45 | E32: 40 | F32: 41 | G32: =ROUND(AVERAGE(C19:V19,C32:F32),1) -> 48.8 | H32: =MAX(45-$G32,0) -> 0 | I32: =MAX(55-$G32,0) -> 6.2 | J32: =MAX(60-$G32,0) -> 11.2 | K32: =MAX(65-$G32,0) -> 16.2 | L32: =MAX($G32-50,0) -> 0 | M32: =MAX($G32-55,0) -> 0 | N32: =MAX($G32-60,0) -> 0 | O32: =MAX($G32-65,0) -> 0 | P32: =MAX($G32-70,0) -> 0 | Q32: =MAX($G32-75,0) -> 0 | R32: =MAX($G32-80,0) -> 0
A33: =+A32+1 -> 25 | B33: Wichita Falls | C33: 49 | D33: 44 | E33: 42 | F33: 41 | G33: =ROUND(AVERAGE(C20:V20,C33:F33),1) -> 50.7 | H33: =MAX(45-$G33,0) -> 0 | I33: =MAX(55-$G33,0) -> 4.3 | J33: =MAX(60-$G33,0) -> 9.3 | K33: =MAX(65-$G33,0) -> 14.3 | L33: =MAX($G33-50,0) -> 0.7 | M33: =MAX($G33-55,0) -> 0 | N33: =MAX($G33-60,0) -> 0 | O33: =MAX($G33-65,0) -> 0 | P33: =MAX($G33-70,0) -> 0 | Q33: =MAX($G33-75,0) -> 0 | R33: =MAX($G33-80,0) -> 0

Sheet July 20 23 bySite
B1: =+Base45h!B1 -> PUC DOCKET NO.
B2: =+Base45h!B2 -> ONCOR ELECTRIC DELIVERY COMPANY LLC
B3: =+Base45h!B3 -> WEATHER STATION DATA
B4: =+Base45h!B4 -> FOR THE TEST YEAR ENDING DECEMBER 31, 2024
B6: =+Base45h!B6 -> SPONSOR: D. E. NELSON
A7: Line No.
A9: 1 | B9: Daily Actual Weather Calculation By Site for July 20, 2023
A10: =+A9+1 -> 2 | B10: Station | C10: HR1 | D10: HR2 | E10: HR3 | F10: HR4 | G10: HR5 | H10: HR6 | I10: HR7 | J10: HR8 | K10: HR9 | L10: HR10 | M10: HR11 | N10: HR12 | O10: HR13 | P10: HR14 | Q10: HR15 | R10: HR16 | S10: HR17 | T10: HR18 | U10: HR19 | V10: HR20
A11: =+A10+1 -> 3 | B11: Abilene | C11: 90 | D11: 85 | E11: 85 | F11: 84 | G11: 82 | H11: 81 | I11: 77 | J11: 80 | K11: 85 | L11: 89 | M11: 92 | N11: 94 | O11: 98 | P11: 98 | Q11: 99 | R11: 101 | S11: 102 | T11: 102 | U11: 100 | V11: 96
A12: =+A11+1 -> 4 | B12: Austin | C12: 83 | D12: 80 | E12: 80 | F12: 80 | G12: 79 | H12: 79 | I12: 78 | J12: 79 | K12: 81 | L12: 86 | M12: 89 | N12: 92 | O12: 94 | P12: 97 | Q12: 99 | R12: 100 | S12: 101 | T12: 102 | U12: 100 | V12: 97
A13: =+A12+1 -> 5 | B13: Dallas-Ft. Worth | C13: 89 | D13: 89 | E13: 88 | F13: 86 | G13: 86 | H13: 85 | I13: 84 | J13: 83 | K13: 85 | L13: 88 | M13: 90 | N13: 94 | O13: 96 | P13: 99 | Q13: 100 | R13: 101 | S13: 102 | T13: 102 | U13: 101 | V13: 99
A14: =+A13+1 -> 6 | B14: Kileen-Temple | C14: 87 | D14: 84 | E14: 83 | F14: 81 | G14: 79 | H14: 78 | I14: 78 | J14: 80 | K14: 84 | L14: 87 | M14: 90 | N14: 94 | O14: 97 | P14: 99 | Q14: 101 | R14: 104 | S14: 104 | T14: 104 | U14: 102 | V14: 99
A15: =+A14+1 -> 7 | B15: Longview | C15: 84 | D15: 83 | E15: 82 | F15: 81 | G15: 80 | H15: 80 | I15: 79 | J15: 80 | K15: 81 | L15: 85 | M15: 86 | N15: 87 | O15: 91 | P15: 94 | Q15: 97 | R15: 98 | S15: 98 | T15: 98 | U15: 96 | V15: 90
A16: =+A15+1 -> 8 | B16: Lufkin | C16: 83 | D16: 82 | E16: 81 | F16: 80 | G16: 78 | H16: 78 | I16: 77 | J16: 79 | K16: 83 | L16: 86 | M16: 89 | N16: 92 | O16: 94 | P16: 96 | Q16: 97 | R16: 100 | S16: 100 | T16: 100 | U16: 99 | V16: 96
A17: =+A16+1 -> 9 | B17: Midland-Odessa | C17: 87 | D17: 83 | E17: 80 | F17: 78 | G17: 79 | H17: 77 | I17: 77 | J17: 78 | K17: 81 | L17: 84 | M17: 88 | N17: 91 | O17: 94 | P17: 96 | Q17: 98 | R17: 100 | S17: 99 | T17: 98 | U17: 99 | V17: 96
A18: =+A17+1 -> 10 | B18: Sherman-Denison | C18: 84 | D18: 83 | E18: 82 | F18: 81 | G18: 78 | H18: 80 | I18: 81 | J18: 81 | K18: 86 | L18: 88 | M18: 91 | N18: 91 | O18: 93 | P18: 95 | Q18: 99 | R18: 100 | S18: 100 | T18: 99 | U18: 95 | V18: 94
A19: =+A18+1 -> 11 | B19: Waco | C19: 88 | D19: 86 | E19: 84 | F19: 83 | G19: 81 | H19: 80 | I19: 79 | J19: 80 | K19: 84 | L19: 87 | M19: 90 | N19: 95 | O19: 97 | P19: 99 | Q19: 102 | R19: 102 | S19: 103 | T19: 102 | U19: 101 | V19: 99
A20: =+A19+1 -> 12 | B20: Wichita Falls | C20: 83 | D20: 83 | E20: 80 | F20: 81 | G20: 83 | H20: 82 | I20: 80 | J20: 83 | K20: 85 | L20: 90 | M20: 95 | N20: 98 | O20: 99 | P20: 101 | Q20: 103 | R20: 104 | S20: 103 | T20: 103 | U20: 103 | V20: 98
A21: =+A20+1 -> 13
A22: =+A21+1 -> 14
A23: =+A22+1 -> 15 | B23: Station | C23: HR21 | D23: HR22 | E23: HR23 | F23: HR24 | G23: DAILY AVG | H23: HDD45 | I23: HDD55 | J23: HDD60 | K23: HDD65 | L23: CDD50 | M23: CDD55 | N23: CDD60 | O23: CDD65 | P23: CDD70 | Q23: CDD75 | R23: CDD80
A24: =+A23+1 -> 16 | B24: Abilene | C24: 94 | D24: 89 | E24: 83 | F24: 80 | G24: =ROUND(AVERAGE(C11:V11,C24:F24),1) -> 90.3 | H24: =MAX(45-$G24,0) -> 0 | I24: =MAX(55-$G24,0) -> 0 | J24: =MAX(60-$G24,0) -> 0 | K24: =MAX(65-$G24,0) -> 0 | L24: =MAX($G24-50,0) -> 40.3 | M24: =MAX($G24-55,0) -> 35.3 | N24: =MAX($G24-60,0) -> 30.3 | O24: =MAX($G24-65,0) -> 25.3 | P24: =MAX($G24-70,0) -> 20.3 | Q24: =MAX($G24-75,0) -> 15.3 | R24: =MAX($G24-80,0) -> 10.3
A25: =+A24+1 -> 17 | B25: Austin | C25: 88 | D25: 90 | E25: 87 | F25: 84 | G25: =ROUND(AVERAGE(C12:V12,C25:F25),1) -> 88.5 | H25: =MAX(45-$G25,0) -> 0 | I25: =MAX(55-$G25,0) -> 0 | J25: =MAX(60-$G25,0) -> 0 | K25: =MAX(65-$G25,0) -> 0 | L25: =MAX($G25-50,0) -> 38.5 | M25: =MAX($G25-55,0) -> 33.5 | N25: =MAX($G25-60,0) -> 28.5 | O25: =MAX($G25-65,0) -> 23.5 | P25: =MAX($G25-70,0) -> 18.5 | Q25: =MAX($G25-75,0) -> 13.5 | R25: =MAX($G25-80,0) -> 8.5
A26: =+A25+1 -> 18 | B26: Dallas-Ft. Worth | C26: 95 | D26: 94 | E26: 91 | F26: 90 | G26: =ROUND(AVERAGE(C13:V13,C26:F26),1) -> 92.4 | H26: =MAX(45-$G26,0) -> 0 | I26: =MAX(55-$G26,0) -> 0 | J26: =MAX(60-$G26,0) -> 0 | K26: =MAX(65-$G26,0) -> 0 | L26: =MAX($G26-50,0) -> 42.4 | M26: =MAX($G26-55,0) -> 37.4 | N26: =MAX($G26-60,0) -> 32.4 | O26: =MAX($G26-65,0) -> 27.4 | P26: =MAX($G26-70,0) -> 22.4 | Q26: =MAX($G26-75,0) -> 17.4 | R26: =MAX($G26-80,0) -> 12.4
A27: =+A26+1 -> 19 | B27: Kileen-Temple | C27: 94 | D27: 91 | E27: 89 | F27: 87 | G27: =ROUND(AVERAGE(C14:V14,C27:F27),1) -> 90.7 | H27: =MAX(45-$G27,0) -> 0 | I27: =MAX(55-$G27,0) -> 0 | J27: =MAX(60-$G27,0) -> 0 | K27: =MAX(65-$G27,0) -> 0 | L27: =MAX($G27-50,0) -> 40.7 | M27: =MAX($G27-55,0) -> 35.7 | N27: =MAX($G27-60,0) -> 30.7 | O27: =MAX($G27-65,0) -> 25.7 | P27: =MAX($G27-70,0) -> 20.7 | Q27: =MAX($G27-75,0) -> 15.7 | R27: =MAX($G27-80,0) -> 10.7
A28: =+A27+1 -> 20 | B28: Longview | C28: 86 | D28: 84 | E28: 84 | F28: 83 | G28: =ROUND(AVERAGE(C15:V15,C28:F28),1) -> 87 | H28: =MAX(45-$G28,0) -> 0 | I28: =MAX(55-$G28,0) -> 0 | J28: =MAX(60-$G28,0) -> 0 | K28: =MAX(65-$G28,0) -> 0 | L28: =MAX($G28-50,0) -> 37 | M28: =MAX($G28-55,0) -> 32 | N28: =MAX($G28-60,0) -> 27 | O28: =MAX($G28-65,0) -> 22 | P28: =MAX($G28-70,0) -> 17 | Q28: =MAX($G28-75,0) -> 12 | R28: =MAX($G28-80,0) -> 7
A29: =+A28+1 -> 21 | B29: Lufkin | C29: 87 | D29: 90 | E29: 87 | F29: 85 | G29: =ROUND(AVERAGE(C16:V16,C29:F29),1) -> 88.3 | H29: =MAX(45-$G29,0) -> 0 | I29: =MAX(55-$G29,0) -> 0 | J29: =MAX(60-$G29,0) -> 0 | K29: =MAX(65-$G29,0) -> 0 | L29: =MAX($G29-50,0) -> 38.3 | M29: =MAX($G29-55,0) -> 33.3 | N29: =MAX($G29-60,0) -> 28.3 | O29: =MAX($G29-65,0) -> 23.3 | P29: =MAX($G29-70,0) -> 18.3 | Q29: =MAX($G29-75,0) -> 13.3 | R29: =MAX($G29-80,0) -> 8.3
A30: =+A29+1 -> 22 | B30: Midland-Odessa | C30: 94 | D30: 89 | E30: 86 | F30: 87 | G30: =ROUND(AVERAGE(C17:V17,C30:F30),1) -> 88.3 | H30: =MAX(45-$G30,0) -> 0 | I30: =MAX(55-$G30,0) -> 0 | J30: =MAX(60-$G30,0) -> 0 | K30: =MAX(65-$G30,0) -> 0 | L30: =MAX($G30-50,0) -> 38.3 | M30: =MAX($G30-55,0) -> 33.3 | N30: =MAX($G30-60,0) -> 28.3 | O30: =MAX($G30-65,0) -> 23.3 | P30: =MAX($G30-70,0) -> 18.3 | Q30: =MAX($G30-75,0) -> 13.3 | R30: =MAX($G30-80,0) -> 8.3
A31: =+A30+1 -> 23 | B31: Sherman-Denison | C31: 91 | D31: 88 | E31: 87 | F31: 85 | G31: =ROUND(AVERAGE(C18:V18,C31:F31),1) -> 88.8 | H31: =MAX(45-$G31,0) -> 0 | I31: =MAX(55-$G31,0) -> 0 | J31: =MAX(60-$G31,0) -> 0 | K31: =MAX(65-$G31,0) -> 0 | L31: =MAX($G31-50,0) -> 38.8 | M31: =MAX($G31-55,0) -> 33.8 | N31: =MAX($G31-60,0) -> 28.8 | O31: =MAX($G31-65,0) -> 23.8 | P31: =MAX($G31-70,0) -> 18.8 | Q31: =MAX($G31-75,0) -> 13.8 | R31: =MAX($G31-80,0) -> 8.8
A32: =+A31+1 -> 24 | B32: Waco | C32: 94 | D32: 92 | E32: 91 | F32: 89 | G32: =ROUND(AVERAGE(C19:V19,C32:F32),1) -> 91.2 | H32: =MAX(45-$G32,0) -> 0 | I32: =MAX(55-$G32,0) -> 0 | J32: =MAX(60-$G32,0) -> 0 | K32: =MAX(65-$G32,0) -> 0 | L32: =MAX($G32-50,0) -> 41.2 | M32: =MAX($G32-55,0) -> 36.2 | N32: =MAX($G32-60,0) -> 31.2 | O32: =MAX($G32-65,0) -> 26.2 | P32: =MAX($G32-70,0) -> 21.2 | Q32: =MAX($G32-75,0) -> 16.2 | R32: =MAX($G32-80,0) -> 11.2
A33: =+A32+1 -> 25 | B33: Wichita Falls | C33: 94 | D33: 90 | E33: 86 | F33: 84 | G33: =ROUND(AVERAGE(C20:V20,C33:F33),1) -> 91.3 | H33: =MAX(45-$G33,0) -> 0 | I33: =MAX(55-$G33,0) -> 0 | J33: =MAX(60-$G33,0) -> 0 | K33: =MAX(65-$G33,0) -> 0 | L33: =MAX($G33-50,0) -> 41.3 | M33: =MAX($G33-55,0) -> 36.3 | N33: =MAX($G33-60,0) -> 31.3 | O33: =MAX($G33-65,0) -> 26.3 | P33: =MAX($G33-70,0) -> 21.3 | Q33: =MAX($G33-75,0) -> 16.3 | R33: =MAX($G33-80,0) -> 11.3

Sheet January 14 24 bySite
B1: =+Base45h!B1 -> PUC DOCKET NO.
B2: =+Base45h!B2 -> ONCOR ELECTRIC DELIVERY COMPANY LLC
B3: =+Base45h!B3 -> WEATHER STATION DATA
B4: =+Base45h!B4 -> FOR THE TEST YEAR ENDING DECEMBER 31, 2024
B6: =+Base45h!B6 -> SPONSOR: D. E. NELSON
A7: Line No.
A9: 1 | B9: Daily Actual Weather Calculation By Site for January 14, 2024
A10: =+A9+1 -> 2 | B10: Station | C10: HR1 | D10: HR2 | E10: HR3 | F10: HR4 | G10: HR5 | H10: HR6 | I10: HR7 | J10: HR8 | K10: HR9 | L10: HR10 | M10: HR11 | N10: HR12 | O10: HR13 | P10: HR14 | Q10: HR15 | R10: HR16 | S10: HR17 | T10: HR18 | U10: HR19 | V10: HR20
A11: =+A10+1 -> 3 | B11: Abilene | C11: 18 | D11: 17 | E11: 15 | F11: 13 | G11: 12 | H11: 11 | I11: 11 | J11: 11 | K11: 11 | L11: 10 | M11: 10 | N11: 11 | O11: 12 | P11: 12 | Q11: 11 | R11: 12 | S11: 12 | T11: 13 | U11: 11 | V11: 11
A12: =+A11+1 -> 4 | B12: Austin | C12: 37 | D12: 35 | E12: 33 | F12: 33 | G12: 32 | H12: 30 | I12: 28 | J12: 27 | K12: 25 | L12: 25 | M12: 25 | N12: 25 | O12: 25 | P12: 26 | Q12: 27 | R12: 28 | S12: 27 | T12: 26 | U12: 23 | V12: 22
A13: =+A12+1 -> 5 | B13: Dallas-Ft. Worth | C13: 23 | D13: 21 | E13: 19 | F13: 17 | G13: 16 | H13: 16 | I13: 15 | J13: 14 | K13: 14 | L13: 13 | M13: 14 | N13: 14 | O13: 15 | P13: 14 | Q13: 15 | R13: 15 | S13: 15 | T13: 15 | U13: 14 | V13: 14
A14: =+A13+1 -> 6 | B14: Kileen-Temple | C14: 29 | D14: 27 | E14: 26 | F14: 25 | G14: 23 | H14: 22 | I14: 20 | J14: 19 | K14: 19 | L14: 18 | M14: 19 | N14: 20 | O14: 21 | P14: 21 | Q14: 21 | R14: 21 | S14: 20 | T14: 19 | U14: 17 | V14: 16
A15: =+A14+1 -> 7 | B15: Longview | C15: 30 | D15: 29 | E15: 28 | F15: 28 | G15: 27 | H15: 26 | I15: 25 | J15: 25 | K15: 24 | L15: 24 | M15: 24 | N15: 24 | O15: 23 | P15: 24 | Q15: 24 | R15: 24 | S15: 23 | T15: 24 | U15: 24 | V15: 24
A16: =+A15+1 -> 8 | B16: Lufkin | C16: 43 | D16: 45 | E16: 42 | F16: 38 | G16: 35 | H16: 34 | I16: 33 | J16: 32 | K16: 32 | L16: 33 | M16: 34 | N16: 34 | O16: 35 | P16: 35 | Q16: 35 | R16: 35 | S16: 35 | T16: 34 | U16: 33 | V16: 30
A17: =+A16+1 -> 9 | B17: Midland-Odessa | C17: 21 | D17: 19 | E17: 17 | F17: 16 | G17: 15 | H17: 14 | I17: 13 | J17: 12 | K17: 11 | L17: 12 | M17: 13 | N17: 14 | O17: 18 | P17: 18 | Q17: 21 | R17: 22 | S17: 23 | T17: 22 | U17: 21 | V17: 18
A18: =+A17+1 -> 10 | B18: Sherman-Denison | C18: 18 | D18: 17 | E18: 15 | F18: 13 | G18: 12 | H18: 11 | I18: 10 | J18: 10 | K18: 10 | L18: 10 | M18: 10 | N18: 10 | O18: 12 | P18: 12 | Q18: 12 | R18: 12 | S18: 12 | T18: 12 | U18: 10 | V18: 10
A19: =+A18+1 -> 11 | B19: Waco | C19: 28 | D19: 26 | E19: 24 | F19: 24 | G19: 23 | H19: 21 | I19: 20 | J19: 19 | K19: 19 | L19: 19 | M19: 19 | N19: 19 | O19: 19 | P19: 20 | Q19: 20 | R19: 20 | S19: 19 | T19: 17 | U19: 16 | V19: 17
A20: =+A19+1 -> 12 | B20: Wichita Falls | C20: 12 | D20: 10 | E20: 9 | F20: 8 | G20: 7 | H20: 7 | I20: 7 | J20: 7 | K20: 7 | L20: 7 | M20: 8 | N20: 9 | O20: 10 | P20: 11 | Q20: 13 | R20: 14 | S20: 14 | T20: 14 | U20: 12 | V20: 12
A21: =+A20+1 -> 13
A22: =+A21+1 -> 14
A23: =+A22+1 -> 15 | B23: Station | C23: HR21 | D23: HR22 | E23: HR23 | F23: HR24 | G23: DAILY AVG | H23: HDD45 | I23: HDD55 | J23: HDD60 | K23: HDD65 | L23: CDD50 | M23: CDD55 | N23: CDD60 | O23: CDD65 | P23: CDD70 | Q23: CDD75 | R23: CDD80
A24: =+A23+1 -> 16 | B24: Abilene | C24: 11 | D24: 12 | E24: 12 | F24: 12 | G24: =ROUND(AVERAGE(C11:V11,C24:F24),1) -> 12.1 | H24: =MAX(45-$G24,0) -> 32.9 | I24: =MAX(55-$G24,0) -> 42.9 | J24: =MAX(60-$G24,0) -> 47.9 | K24: =MAX(65-$G24,0) -> 52.9 | L24: =MAX($G24-50,0) -> 0 | M24: =MAX($G24-55,0) -> 0 | N24: =MAX($G24-60,0) -> 0 | O24: =MAX($G24-65,0) -> 0 | P24: =MAX($G24-70,0) -> 0 | Q24: =MAX($G24-75,0) -> 0 | R24: =MAX($G24-80,0) -> 0
A25: =+A24+1 -> 17 | B25: Austin | C25: 21 | D25: 20 | E25: 20 | F25: 19 | G25: =ROUND(AVERAGE(C12:V12,C25:F25),1) -> 26.6 | H25: =MAX(45-$G25,0) -> 18.4 | I25: =MAX(55-$G25,0) -> 28.4 | J25: =MAX(60-$G25,0) -> 33.4 | K25: =MAX(65-$G25,0) -> 38.4 | L25: =MAX($G25-50,0) -> 0 | M25: =MAX($G25-55,0) -> 0 | N25: =MAX($G25-60,0) -> 0 | O25: =MAX($G25-65,0) -> 0 | P25: =MAX($G25-70,0) -> 0 | Q25: =MAX($G25-75,0) -> 0 | R25: =MAX($G25-80,0) -> 0
A26: =+A25+1 -> 18 | B26: Dallas-Ft. Worth | C26: 14 | D26: 13 | E26: 13 | F26: 13 | G26: =ROUND(AVERAGE(C13:V13,C26:F26),1) -> 15.3 | H26: =MAX(45-$G26,0) -> 29.7 | I26: =MAX(55-$G26,0) -> 39.7 | J26: =MAX(60-$G26,0) -> 44.7 | K26: =MAX(65-$G26,0) -> 49.7 | L26: =MAX($G26-50,0) -> 0 | M26: =MAX($G26-55,0) -> 0 | N26: =MAX($G26-60,0) -> 0 | O26: =MAX($G26-65,0) -> 0 | P26: =MAX($G26-70,0) -> 0 | Q26: =MAX($G26-75,0) -> 0 | R26: =MAX($G26-80,0) -> 0
A27: =+A26+1 -> 19 | B27: Kileen-Temple | C27: 15 | D27: 15 | E27: 15 | F27: 15 | G27: =ROUND(AVERAGE(C14:V14,C27:F27),1) -> 20.1 | H27: =MAX(45-$G27,0) -> 24.9 | I27: =MAX(55-$G27,0) -> 34.9 | J27: =MAX(60-$G27,0) -> 39.9 | K27: =MAX(65-$G27,0) -> 44.9 | L27: =MAX($G27-50,0) -> 0 | M27: =MAX($G27-55,0) -> 0 | N27: =MAX($G27-60,0) -> 0 | O27: =MAX($G27-65,0) -> 0 | P27: =MAX($G27-70,0) -> 0 | Q27: =MAX($G27-75,0) -> 0 | R27: =MAX($G27-80,0) -> 0
A28: =+A27+1 -> 20 | B28: Longview | C28: 25 | D28: 24 | E28: 24 | F28: 23 | G28: =ROUND(AVERAGE(C15:V15,C28:F28),1) -> 25 | H28: =MAX(45-$G28,0) -> 20 | I28: =MAX(55-$G28,0) -> 30 | J28: =MAX(60-$G28,0) -> 35 | K28: =MAX(65-$G28,0) -> 40 | L28: =MAX($G28-50,0) -> 0 | M28: =MAX($G28-55,0) -> 0 | N28: =MAX($G28-60,0) -> 0 | O28: =MAX($G28-65,0) -> 0 | P28: =MAX($G28-70,0) -> 0 | Q28: =MAX($G28-75,0) -> 0 | R28: =MAX($G28-80,0) -> 0
A29: =+A28+1 -> 21 | B29: Lufkin | C29: 29 | D29: 29 | E29: 29 | F29: 29 | G29: =ROUND(AVERAGE(C16:V16,C29:F29),1) -> 34.3 | H29: =MAX(45-$G29,0) -> 10.7 | I29: =MAX(55-$G29,0) -> 20.7 | J29: =MAX(60-$G29,0) -> 25.7 | K29: =MAX(65-$G29,0) -> 30.7 | L29: =MAX($G29-50,0) -> 0 | M29: =MAX($G29-55,0) -> 0 | N29: =MAX($G29-60,0) -> 0 | O29: =MAX($G29-65,0) -> 0 | P29: =MAX($G29-70,0) -> 0 | Q29: =MAX($G29-75,0) -> 0 | R29: =MAX($G29-80,0) -> 0
A30: =+A29+1 -> 22 | B30: Midland-Odessa | C30: 16 | D30: 14 | E30: 13 | F30: 12 | G30: =ROUND(AVERAGE(C17:V17,C30:F30),1) -> 16.5 | H30: =MAX(45-$G30,0) -> 28.5 | I30: =MAX(55-$G30,0) -> 38.5 | J30: =MAX(60-$G30,0) -> 43.5 | K30: =MAX(65-$G30,0) -> 48.5 | L30: =MAX($G30-50,0) -> 0 | M30: =MAX($G30-55,0) -> 0 | N30: =MAX($G30-60,0) -> 0 | O30: =MAX($G30-65,0) -> 0 | P30: =MAX($G30-70,0) -> 0 | Q30: =MAX($G30-75,0) -> 0 | R30: =MAX($G30-80,0) -> 0
A31: =+A30+1 -> 23 | B31: Sherman-Denison | C31: 10 | D31: 10 | E31: 10 | F31: 10 | G31: =ROUND(AVERAGE(C18:V18,C31:F31),1) -> 11.6 | H31: =MAX(45-$G31,0) -> 33.4 | I31: =MAX(55-$G31,0) -> 43.4 | J31: =MAX(60-$G31,0) -> 48.4 | K31: =MAX(65-$G31,0) -> 53.4 | L31: =MAX($G31-50,0) -> 0 | M31: =MAX($G31-55,0) -> 0 | N31: =MAX($G31-60,0) -> 0 | O31: =MAX($G31-65,0) -> 0 | P31: =MAX($G31-70,0) -> 0 | Q31: =MAX($G31-75,0) -> 0 | R31: =MAX($G31-80,0) -> 0
A32: =+A31+1 -> 24 | B32: Waco | C32: 17 | D32: 17 | E32: 17 | F32: 17 | G32: =ROUND(AVERAGE(C19:V19,C32:F32),1) -> 19.9 | H32: =MAX(45-$G32,0) -> 25.1 | I32: =MAX(55-$G32,0) -> 35.1 | J32: =MAX(60-$G32,0) -> 40.1 | K32: =MAX(65-$G32,0) -> 45.1 | L32: =MAX($G32-50,0) -> 0 | M32: =MAX($G32-55,0) -> 0 | N32: =MAX($G32-60,0) -> 0 | O32: =MAX($G32-65,0) -> 0 | P32: =MAX($G32-70,0) -> 0 | Q32: =MAX($G32-75,0) -> 0 | R32: =MAX($G32-80,0) -> 0
A33: =+A32+1 -> 25 | B33: Wichita Falls | C33: 11 | D33: 11 | E33: 9 | F33: 10 | G33: =ROUND(AVERAGE(C20:V20,C33:F33),1) -> 10 | H33: =MAX(45-$G33,0) -> 35 | I33: =MAX(55-$G33,0) -> 45 | J33: =MAX(60-$G33,0) -> 50 | K33: =MAX(65-$G33,0) -> 55 | L33: =MAX($G33-50,0) -> 0 | M33: =MAX($G33-55,0) -> 0 | N33: =MAX($G33-60,0) -> 0 | O33: =MAX($G33-65,0) -> 0 | P33: =MAX($G33-70,0) -> 0 | Q33: =MAX($G33-75,0) -> 0 | R33: =MAX($G33-80,0) -> 0

Sheet July 14 24 bySite
B1: =+Base45h!B1 -> PUC DOCKET NO.
B2: =+Base45h!B2 -> ONCOR ELECTRIC DELIVERY COMPANY LLC
B3: =+Base45h!B3 -> WEATHER STATION DATA
B4: =+Base45h!B4 -> FOR THE TEST YEAR ENDING DECEMBER 31, 2024
B6: =+Base45h!B6 -> SPONSOR: D. E. NELSON
A7: Line No.
A9: 1 | B9: Daily Actual Weather Calculation By Site for July 14, 2021
A10: =+A9+1 -> 2 | B10: Station | C10: HR1 | D10: HR2 | E10: HR3 | F10: HR4 | G10: HR5 | H10: HR6 | I10: HR7 | J10: HR8 | K10: HR9 | L10: HR10 | M10: HR11 | N10: HR12 | O10: HR13 | P10: HR14 | Q10: HR15 | R10: HR16 | S10: HR17 | T10: HR18 | U10: HR19 | V10: HR20
A11: =+A10+1 -> 3 | B11: Abilene | C11: 82 | D11: 81 | E11: 80 | F11: 78 | G11: 77 | H11: 76 | I11: 76 | J11: 77 | K11: 81 | L11: 84 | M11: 87 | N11: 90 | O11: 92 | P11: 94 | Q11: 96 | R11: 98 | S11: 99 | T11: 99 | U11: 97 | V11: 96
A12: =+A11+1 -> 4 | B12: Austin | C12: 75 | D12: 73 | E12: 75 | F12: 76 | G12: 76 | H12: 76 | I12: 76 | J12: 77 | K12: 79 | L12: 80 | M12: 81 | N12: 84 | O12: 87 | P12: 88 | Q12: 89 | R12: 90 | S12: 91 | T12: 90 | U12: 89 | V12: 86
A13: =+A12+1 -> 5 | B13: Dallas-Ft. Worth | C13: 81 | D13: 80 | E13: 80 | F13: 78 | G13: 78 | H13: 78 | I13: 77 | J13: 79 | K13: 82 | L13: 85 | M13: 88 | N13: 91 | O13: 93 | P13: 95 | Q13: 97 | R13: 97 | S13: 98 | T13: 97 | U13: 96 | V13: 94
A14: =+A13+1 -> 6 | B14: Kileen-Temple | C14: 76 | D14: 76 | E14: 75 | F14: 75 | G14: 75 | H14: 75 | I14: 74 | J14: 76 | K14: 81 | L14: 84 | M14: 87 | N14: 90 | O14: 92 | P14: 94 | Q14: 95 | R14: 95 | S14: 95 | T14: 94 | U14: 92 | V14: 89
A15: =+A14+1 -> 7 | B15: Longview | C15: 75 | D15: 74 | E15: 73 | F15: 74 | G15: 74 | H15: 73 | I15: 74 | J15: 76 | K15: 81 | L15: 83 | M15: 86 | N15: 87 | O15: 89 | P15: 90 | Q15: 92 | R15: 93 | S15: 93 | T15: 92 | U15: 90 | V15: 88
A16: =+A15+1 -> 8 | B16: Lufkin | C16: 75 | D16: 74 | E16: 73 | F16: 73 | G16: 73 | H16: 73 | I16: 73 | J16: 75 | K16: 77 | L16: 80 | M16: 85 | N16: 85 | O16: 86 | P16: 90 | Q16: 89 | R16: 81 | S16: 89 | T16: 89 | U16: 88 | V16: 85
A17: =+A16+1 -> 9 | B17: Midland-Odessa | C17: 76 | D17: 75 | E17: 74 | F17: 74 | G17: 73 | H17: 72 | I17: 72 | J17: 73 | K17: 75 | L17: 78 | M17: 82 | N17: 85 | O17: 87 | P17: 89 | Q17: 91 | R17: 93 | S17: 95 | T17: 94 | U17: 93 | V17: 90
A18: =+A17+1 -> 10 | B18: Sherman-Denison | C18: 81 | D18: 79 | E18: 77 | F18: 76 | G18: 76 | H18: 75 | I18: 77 | J18: 79 | K18: 82 | L18: 86 | M18: 90 | N18: 90 | O18: 91 | P18: 95 | Q18: 95 | R18: 95 | S18: 97 | T18: 97 | U18: 95 | V18: 93
A19: =+A18+1 -> 11 | B19: Waco | C19: 77 | D19: 76 | E19: 76 | F19: 75 | G19: 75 | H19: 74 | I19: 76 | J19: 78 | K19: 80 | L19: 84 | M19: 87 | N19: 91 | O19: 93 | P19: 95 | Q19: 96 | R19: 97 | S19: 96 | T19: 95 | U19: 92 | V19: 90
A20: =+A19+1 -> 12 | B20: Wichita Falls | C20: 81 | D20: 79 | E20: 77 | F20: 78 | G20: 76 | H20: 76 | I20: 76 | J20: 78 | K20: 81 | L20: 86 | M20: 89 | N20: 91 | O20: 93 | P20: 95 | Q20: 97 | R20: 97 | S20: 98 | T20: 98 | U20: 97 | V20: 94
A21: =+A20+1 -> 13
A22: =+A21+1 -> 14
A23: =+A22+1 -> 15 | B23: Station | C23: HR21 | D23: HR22 | E23: HR23 | F23: HR24 | G23: DAILY AVG | H23: HDD45 | I23: HDD55 | J23: HDD60 | K23: HDD65 | L23: CDD50 | M23: CDD55 | N23: CDD60 | O23: CDD65 | P23: CDD70 | Q23: CDD75 | R23: CDD80
A24: =+A23+1 -> 16 | B24: Abilene | C24: 93 | D24: 90 | E24: 89 | F24: 86 | G24: =ROUND(AVERAGE(C11:V11,C24:F24),1) -> 87.4 | H24: =MAX(45-$G24,0) -> 0 | I24: =MAX(55-$G24,0) -> 0 | J24: =MAX(60-$G24,0) -> 0 | K24: =MAX(65-$G24,0) -> 0 | L24: =MAX($G24-50,0) -> 37.4 | M24: =MAX($G24-55,0) -> 32.4 | N24: =MAX($G24-60,0) -> 27.4 | O24: =MAX($G24-65,0) -> 22.4 | P24: =MAX($G24-70,0) -> 17.4 | Q24: =MAX($G24-75,0) -> 12.4 | R24: =MAX($G24-80,0) -> 7.4
A25: =+A24+1 -> 17 | B25: Austin | C25: 80 | D25: 79 | E25: 79 | F25: 77 | G25: =ROUND(AVERAGE(C12:V12,C25:F25),1) -> 81.4 | H25: =MAX(45-$G25,0) -> 0 | I25: =MAX(55-$G25,0) -> 0 | J25: =MAX(60-$G25,0) -> 0 | K25: =MAX(65-$G25,0) -> 0 | L25: =MAX($G25-50,0) -> 31.4 | M25: =MAX($G25-55,0) -> 26.4 | N25: =MAX($G25-60,0) -> 21.4 | O25: =MAX($G25-65,0) -> 16.4 | P25: =MAX($G25-70,0) -> 11.4 | Q25: =MAX($G25-75,0) -> 6.4 | R25: =MAX($G25-80,0) -> 1.4
A26: =+A25+1 -> 18 | B26: Dallas-Ft. Worth | C26: 92 | D26: 90 | E26: 88 | F26: 86 | G26: =ROUND(AVERAGE(C13:V13,C26:F26),1) -> 87.5 | H26: =MAX(45-$G26,0) -> 0 | I26: =MAX(55-$G26,0) -> 0 | J26: =MAX(60-$G26,0) -> 0 | K26: =MAX(65-$G26,0) -> 0 | L26: =MAX($G26-50,0) -> 37.5 | M26: =MAX($G26-55,0) -> 32.5 | N26: =MAX($G26-60,0) -> 27.5 | O26: =MAX($G26-65,0) -> 22.5 | P26: =MAX($G26-70,0) -> 17.5 | Q26: =MAX($G26-75,0) -> 12.5 | R26: =MAX($G26-80,0) -> 7.5
A27: =+A26+1 -> 19 | B27: Kileen-Temple | C27: 85 | D27: 83 | E27: 80 | F27: 79 | G27: =ROUND(AVERAGE(C14:V14,C27:F27),1) -> 84 | H27: =MAX(45-$G27,0) -> 0 | I27: =MAX(55-$G27,0) -> 0 | J27: =MAX(60-$G27,0) -> 0 | K27: =MAX(65-$G27,0) -> 0 | L27: =MAX($G27-50,0) -> 34 | M27: =MAX($G27-55,0) -> 29 | N27: =MAX($G27-60,0) -> 24 | O27: =MAX($G27-65,0) -> 19 | P27: =MAX($G27-70,0) -> 14 | Q27: =MAX($G27-75,0) -> 9 | R27: =MAX($G27-80,0) -> 4
A28: =+A27+1 -> 20 | B28: Longview | C28: 84 | D28: 82 | E28: 81 | F28: 80 | G28: =ROUND(AVERAGE(C15:V15,C28:F28),1) -> 82.7 | H28: =MAX(45-$G28,0) -> 0 | I28: =MAX(55-$G28,0) -> 0 | J28: =MAX(60-$G28,0) -> 0 | K28: =MAX(65-$G28,0) -> 0 | L28: =MAX($G28-50,0) -> 32.7 | M28: =MAX($G28-55,0) -> 27.7 | N28: =MAX($G28-60,0) -> 22.7 | O28: =MAX($G28-65,0) -> 17.7 | P28: =MAX($G28-70,0) -> 12.7 | Q28: =MAX($G28-75,0) -> 7.7 | R28: =MAX($G28-80,0) -> 2.7
A29: =+A28+1 -> 21 | B29: Lufkin | C29: 83 | D29: 80 | E29: 79 | F29: 79 | G29: =ROUND(AVERAGE(C16:V16,C29:F29),1) -> 80.6 | H29: =MAX(45-$G29,0) -> 0 | I29: =MAX(55-$G29,0) -> 0 | J29: =MAX(60-$G29,0) -> 0 | K29: =MAX(65-$G29,0) -> 0 | L29: =MAX($G29-50,0) -> 30.6 | M29: =MAX($G29-55,0) -> 25.6 | N29: =MAX($G29-60,0) -> 20.6 | O29: =MAX($G29-65,0) -> 15.6 | P29: =MAX($G29-70,0) -> 10.6 | Q29: =MAX($G29-75,0) -> 5.6 | R29: =MAX($G29-80,0) -> 0.6
A30: =+A29+1 -> 22 | B30: Midland-Odessa | C30: 87 | D30: 85 | E30: 82 | F30: 81 | G30: =ROUND(AVERAGE(C17:V17,C30:F30),1) -> 82.3 | H30: =MAX(45-$G30,0) -> 0 | I30: =MAX(55-$G30,0) -> 0 | J30: =MAX(60-$G30,0) -> 0 | K30: =MAX(65-$G30,0) -> 0 | L30: =MAX($G30-50,0) -> 32.3 | M30: =MAX($G30-55,0) -> 27.3 | N30: =MAX($G30-60,0) -> 22.3 | O30: =MAX($G30-65,0) -> 17.3 | P30: =MAX($G30-70,0) -> 12.3 | Q30: =MAX($G30-75,0) -> 7.3 | R30: =MAX($G30-80,0) -> 2.3
A31: =+A30+1 -> 23 | B31: Sherman-Denison | C31: 91 | D31: 90 | E31: 88 | F31: 86 | G31: =ROUND(AVERAGE(C18:V18,C31:F31),1) -> 86.7 | H31: =MAX(45-$G31,0) -> 0 | I31: =MAX(55-$G31,0) -> 0 | J31: =MAX(60-$G31,0) -> 0 | K31: =MAX(65-$G31,0) -> 0 | L31: =MAX($G31-50,0) -> 36.7 | M31: =MAX($G31-55,0) -> 31.7 | N31: =MAX($G31-60,0) -> 26.7 | O31: =MAX($G31-65,0) -> 21.7 | P31: =MAX($G31-70,0) -> 16.7 | Q31: =MAX($G31-75,0) -> 11.7 | R31: =MAX($G31-80,0) -> 6.7
A32: =+A31+1 -> 24 | B32: Waco | C32: 87 | D32: 86 | E32: 84 | F32: 82 | G32: =ROUND(AVERAGE(C19:V19,C32:F32),1) -> 85.1 | H32: =MAX(45-$G32,0) -> 0 | I32: =MAX(55-$G32,0) -> 0 | J32: =MAX(60-$G32,0) -> 0 | K32: =MAX(65-$G32,0) -> 0 | L32: =MAX($G32-50,0) -> 35.1 | M32: =MAX($G32-55,0) -> 30.1 | N32: =MAX($G32-60,0) -> 25.1 | O32: =MAX($G32-65,0) -> 20.1 | P32: =MAX($G32-70,0) -> 15.1 | Q32: =MAX($G32-75,0) -> 10.1 | R32: =MAX($G32-80,0) -> 5.1
A33: =+A32+1 -> 25 | B33: Wichita Falls | C33: 88 | D33: 86 | E33: 82 | F33: 83 | G33: =ROUND(AVERAGE(C20:V20,C33:F33),1) -> 86.5 | H33: =MAX(45-$G33,0) -> 0 | I33: =MAX(55-$G33,0) -> 0 | J33: =MAX(60-$G33,0) -> 0 | K33: =MAX(65-$G33,0) -> 0 | L33: =MAX($G33-50,0) -> 36.5 | M33: =MAX($G33-55,0) -> 31.5 | N33: =MAX($G33-60,0) -> 26.5 | O33: =MAX($G33-65,0) -> 21.5 | P33: =MAX($G33-70,0) -> 16.5 | Q33: =MAX($G33-75,0) -> 11.5 | R33: =MAX($G33-80,0) -> 6.5

Sheet Abilene Simple Averages
B1: =+Base45h!B1 -> PUC DOCKET NO.
B2: =+Base45h!B2 -> ONCOR ELECTRIC DELIVERY COMPANY LLC
B3: =+Base45h!B3 -> WEATHER STATION DATA
B4: =+Base45h!B4 -> FOR THE TEST YEAR ENDING DECEMBER 31, 2024
B6: =+Base45h!B6 -> SPONSOR: D. E. NELSON
B8: SIMPLE TWENTY YEAR AVERAGE CALCULATION FOR ABILENE
A9: Line No.
A10: 1 | B10: Year | C10: January 21 | D10: HDD45 | E10: HDD55 | F10: HDD60 | G10: HDD65 | H10: CDD50 | I10: CDD55 | J10: CDD60 | K10: CDD65 | L10: CDD70 | M10: CDD75 | N10: CDD80
A11: 3 | B11: 2004 | C11: 39.041667 | D11: =MAX(45-$C11,0) -> 5.9583333 | E11: =MAX(55-$C11,0) -> 15.958333 | F11: =MAX(60-$C11,0) -> 20.958333 | G11: =MAX(65-$C11,0) -> 25.958333 | H11: =MAX($C11-50,0) -> 0 | I11: =MAX($C11-55,0) -> 0 | J11: =MAX($C11-60,0) -> 0 | K11: =MAX($C11-65,0) -> 0 | L11: =MAX($C11-70,0) -> 0 | M11: =MAX($C11-75,0) -> 0 | N11: =MAX($C11-80,0) -> 0
A12: =+A11+1 -> 4 | B12: 2005 | C12: 58.166667 | D12: =MAX(45-$C12,0) -> 0 | E12: =MAX(55-$C12,0) -> 0 | F12: =MAX(60-$C12,0) -> 1.8333333 | G12: =MAX(65-$C12,0) -> 6.8333333 | H12: =MAX($C12-50,0) -> 8.1666667 | I12: =MAX($C12-55,0) -> 3.1666667 | J12: =MAX($C12-60,0) -> 0 | K12: =MAX($C12-65,0) -> 0 | L12: =MAX($C12-70,0) -> 0 | M12: =MAX($C12-75,0) -> 0 | N12: =MAX($C12-80,0) -> 0
A13: =+A12+1 -> 5 | B13: 2006 | C13: 41.75 | D13: =MAX(45-$C13,0) -> 3.25 | E13: =MAX(55-$C13,0) -> 13.25 | F13: =MAX(60-$C13,0) -> 18.25 | G13: =MAX(65-$C13,0) -> 23.25 | H13: =MAX($C13-50,0) -> 0 | I13: =MAX($C13-55,0) -> 0 | J13: =MAX($C13-60,0) -> 0 | K13: =MAX($C13-65,0) -> 0 | L13: =MAX($C13-70,0) -> 0 | M13: =MAX($C13-75,0) -> 0 | N13: =MAX($C13-80,0) -> 0
A14: =+A13+1 -> 6 | B14: 2007 | C14: 43.958333 | D14: =MAX(45-$C14,0) -> 1.0416667 | E14: =MAX(55-$C14,0) -> 11.041667 | F14: =MAX(60-$C14,0) -> 16.041667 | G14: =MAX(65-$C14,0) -> 21.041667 | H14: =MAX($C14-50,0) -> 0 | I14: =MAX($C14-55,0) -> 0 | J14: =MAX($C14-60,0) -> 0 | K14: =MAX($C14-65,0) -> 0 | L14: =MAX($C14-70,0) -> 0 | M14: =MAX($C14-75,0) -> 0 | N14: =MAX($C14-80,0) -> 0
A15: =+A14+1 -> 7 | B15: 2008 | C15: 47.2 | D15: =MAX(45-$C15,0) -> 0 | E15: =MAX(55-$C15,0) -> 7.8 | F15: =MAX(60-$C15,0) -> 12.8 | G15: =MAX(65-$C15,0) -> 17.8 | H15: =MAX($C15-50,0) -> 0 | I15: =MAX($C15-55,0) -> 0 | J15: =MAX($C15-60,0) -> 0 | K15: =MAX($C15-65,0) -> 0 | L15: =MAX($C15-70,0) -> 0 | M15: =MAX($C15-75,0) -> 0 | N15: =MAX($C15-80,0) -> 0
A16: =+A15+1 -> 8 | B16: 2009 | C16: 53.5 | D16: =MAX(45-$C16,0) -> 0 | E16: =MAX(55-$C16,0) -> 1.5 | F16: =MAX(60-$C16,0) -> 6.5 | G16: =MAX(65-$C16,0) -> 11.5 | H16: =MAX($C16-50,0) -> 3.5 | I16: =MAX($C16-55,0) -> 0 | J16: =MAX($C16-60,0) -> 0 | K16: =MAX($C16-65,0) -> 0 | L16: =MAX($C16-70,0) -> 0 | M16: =MAX($C16-75,0) -> 0 | N16: =MAX($C16-80,0) -> 0
A17: =+A16+1 -> 9 | B17: 2010 | C17: 55.3 | D17: =MAX(45-$C17,0) -> 0 | E17: =MAX(55-$C17,0) -> 0 | F17: =MAX(60-$C17,0) -> 4.7 | G17: =MAX(65-$C17,0) -> 9.7 | H17: =MAX($C17-50,0) -> 5.3 | I17: =MAX($C17-55,0) -> 0.3 | J17: =MAX($C17-60,0) -> 0 | K17: =MAX($C17-65,0) -> 0 | L17: =MAX($C17-70,0) -> 0 | M17: =MAX($C17-75,0) -> 0 | N17: =MAX($C17-80,0) -> 0
A18: =+A17+1 -> 10 | B18: 2011 | C18: 34.8 | D18: =MAX(45-$C18,0) -> 10.2 | E18: =MAX(55-$C18,0) -> 20.2 | F18: =MAX(60-$C18,0) -> 25.2 | G18: =MAX(65-$C18,0) -> 30.2 | H18: =MAX($C18-50,0) -> 0 | I18: =MAX($C18-55,0) -> 0 | J18: =MAX($C18-60,0) -> 0 | K18: =MAX($C18-65,0) -> 0 | L18: =MAX($C18-70,0) -> 0 | M18: =MAX($C18-75,0) -> 0 | N18: =MAX($C18-80,0) -> 0
A19: =+A18+1 -> 11 | B19: 2012 | C19: 41.5 | D19: =MAX(45-$C19,0) -> 3.5 | E19: =MAX(55-$C19,0) -> 13.5 | F19: =MAX(60-$C19,0) -> 18.5 | G19: =MAX(65-$C19,0) -> 23.5 | H19: =MAX($C19-50,0) -> 0 | I19: =MAX($C19-55,0) -> 0 | J19: =MAX($C19-60,0) -> 0 | K19: =MAX($C19-65,0) -> 0 | L19: =MAX($C19-70,0) -> 0 | M19: =MAX($C19-75,0) -> 0 | N19: =MAX($C19-80,0) -> 0
A20: =+A19+1 -> 12 | B20: 2013 | C20: 40 | D20: =MAX(45-$C20,0) -> 5 | E20: =MAX(55-$C20,0) -> 15 | F20: =MAX(60-$C20,0) -> 20 | G20: =MAX(65-$C20,0) -> 25 | H20: =MAX($C20-50,0) -> 0 | I20: =MAX($C20-55,0) -> 0 | J20: =MAX($C20-60,0) -> 0 | K20: =MAX($C20-65,0) -> 0 | L20: =MAX($C20-70,0) -> 0 | M20: =MAX($C20-75,0) -> 0 | N20: =MAX($C20-80,0) -> 0
A21: =+A20+1 -> 13 | B21: 2014 | C21: 43.9 | D21: =MAX(45-$C21,0) -> 1.1 | E21: =MAX(55-$C21,0) -> 11.1 | F21: =MAX(60-$C21,0) -> 16.1 | G21: =MAX(65-$C21,0) -> 21.1 | H21: =MAX($C21-50,0) -> 0 | I21: =MAX($C21-55,0) -> 0 | J21: =MAX($C21-60,0) -> 0 | K21: =MAX($C21-65,0) -> 0 | L21: =MAX($C21-70,0) -> 0 | M21: =MAX($C21-75,0) -> 0 | N21: =MAX($C21-80,0) -> 0
A22: =+A21+1 -> 14 | B22: 2015 | C22: 42.5 | D22: =MAX(45-$C22,0) -> 2.5 | E22: =MAX(55-$C22,0) -> 12.5 | F22: =MAX(60-$C22,0) -> 17.5 | G22: =MAX(65-$C22,0) -> 22.5 | H22: =MAX($C22-50,0) -> 0 | I22: =MAX($C22-55,0) -> 0 | J22: =MAX($C22-60,0) -> 0 | K22: =MAX($C22-65,0) -> 0 | L22: =MAX($C22-70,0) -> 0 | M22: =MAX($C22-75,0) -> 0 | N22: =MAX($C22-80,0) -> 0
A23: =+A22+1 -> 15 | B23: 2016 | C23: 44.4 | D23: =MAX(45-$C23,0) -> 0.6 | E23: =MAX(55-$C23,0) -> 10.6 | F23: =MAX(60-$C23,0) -> 15.6 | G23: =MAX(65-$C23,0) -> 20.6 | H23: =MAX($C23-50,0) -> 0 | I23: =MAX($C23-55,0) -> 0 | J23: =MAX($C23-60,0) -> 0 | K23: =MAX($C23-65,0) -> 0 | L23: =MAX($C23-70,0) -> 0 | M23: =MAX($C23-75,0) -> 0 | N23: =MAX($C23-80,0) -> 0
... A30: =+A29+1 -> 22 | B30: 2023 | C30: 52 | D30: =MAX(45-$C30,0) -> 0 | E30: =MAX(55-$C30,0) -> 3 | F30: =MAX(60-$C30,0) -> 8 | G30: =MAX(65-$C30,0) -> 13 | H30: =MAX($C30-50,0) -> 2 | I30: =MAX($C30-55,0) -> 0 | J30: =MAX($C30-60,0) -> 0 | K30: =MAX($C30-65,0) -> 0 | L30: =MAX($C30-70,0) -> 0 | M30: =MAX($C30-75,0) -> 0 | N30: =MAX($C30-80,0) -> 0
A31: =+A30+1 -> 23 | C31: Average | D31: =AVERAGE(D11:D30) -> 2.3325 | E31: =AVERAGE(E11:E30) -> 8.5125 | F31: =AVERAGE(F11:F30) -> 13.149167 | G31: =AVERAGE(G11:G30) -> 18.149167 | H31: =AVERAGE(H11:H30) -> 1.9183333 | I31: =AVERAGE(I11:I30) -> 0.36333333 | J31: =AVERAGE(J11:J30) -> 0 | K31: =AVERAGE(K11:K30) -> 0 | ... N31: =AVERAGE(N11:N30) -> 0
A32: =+A31+1 -> 24
A33: =+A32+1 -> 25 | B33: Year | C33: July 20 | D33: HDD45 | E33: HDD55 | F33: HDD60 | G33: HDD65 | H33: CDD50 | I33: CDD55 | J33: CDD60 | K33: CDD65 | L33: CDD70 | M33: CDD75 | N33: CDD80
A34: =+A33+1 -> 26 | B34: 2004 | C34: 83.5 | D34: =MAX(45-$C34,0) -> 0 | E34: =MAX(55-$C34,0) -> 0 | F34: =MAX(60-$C34,0) -> 0 | G34: =MAX(65-$C34,0) -> 0 | H34: =MAX($C34-50,0) -> 33.5 | I34: =MAX($C34-55,0) -> 28.5 | J34: =MAX($C34-60,0) -> 23.5 | K34: =MAX($C34-65,0) -> 18.5 | L34: =MAX($C34-70,0) -> 13.5 | M34: =MAX($C34-75,0) -> 8.5 | N34: =MAX($C34-80,0) -> 3.5
A35: =+A34+1 -> 27 | B35: 2005 | C35: 83.125 | D35: =MAX(45-$C35,0) -> 0 | E35: =MAX(55-$C35,0) -> 0 | F35: =MAX(60-$C35,0) -> 0 | G35: =MAX(65-$C35,0) -> 0 | H35: =MAX($C35-50,0) -> 33.125 | I35: =MAX($C35-55,0) -> 28.125 | J35: =MAX($C35-60,0) -> 23.125 | K35: =MAX($C35-65,0) -> 18.125 | L35: =MAX($C35-70,0) -> 13.125 | M35: =MAX($C35-75,0) -> 8.125 | N35: =MAX($C35-80,0) -> 3.125
A36: =+A35+1 -> 28 | B36: 2006 | C36: 86.708333 | D36: =MAX(45-$C36,0) -> 0 | E36: =MAX(55-$C36,0) -> 0 | F36: =MAX(60-$C36,0) -> 0 | G36: =MAX(65-$C36,0) -> 0 | H36: =MAX($C36-50,0) -> 36.708333 | I36: =MAX($C36-55,0) -> 31.708333 | J36: =MAX($C36-60,0) -> 26.708333 | K36: =MAX($C36-65,0) -> 21.708333 | L36: =MAX($C36-70,0) -> 16.708333 | M36: =MAX($C36-75,0) -> 11.708333 | N36: =MAX($C36-80,0) -> 6.7083333
A37: =+A36+1 -> 29 | B37: 2007 | C37: 75.458333 | D37: =MAX(45-$C37,0) -> 0 | E37: =MAX(55-$C37,0) -> 0 | F37: =MAX(60-$C37,0) -> 0 | G37: =MAX(65-$C37,0) -> 0 | H37: =MAX($C37-50,0) -> 25.458333 | I37: =MAX($C37-55,0) -> 20.458333 | J37: =MAX($C37-60,0) -> 15.458333 | K37: =MAX($C37-65,0) -> 10.458333 | L37: =MAX($C37-70,0) -> 5.4583333 | M37: =MAX($C37-75,0) -> 0.45833333 | N37: =MAX($C37-80,0) -> 0
A38: =+A37+1 -> 30 | B38: 2008 | C38: 83.1 | D38: =MAX(45-$C38,0) -> 0 | E38: =MAX(55-$C38,0) -> 0 | F38: =MAX(60-$C38,0) -> 0 | G38: =MAX(65-$C38,0) -> 0 | H38: =MAX($C38-50,0) -> 33.1 | I38: =MAX($C38-55,0) -> 28.1 | J38: =MAX($C38-60,0) -> 23.1 | K38: =MAX($C38-65,0) -> 18.1 | L38: =MAX($C38-70,0) -> 13.1 | M38: =MAX($C38-75,0) -> 8.1 | N38: =MAX($C38-80,0) -> 3.1
A39: =+A38+1 -> 31 | B39: 2009 | C39: 78.4 | D39: =MAX(45-$C39,0) -> 0 | E39: =MAX(55-$C39,0) -> 0 | F39: =MAX(60-$C39,0) -> 0 | G39: =MAX(65-$C39,0) -> 0 | H39: =MAX($C39-50,0) -> 28.4 | I39: =MAX($C39-55,0) -> 23.4 | J39: =MAX($C39-60,0) -> 18.4 | K39: =MAX($C39-65,0) -> 13.4 | L39: =MAX($C39-70,0) -> 8.4 | M39: =MAX($C39-75,0) -> 3.4 | N39: =MAX($C39-80,0) -> 0
A40: =+A39+1 -> 32 | B40: 2010 | C40: 85.2 | D40: =MAX(45-$C40,0) -> 0 | E40: =MAX(55-$C40,0) -> 0 | F40: =MAX(60-$C40,0) -> 0 | G40: =MAX(65-$C40,0) -> 0 | H40: =MAX($C40-50,0) -> 35.2 | I40: =MAX($C40-55,0) -> 30.2 | J40: =MAX($C40-60,0) -> 25.2 | K40: =MAX($C40-65,0) -> 20.2 | L40: =MAX($C40-70,0) -> 15.2 | M40: =MAX($C40-75,0) -> 10.2 | N40: =MAX($C40-80,0) -> 5.2
A41: =+A40+1 -> 33 | B41: 2011 | C41: 88.6 | D41: =MAX(45-$C41,0) -> 0 | E41: =MAX(55-$C41,0) -> 0 | F41: =MAX(60-$C41,0) -> 0 | G41: =MAX(65-$C41,0) -> 0 | H41: =MAX($C41-50,0) -> 38.6 | I41: =MAX($C41-55,0) -> 33.6 | J41: =MAX($C41-60,0) -> 28.6 | K41: =MAX($C41-65,0) -> 23.6 | L41: =MAX($C41-70,0) -> 18.6 | M41: =MAX($C41-75,0) -> 13.6 | N41: =MAX($C41-80,0) -> 8.6
A42: =+A41+1 -> 34 | B42: 2012 | C42: 87.4 | D42: =MAX(45-$C42,0) -> 0 | E42: =MAX(55-$C42,0) -> 0 | F42: =MAX(60-$C42,0) -> 0 | G42: =MAX(65-$C42,0) -> 0 | H42: =MAX($C42-50,0) -> 37.4 | I42: =MAX($C42-55,0) -> 32.4 | J42: =MAX($C42-60,0) -> 27.4 | K42: =MAX($C42-65,0) -> 22.4 | L42: =MAX($C42-70,0) -> 17.4 | M42: =MAX($C42-75,0) -> 12.4 | N42: =MAX($C42-80,0) -> 7.4
A43: =+A42+1 -> 35 | B43: 2013 | C43: 81.7 | D43: =MAX(45-$C43,0) -> 0 | E43: =MAX(55-$C43,0) -> 0 | F43: =MAX(60-$C43,0) -> 0 | G43: =MAX(65-$C43,0) -> 0 | H43: =MAX($C43-50,0) -> 31.7 | I43: =MAX($C43-55,0) -> 26.7 | J43: =MAX($C43-60,0) -> 21.7 | K43: =MAX($C43-65,0) -> 16.7 | L43: =MAX($C43-70,0) -> 11.7 | M43: =MAX($C43-75,0) -> 6.7 | N43: =MAX($C43-80,0) -> 1.7
A44: =+A43+1 -> 36 | B44: 2014 | C44: 82.2 | D44: =MAX(45-$C44,0) -> 0 | E44: =MAX(55-$C44,0) -> 0 | F44: =MAX(60-$C44,0) -> 0 | G44: =MAX(65-$C44,0) -> 0 | H44: =MAX($C44-50,0) -> 32.2 | I44: =MAX($C44-55,0) -> 27.2 | J44: =MAX($C44-60,0) -> 22.2 | K44: =MAX($C44-65,0) -> 17.2 | L44: =MAX($C44-70,0) -> 12.2 | M44: =MAX($C44-75,0) -> 7.2 | N44: =MAX($C44-80,0) -> 2.2
A45: =+A44+1 -> 37 | B45: 2015 | C45: 86.3 | D45: =MAX(45-$C45,0) -> 0 | E45: =MAX(55-$C45,0) -> 0 | F45: =MAX(60-$C45,0) -> 0 | G45: =MAX(65-$C45,0) -> 0 | H45: =MAX($C45-50,0) -> 36.3 | I45: =MAX($C45-55,0) -> 31.3 | J45: =MAX($C45-60,0) -> 26.3 | K45: =MAX($C45-65,0) -> 21.3 | L45: =MAX($C45-70,0) -> 16.3 | M45: =MAX($C45-75,0) -> 11.3 | N45: =MAX($C45-80,0) -> 6.3
... A53: =+A52+1 -> 45 | B53: 2023 | C53: 90.3 | D53: =MAX(45-$C53,0) -> 0 | E53: =MAX(55-$C53,0) -> 0 | F53: =MAX(60-$C53,0) -> 0 | G53: =MAX(65-$C53,0) -> 0 | H53: =MAX($C53-50,0) -> 40.3 | I53: =MAX($C53-55,0) -> 35.3 | J53: =MAX($C53-60,0) -> 30.3 | K53: =MAX($C53-65,0) -> 25.3 | L53: =MAX($C53-70,0) -> 20.3 | M53: =MAX($C53-75,0) -> 15.3 | N53: =MAX($C53-80,0) -> 10.3
C54: Average | D54: =AVERAGE(D34:D53) -> 0 | E54: =AVERAGE(E34:E53) -> 0 | F54: =AVERAGE(F34:F53) -> 0 | G54: =AVERAGE(G34:G53) -> 0 | H54: =AVERAGE(H34:H53) -> 35.264583 | I54: =AVERAGE(I34:I53) -> 30.264583 | J54: =AVERAGE(J34:J53) -> 25.264583 | K54: =AVERAGE(K34:K53) -> 20.264583 | ... N54: =AVERAGE(N34:N53) -> 5.6016667

Sheet Abilene Simple Averages2
B1: =+Base45h!B1 -> PUC DOCKET NO.
B2: =+Base45h!B2 -> ONCOR ELECTRIC DELIVERY COMPANY LLC
B3: =+Base45h!B3 -> WEATHER STATION DATA
B4: =+Base45h!B4 -> FOR THE TEST YEAR ENDING DECEMBER 31, 2024
B6: =+Base45h!B6 -> SPONSOR: D. E. NELSON
B8: SIMPLE TWENTY YEAR AVERAGE CALCULATION FOR ABILENE
A9: Line No.
A10: 1 | B10: Year | C10: January 14 | D10: HDD45 | E10: HDD55 | F10: HDD60 | G10: HDD65 | H10: CDD50 | I10: CDD55 | J10: CDD60 | K10: CDD65 | L10: CDD70 | M10: CDD75 | N10: CDD80
A11: 3 | B11: 2004 | C11: 53.791667 | D11: =MAX(45-$C11,0) -> 0 | E11: =MAX(55-$C11,0) -> 1.2083333 | F11: =MAX(60-$C11,0) -> 6.2083333 | G11: =MAX(65-$C11,0) -> 11.208333 | H11: =MAX($C11-50,0) -> 3.7916667 | I11: =MAX($C11-55,0) -> 0 | J11: =MAX($C11-60,0) -> 0 | K11: =MAX($C11-65,0) -> 0 | L11: =MAX($C11-70,0) -> 0 | M11: =MAX($C11-75,0) -> 0 | N11: =MAX($C11-80,0) -> 0 | AA11: =+(7*10^6)+(B11*100)+29 -> 7200429
A12: =+A11+1 -> 4 | B12: 2005 | C12: 41.833333 | D12: =MAX(45-$C12,0) -> 3.1666667 | E12: =MAX(55-$C12,0) -> 13.166667 | F12: =MAX(60-$C12,0) -> 18.166667 | G12: =MAX(65-$C12,0) -> 23.166667 | H12: =MAX($C12-50,0) -> 0 | I12: =MAX($C12-55,0) -> 0 | J12: =MAX($C12-60,0) -> 0 | K12: =MAX($C12-65,0) -> 0 | L12: =MAX($C12-70,0) -> 0 | M12: =MAX($C12-75,0) -> 0 | N12: =MAX($C12-80,0) -> 0 | AA12: =+(7*10^6)+(B12*100)+29 -> 7200529
A13: =+A12+1 -> 5 | B13: 2006 | C13: 49.5 | D13: =MAX(45-$C13,0) -> 0 | E13: =MAX(55-$C13,0) -> 5.5 | F13: =MAX(60-$C13,0) -> 10.5 | G13: =MAX(65-$C13,0) -> 15.5 | H13: =MAX($C13-50,0) -> 0 | I13: =MAX($C13-55,0) -> 0 | J13: =MAX($C13-60,0) -> 0 | K13: =MAX($C13-65,0) -> 0 | L13: =MAX($C13-70,0) -> 0 | M13: =MAX($C13-75,0) -> 0 | N13: =MAX($C13-80,0) -> 0 | AA13: =+(7*10^6)+(B13*100)+29 -> 7200629
A14: =+A13+1 -> 6 | B14: 2007 | C14: 26.958333 | D14: =MAX(45-$C14,0) -> 18.041667 | E14: =MAX(55-$C14,0) -> 28.041667 | F14: =MAX(60-$C14,0) -> 33.041667 | G14: =MAX(65-$C14,0) -> 38.041667 | H14: =MAX($C14-50,0) -> 0 | I14: =MAX($C14-55,0) -> 0 | J14: =MAX($C14-60,0) -> 0 | K14: =MAX($C14-65,0) -> 0 | L14: =MAX($C14-70,0) -> 0 | M14: =MAX($C14-75,0) -> 0 | N14: =MAX($C14-80,0) -> 0 | AA14: =+(7*10^6)+(B14*100)+29 -> 7200729
A15: =+A14+1 -> 7 | B15: 2008 | C15: 44.8 | D15: =MAX(45-$C15,0) -> 0.2 | E15: =MAX(55-$C15,0) -> 10.2 | F15: =MAX(60-$C15,0) -> 15.2 | G15: =MAX(65-$C15,0) -> 20.2 | H15: =MAX($C15-50,0) -> 0 | I15: =MAX($C15-55,0) -> 0 | J15: =MAX($C15-60,0) -> 0 | K15: =MAX($C15-65,0) -> 0 | L15: =MAX($C15-70,0) -> 0 | M15: =MAX($C15-75,0) -> 0 | N15: =MAX($C15-80,0) -> 0 | AA15: =+(7*10^6)+(B15*100)+29 -> 7200829
A16: =+A15+1 -> 8 | B16: 2009 | C16: 44.3 | D16: =MAX(45-$C16,0) -> 0.7 | E16: =MAX(55-$C16,0) -> 10.7 | F16: =MAX(60-$C16,0) -> 15.7 | G16: =MAX(65-$C16,0) -> 20.7 | H16: =MAX($C16-50,0) -> 0 | I16: =MAX($C16-55,0) -> 0 | J16: =MAX($C16-60,0) -> 0 | K16: =MAX($C16-65,0) -> 0 | L16: =MAX($C16-70,0) -> 0 | M16: =MAX($C16-75,0) -> 0 | N16: =MAX($C16-80,0) -> 0 | AA16: =+(7*10^6)+(B16*100)+29 -> 7200929
A17: =+A16+1 -> 9 | B17: 2010 | C17: 53.3 | D17: =MAX(45-$C17,0) -> 0 | E17: =MAX(55-$C17,0) -> 1.7 | F17: =MAX(60-$C17,0) -> 6.7 | G17: =MAX(65-$C17,0) -> 11.7 | H17: =MAX($C17-50,0) -> 3.3 | I17: =MAX($C17-55,0) -> 0 | J17: =MAX($C17-60,0) -> 0 | K17: =MAX($C17-65,0) -> 0 | L17: =MAX($C17-70,0) -> 0 | M17: =MAX($C17-75,0) -> 0 | N17: =MAX($C17-80,0) -> 0 | AA17: =+(7*10^6)+(B17*100)+29 -> 7201029
A18: =+A17+1 -> 10 | B18: 2011 | C18: 43.1 | D18: =MAX(45-$C18,0) -> 1.9 | E18: =MAX(55-$C18,0) -> 11.9 | F18: =MAX(60-$C18,0) -> 16.9 | G18: =MAX(65-$C18,0) -> 21.9 | H18: =MAX($C18-50,0) -> 0 | I18: =MAX($C18-55,0) -> 0 | J18: =MAX($C18-60,0) -> 0 | K18: =MAX($C18-65,0) -> 0 | L18: =MAX($C18-70,0) -> 0 | M18: =MAX($C18-75,0) -> 0 | N18: =MAX($C18-80,0) -> 0 | AA18: =+(7*10^6)+(B18*100)+29 -> 7201129
A19: =+A18+1 -> 11 | B19: 2012 | C19: 48.2 | D19: =MAX(45-$C19,0) -> 0 | E19: =MAX(55-$C19,0) -> 6.8 | F19: =MAX(60-$C19,0) -> 11.8 | G19: =MAX(65-$C19,0) -> 16.8 | H19: =MAX($C19-50,0) -> 0 | I19: =MAX($C19-55,0) -> 0 | J19: =MAX($C19-60,0) -> 0 | K19: =MAX($C19-65,0) -> 0 | L19: =MAX($C19-70,0) -> 0 | M19: =MAX($C19-75,0) -> 0 | N19: =MAX($C19-80,0) -> 0 | AA19: =+(7*10^6)+(B19*100)+29 -> 7201229
A20: =+A19+1 -> 12 | B20: 2013 | C20: 29.5 | D20: =MAX(45-$C20,0) -> 15.5 | E20: =MAX(55-$C20,0) -> 25.5 | F20: =MAX(60-$C20,0) -> 30.5 | G20: =MAX(65-$C20,0) -> 35.5 | H20: =MAX($C20-50,0) -> 0 | I20: =MAX($C20-55,0) -> 0 | J20: =MAX($C20-60,0) -> 0 | K20: =MAX($C20-65,0) -> 0 | L20: =MAX($C20-70,0) -> 0 | M20: =MAX($C20-75,0) -> 0 | N20: =MAX($C20-80,0) -> 0 | AA20: =+(7*10^6)+(B20*100)+29 -> 7201329
A21: =+A20+1 -> 13 | B21: 2014 | C21: 47.4 | D21: =MAX(45-$C21,0) -> 0 | E21: =MAX(55-$C21,0) -> 7.6 | F21: =MAX(60-$C21,0) -> 12.6 | G21: =MAX(65-$C21,0) -> 17.6 | H21: =MAX($C21-50,0) -> 0 | I21: =MAX($C21-55,0) -> 0 | J21: =MAX($C21-60,0) -> 0 | K21: =MAX($C21-65,0) -> 0 | L21: =MAX($C21-70,0) -> 0 | M21: =MAX($C21-75,0) -> 0 | N21: =MAX($C21-80,0) -> 0 | AA21: =+(7*10^6)+(B21*100)+29 -> 7201429
A22: =+A21+1 -> 14 | B22: 2015 | C22: 32.8 | D22: =MAX(45-$C22,0) -> 12.2 | E22: =MAX(55-$C22,0) -> 22.2 | F22: =MAX(60-$C22,0) -> 27.2 | G22: =MAX(65-$C22,0) -> 32.2 | H22: =MAX($C22-50,0) -> 0 | I22: =MAX($C22-55,0) -> 0 | J22: =MAX($C22-60,0) -> 0 | K22: =MAX($C22-65,0) -> 0 | L22: =MAX($C22-70,0) -> 0 | M22: =MAX($C22-75,0) -> 0 | N22: =MAX($C22-80,0) -> 0 | AA22: =+(7*10^6)+(B22*100)+29 -> 7201529
A23: =+A22+1 -> 15 | B23: 2016 | C23: 52.7 | D23: =MAX(45-$C23,0) -> 0 | E23: =MAX(55-$C23,0) -> 2.3 | F23: =MAX(60-$C23,0) -> 7.3 | G23: =MAX(65-$C23,0) -> 12.3 | H23: =MAX($C23-50,0) -> 2.7 | I23: =MAX($C23-55,0) -> 0 | J23: =MAX($C23-60,0) -> 0 | K23: =MAX($C23-65,0) -> 0 | L23: =MAX($C23-70,0) -> 0 | M23: =MAX($C23-75,0) -> 0 | N23: =MAX($C23-80,0) -> 0 | AA23: =+(7*10^6)+(B23*100)+29 -> 7201629
... A30: =+A29+1 -> 22 | B30: 2023 | C30: 54.3 | D30: =MAX(45-$C30,0) -> 0 | E30: =MAX(55-$C30,0) -> 0.7 | F30: =MAX(60-$C30,0) -> 5.7 | G30: =MAX(65-$C30,0) -> 10.7 | H30: =MAX($C30-50,0) -> 4.3 | I30: =MAX($C30-55,0) -> 0 | J30: =MAX($C30-60,0) -> 0 | K30: =MAX($C30-65,0) -> 0 | L30: =MAX($C30-70,0) -> 0 | M30: =MAX($C30-75,0) -> 0 | N30: =MAX($C30-80,0) -> 0 | AA30: =+(7*10^6)+(B30*100)+29 -> 7202329
A31: =+A30+1 -> 23 | C31: Average | D31: =AVERAGE(D11:D30) -> 3.7154167 | E31: =AVERAGE(E11:E30) -> 10.350833 | F31: =AVERAGE(F11:F30) -> 15.100833 | G31: =AVERAGE(G11:G30) -> 20.100833 | H31: =AVERAGE(H11:H30) -> 1.4545833 | I31: =AVERAGE(I11:I30) -> 0.25 | J31: =AVERAGE(J11:J30) -> 0 | K31: =AVERAGE(K11:K30) -> 0 | ... N31: =AVERAGE(N11:N30) -> 0
A32: =+A31+1 -> 24
A33: =+A32+1 -> 25 | B33: Year | C33: July 14 | D33: HDD45 | E33: HDD55 | F33: HDD60 | G33: HDD65 | H33: CDD50 | I33: CDD55 | J33: CDD60 | K33: CDD65 | L33: CDD70 | M33: CDD75 | N33: CDD80
A34: =+A33+1 -> 26 | B34: 2004 | C34: 82.916667 | D34: =MAX(45-$C34,0) -> 0 | E34: =MAX(55-$C34,0) -> 0 | F34: =MAX(60-$C34,0) -> 0 | G34: =MAX(65-$C34,0) -> 0 | H34: =MAX($C34-50,0) -> 32.916667 | I34: =MAX($C34-55,0) -> 27.916667 | J34: =MAX($C34-60,0) -> 22.916667 | K34: =MAX($C34-65,0) -> 17.916667 | L34: =MAX($C34-70,0) -> 12.916667 | M34: =MAX($C34-75,0) -> 7.9166667 | N34: =MAX($C34-80,0) -> 2.9166667 | AA34: =+(1*10^6)+(B34*100)+29 -> 1200429
A35: =+A34+1 -> 27 | B35: 2005 | C35: 82.5 | D35: =MAX(45-$C35,0) -> 0 | E35: =MAX(55-$C35,0) -> 0 | F35: =MAX(60-$C35,0) -> 0 | G35: =MAX(65-$C35,0) -> 0 | H35: =MAX($C35-50,0) -> 32.5 | I35: =MAX($C35-55,0) -> 27.5 | J35: =MAX($C35-60,0) -> 22.5 | K35: =MAX($C35-65,0) -> 17.5 | L35: =MAX($C35-70,0) -> 12.5 | M35: =MAX($C35-75,0) -> 7.5 | N35: =MAX($C35-80,0) -> 2.5 | AA35: =+(1*10^6)+(B35*100)+29 -> 1200529
A36: =+A35+1 -> 28 | B36: 2006 | C36: 87.875 | D36: =MAX(45-$C36,0) -> 0 | E36: =MAX(55-$C36,0) -> 0 | F36: =MAX(60-$C36,0) -> 0 | G36: =MAX(65-$C36,0) -> 0 | H36: =MAX($C36-50,0) -> 37.875 | I36: =MAX($C36-55,0) -> 32.875 | J36: =MAX($C36-60,0) -> 27.875 | K36: =MAX($C36-65,0) -> 22.875 | L36: =MAX($C36-70,0) -> 17.875 | M36: =MAX($C36-75,0) -> 12.875 | N36: =MAX($C36-80,0) -> 7.875 | AA36: =+(1*10^6)+(B36*100)+29 -> 1200629
A37: =+A36+1 -> 29 | B37: 2007 | C37: 76.25 | D37: =MAX(45-$C37,0) -> 0 | E37: =MAX(55-$C37,0) -> 0 | F37: =MAX(60-$C37,0) -> 0 | G37: =MAX(65-$C37,0) -> 0 | H37: =MAX($C37-50,0) -> 26.25 | I37: =MAX($C37-55,0) -> 21.25 | J37: =MAX($C37-60,0) -> 16.25 | K37: =MAX($C37-65,0) -> 11.25 | L37: =MAX($C37-70,0) -> 6.25 | M37: =MAX($C37-75,0) -> 1.25 | N37: =MAX($C37-80,0) -> 0 | AA37: =+(1*10^6)+(B37*100)+29 -> 1200729
A38: =+A37+1 -> 30 | B38: 2008 | C38: 79.5 | D38: =MAX(45-$C38,0) -> 0 | E38: =MAX(55-$C38,0) -> 0 | F38: =MAX(60-$C38,0) -> 0 | G38: =MAX(65-$C38,0) -> 0 | H38: =MAX($C38-50,0) -> 29.5 | I38: =MAX($C38-55,0) -> 24.5 | J38: =MAX($C38-60,0) -> 19.5 | K38: =MAX($C38-65,0) -> 14.5 | L38: =MAX($C38-70,0) -> 9.5 | M38: =MAX($C38-75,0) -> 4.5 | N38: =MAX($C38-80,0) -> 0 | AA38: =+(1*10^6)+(B38*100)+29 -> 1200829
A39: =+A38+1 -> 31 | B39: 2009 | C39: 89.4 | D39: =MAX(45-$C39,0) -> 0 | E39: =MAX(55-$C39,0) -> 0 | F39: =MAX(60-$C39,0) -> 0 | G39: =MAX(65-$C39,0) -> 0 | H39: =MAX($C39-50,0) -> 39.4 | I39: =MAX($C39-55,0) -> 34.4 | J39: =MAX($C39-60,0) -> 29.4 | K39: =MAX($C39-65,0) -> 24.4 | L39: =MAX($C39-70,0) -> 19.4 | M39: =MAX($C39-75,0) -> 14.4 | N39: =MAX($C39-80,0) -> 9.4 | AA39: =+(1*10^6)+(B39*100)+29 -> 1200929
A40: =+A39+1 -> 32 | B40: 2010 | C40: 86.1 | D40: =MAX(45-$C40,0) -> 0 | E40: =MAX(55-$C40,0) -> 0 | F40: =MAX(60-$C40,0) -> 0 | G40: =MAX(65-$C40,0) -> 0 | H40: =MAX($C40-50,0) -> 36.1 | I40: =MAX($C40-55,0) -> 31.1 | J40: =MAX($C40-60,0) -> 26.1 | K40: =MAX($C40-65,0) -> 21.1 | L40: =MAX($C40-70,0) -> 16.1 | M40: =MAX($C40-75,0) -> 11.1 | N40: =MAX($C40-80,0) -> 6.1 | AA40: =+(1*10^6)+(B40*100)+29 -> 1201029
A41: =+A40+1 -> 33 | B41: 2011 | C41: 91 | D41: =MAX(45-$C41,0) -> 0 | E41: =MAX(55-$C41,0) -> 0 | F41: =MAX(60-$C41,0) -> 0 | G41: =MAX(65-$C41,0) -> 0 | H41: =MAX($C41-50,0) -> 41 | I41: =MAX($C41-55,0) -> 36 | J41: =MAX($C41-60,0) -> 31 | K41: =MAX($C41-65,0) -> 26 | L41: =MAX($C41-70,0) -> 21 | M41: =MAX($C41-75,0) -> 16 | N41: =MAX($C41-80,0) -> 11 | AA41: =+(1*10^6)+(B41*100)+29 -> 1201129
A42: =+A41+1 -> 34 | B42: 2012 | C42: 84 | D42: =MAX(45-$C42,0) -> 0 | E42: =MAX(55-$C42,0) -> 0 | F42: =MAX(60-$C42,0) -> 0 | G42: =MAX(65-$C42,0) -> 0 | H42: =MAX($C42-50,0) -> 34 | I42: =MAX($C42-55,0) -> 29 | J42: =MAX($C42-60,0) -> 24 | K42: =MAX($C42-65,0) -> 19 | L42: =MAX($C42-70,0) -> 14 | M42: =MAX($C42-75,0) -> 9 | N42: =MAX($C42-80,0) -> 4 | AA42: =+(1*10^6)+(B42*100)+29 -> 1201229
A43: =+A42+1 -> 35 | B43: 2013 | C43: 80.5 | D43: =MAX(45-$C43,0) -> 0 | E43: =MAX(55-$C43,0) -> 0 | F43: =MAX(60-$C43,0) -> 0 | G43: =MAX(65-$C43,0) -> 0 | H43: =MAX($C43-50,0) -> 30.5 | I43: =MAX($C43-55,0) -> 25.5 | J43: =MAX($C43-60,0) -> 20.5 | K43: =MAX($C43-65,0) -> 15.5 | L43: =MAX($C43-70,0) -> 10.5 | M43: =MAX($C43-75,0) -> 5.5 | N43: =MAX($C43-80,0) -> 0.5 | AA43: =+(1*10^6)+(B43*100)+29 -> 1201329
A44: =+A43+1 -> 36 | B44: 2014 | C44: 85.8 | D44: =MAX(45-$C44,0) -> 0 | E44: =MAX(55-$C44,0) -> 0 | F44: =MAX(60-$C44,0) -> 0 | G44: =MAX(65-$C44,0) -> 0 | H44: =MAX($C44-50,0) -> 35.8 | I44: =MAX($C44-55,0) -> 30.8 | J44: =MAX($C44-60,0) -> 25.8 | K44: =MAX($C44-65,0) -> 20.8 | L44: =MAX($C44-70,0) -> 15.8 | M44: =MAX($C44-75,0) -> 10.8 | N44: =MAX($C44-80,0) -> 5.8 | AA44: =+(1*10^6)+(B44*100)+29 -> 1201429
A45: =+A44+1 -> 37 | B45: 2015 | C45: 83.4 | D45: =MAX(45-$C45,0) -> 0 | E45: =MAX(55-$C45,0) -> 0 | F45: =MAX(60-$C45,0) -> 0 | G45: =MAX(65-$C45,0) -> 0 | H45: =MAX($C45-50,0) -> 33.4 | I45: =MAX($C45-55,0) -> 28.4 | J45: =MAX($C45-60,0) -> 23.4 | K45: =MAX($C45-65,0) -> 18.4 | L45: =MAX($C45-70,0) -> 13.4 | M45: =MAX($C45-75,0) -> 8.4 | N45: =MAX($C45-80,0) -> 3.4 | AA45: =+(1*10^6)+(B45*100)+29 -> 1201529
... A53: =+A52+1 -> 45 | B53: 2023 | C53: 91.9 | D53: =MAX(45-$C53,0) -> 0 | E53: =MAX(55-$C53,0) -> 0 | F53: =MAX(60-$C53,0) -> 0 | G53: =MAX(65-$C53,0) -> 0 | H53: =MAX($C53-50,0) -> 41.9 | I53: =MAX($C53-55,0) -> 36.9 | J53: =MAX($C53-60,0) -> 31.9 | K53: =MAX($C53-65,0) -> 26.9 | L53: =MAX($C53-70,0) -> 21.9 | M53: =MAX($C53-75,0) -> 16.9 | N53: =MAX($C53-80,0) -> 11.9 | AA53: =+(1*10^6)+(B53*100)+29 -> 1202329
C54: Average | D54: =AVERAGE(D34:D53) -> 0 | E54: =AVERAGE(E34:E53) -> 0 | F54: =AVERAGE(F34:F53) -> 0 | G54: =AVERAGE(G34:G53) -> 0 | H54: =AVERAGE(H34:H53) -> 34.922083 | I54: =AVERAGE(I34:I53) -> 29.922083 | J54: =AVERAGE(J34:J53) -> 24.922083 | K54: =AVERAGE(K34:K53) -> 19.922083 | ... N54: =AVERAGE(N34:N53) -> 5.1345833

Sheet Abilene January Normal
B1: =+Base45h!B1 -> PUC DOCKET NO.
B2: =+Base45h!B2 -> ONCOR ELECTRIC DELIVERY COMPANY LLC
B3: =+Base45h!B3 -> WEATHER STATION DATA
B4: =+Base45h!B4 -> FOR THE TEST YEAR ENDING DECEMBER 31, 2024
B6: =+Base45h!B6 -> SPONSOR: D. E. NELSON
B8: JANUARY MONTHLY NORMAL WEATHER SUMMATION FOR ABILENE
A9: Line No.
A11: 1 | B11: DATE | C11: NHDD45 | D11: NHDD55 | E11: NHDD60 | F11: NHDD65 | G11: NCDD50 | H11: NCDD55 | I11: NCDD60 | J11: NCDD65 | K11: NCDD70 | L11: NCDD75 | M11: NCDD80
A12: =+A11+1 -> 2 | B12: 45292 | C12: 6.5004167 | D12: 13.065417 | E12: 17.065417 | F12: 21.464583 | G12: 2.9083333 | H12: 1.6133333 | I12: 0.61333333 | J12: 0.0125 | K12: 0 | L12: 0 | M12: 0
A13: =+A12+1 -> 3 | B13: 45293 | C13: 7.6191667 | D13: 14.119167 | E13: 18.07125 | F13: 22.399583 | G13: 3.4841667 | H13: 1.7341667 | I13: 0.68625 | J13: 0.014583333 | K13: 0 | L13: 0 | M13: 0
A14: =+A13+1 -> 4 | B14: 45294 | C14: 3.55 | D14: 10.605 | E14: 14.605 | F14: 18.84875 | G14: 2.9266667 | H14: 1.7916667 | I14: 0.79166667 | J14: 0.035416667 | K14: 0 | L14: 0 | M14: 0
A15: =+A14+1 -> 5 | B15: 45295 | C15: 3.715 | D15: 10.44125 | E15: 15.380833 | F15: 20.380833 | G15: 0.90583333 | H15: 0.060416667 | I15: 0 | J15: 0 | K15: 0 | L15: 0 | M15: 0
A16: =+A15+1 -> 6 | B16: 45296 | C16: 4.4716667 | D16: 12.331667 | E16: 17.081667 | F16: 22.016667 | G16: 1.0591667 | H16: 0.315 | I16: 0.065 | J16: 0 | K16: 0 | L16: 0 | M16: 0
A17: =+A16+1 -> 7 | B17: 45297 | C17: 5.7716667 | D17: 13.069583 | E17: 17.374583 | F17: 22.169583 | G17: 1.935 | H17: 0.9 | I17: 0.205 | J17: 0 | K17: 0 | L17: 0 | M17: 0
A18: =+A17+1 -> 8 | B18: 45298 | C18: 5.0233333 | D18: 12.122083 | E18: 16.372083 | F18: 21.142083 | G18: 2.03 | H18: 0.98 | I18: 0.23 | J18: 0 | K18: 0 | L18: 0 | M18: 0
A19: =+A18+1 -> 9 | B19: 45299 | C19: 3.1425 | D19: 10.071667 | E19: 14.626667 | F19: 19.626667 | G19: 1.3754167 | H19: 0.445 | I19: 0 | J19: 0 | K19: 0 | L19: 0 | M19: 0
A20: =+A19+1 -> 10 | B20: 45300 | C20: 3.0833333 | D20: 9.8654167 | E20: 13.98375 | F20: 18.78375 | G20: 2.3816667 | H20: 1.0816667 | I20: 0.2 | J20: 0 | K20: 0 | L20: 0 | M20: 0
A21: =+A20+1 -> 11 | B21: 45301 | C21: 3.93625 | D21: 9.8420833 | E21: 13.512083 | F21: 17.862083 | G21: 3.69875 | H21: 2.0345833 | I21: 0.70458333 | J21: 0.054583333 | K21: 0 | L21: 0 | M21: 0
A22: =+A21+1 -> 12 | B22: 45302 | C22: 3.27 | D22: 9.165 | E22: 13.089583 | F22: 17.393333 | G22: 3.4566667 | H22: 1.8566667 | I22: 0.78125 | J22: 0.085 | K22: 0 | L22: 0 | M22: 0
A23: =+A22+1 -> 13 | B23: 45303 | C23: 3.42 | D23: 9.8958333 | E23: 14.055833 | F23: 18.832917 | G23: 2.2983333 | H23: 1.0629167 | I23: 0.22291667 | J23: 0 | K23: 0 | L23: 0 | M23: 0
... A42: =+A41+1 -> 32 | B42: 45322 | C42: 3.0229167 | D42: 8.1704167 | E42: 12.005 | F42: 16.945 | G42: 3.1504167 | H42: 1.2254167 | I42: 0.06 | J42: 0 | K42: 0 | L42: 0 | M42: 0
B43: Month | C43: =SUM(C12:C42) -> 116.51833 | D43: =SUM(D12:D42) -> 322.91292 | E43: =SUM(E12:E42) -> 458.14708 | F43: =SUM(F12:F42) -> 606.49375 | G43: =SUM(G12:G42) -> 65.456667 | H43: =SUM(H12:H42) -> 26.79625 | I43: =SUM(I12:I42) -> 7.0304167 | J43: =SUM(J12:J42) -> 0.37708333 | ... M43: =SUM(M12:M42) -> 0

Sheet Abilene July Normal
B1: =+Base45h!B1 -> PUC DOCKET NO.
B2: =+Base45h!B2 -> ONCOR ELECTRIC DELIVERY COMPANY LLC
B3: =+Base45h!B3 -> WEATHER STATION DATA
B4: =+Base45h!B4 -> FOR THE TEST YEAR ENDING DECEMBER 31, 2024
B6: =+Base45h!B6 -> SPONSOR: D. E. NELSON
B8: JULY MONTHLY NORMAL WEATHER SUMMATION FOR ABILENE
A9: Line No.
A11: 1 | B11: DATE | C11: NHDD45 | D11: NHDD55 | E11: NHDD60 | F11: NHDD65 | G11: NCDD50 | H11: NCDD55 | I11: NCDD60 | J11: NCDD65 | K11: NCDD70 | L11: NCDD75 | M11: NCDD80
A12: =+A11+1 -> 2 | B12: 45474 | C12: 0 | D12: 0 | E12: 0 | F12: 0 | G12: 31.171667 | H12: 26.171667 | I12: 21.171667 | J12: 16.171667 | K12: 11.171667 | L12: 6.3466667 | M12: 2.1533333
A13: =+A12+1 -> 3 | B13: 45475 | C13: 0 | D13: 0 | E13: 0 | F13: 0 | G13: 31.163333 | H13: 26.163333 | I13: 21.163333 | J13: 16.163333 | K13: 11.163333 | L13: 6.3320833 | M13: 2.2833333
A14: =+A13+1 -> 4 | B14: 45476 | C14: 0 | D14: 0 | E14: 0 | F14: 0 | G14: 32.350833 | H14: 27.350833 | I14: 22.350833 | J14: 17.350833 | K14: 12.350833 | L14: 7.3508333 | M14: 3.365
A15: =+A14+1 -> 5 | B15: 45477 | C15: 0 | D15: 0 | E15: 0 | F15: 0 | G15: 33.3375 | H15: 28.3375 | I15: 23.3375 | J15: 18.3375 | K15: 13.3375 | L15: 8.3375 | M15: 3.67625
A16: =+A15+1 -> 6 | B16: 45478 | C16: 0 | D16: 0 | E16: 0 | F16: 0 | G16: 31.998333 | H16: 26.998333 | I16: 21.998333 | J16: 16.998333 | K16: 11.998333 | L16: 6.9983333 | M16: 2.9329167
A17: =+A16+1 -> 7 | B17: 45479 | C17: 0 | D17: 0 | E17: 0 | F17: 0 | G17: 32.634167 | H17: 27.634167 | I17: 22.634167 | J17: 17.634167 | K17: 12.634167 | L17: 7.6341667 | M17: 3.2341667
A18: =+A17+1 -> 8 | B18: 45480 | C18: 0 | D18: 0 | E18: 0 | F18: 0 | G18: 31.96625 | H18: 26.96625 | I18: 21.96625 | J18: 16.96625 | K18: 11.96625 | L18: 7.07625 | M18: 2.7329167
A19: =+A18+1 -> 9 | B19: 45481 | C19: 0 | D19: 0 | E19: 0 | F19: 0 | G19: 32.867083 | H19: 27.867083 | I19: 22.867083 | J19: 17.867083 | K19: 12.867083 | L19: 7.9320833 | M19: 3.8895833
A20: =+A19+1 -> 10 | B20: 45482 | C20: 0 | D20: 0 | E20: 0 | F20: 0 | G20: 33.672083 | H20: 28.672083 | I20: 23.672083 | J20: 18.672083 | K20: 13.672083 | L20: 8.6720833 | M20: 4.2170833
A21: =+A20+1 -> 11 | B21: 45483 | C21: 0 | D21: 0 | E21: 0 | F21: 0 | G21: 34.037083 | H21: 29.037083 | I21: 24.037083 | J21: 19.037083 | K21: 14.037083 | L21: 9.0370833 | M21: 4.2820833
A22: =+A21+1 -> 12 | B22: 45484 | C22: 0 | D22: 0 | E22: 0 | F22: 0 | G22: 34.554167 | H22: 29.554167 | I22: 24.554167 | J22: 19.554167 | K22: 14.554167 | L22: 9.5541667 | M22: 4.6091667
A23: =+A22+1 -> 13 | B23: 45485 | C23: 0 | D23: 0 | E23: 0 | F23: 0 | G23: 35.090833 | H23: 30.090833 | I23: 25.090833 | J23: 20.090833 | K23: 15.090833 | L23: 10.090833 | M23: 5.2758333
... A42: =+A41+1 -> 32 | B42: 45504 | C42: 0 | D42: 0 | E42: 0 | F42: 0 | G42: 34.592083 | H42: 29.592083 | I42: 24.592083 | J42: 19.592083 | K42: 14.592083 | L42: 9.6220833 | M42: 5.2541667
B43: Month | C43: =SUM(C12:C42) -> 0 | D43: =SUM(D12:D42) -> 0 | E43: =SUM(E12:E42) -> 0 | F43: =SUM(F12:F42) -> 0 | G43: =SUM(G12:G42) -> 1048.7142 | H43: =SUM(H12:H42) -> 893.71417 | I43: =SUM(I12:I42) -> 738.71417 | J43: =SUM(J12:J42) -> 583.71417 | ... M43: =SUM(M12:M42) -> 139.06875
