Workbook

Sheet Introduction
B1: PUC DOCKET NO.
B2: ONCOR ELECTRIC DELIVERY COMPANY LLC
B3: MODEL DATA
B4: FOR THE TEST YEAR ENDING DECEMBER 31, 2024
B6: SPONSOR: D. E. NELSON
A8: Line
A9: No.
A10: 1 | B10: Schedule II-H-2.2 page 2 to 17 provides the data necessary to replicate
A12: 2 | B12: the models presented in Schedule II-H-2.1.
A14: 3 | B14: Page 2 through 11 is the data in models used for the weather adjustment
A16: 4 | B16: Page 12 through 17 provides data included in the before autocorrelation adjustment

Sheet RES Data
B1: =+Introduction!B1 -> PUC DOCKET NO.
B2: =+Introduction!B2 -> ONCOR ELECTRIC DELIVERY COMPANY LLC
B3: =+Introduction!B3 -> MODEL DATA
B4: =+Introduction!B4 -> FOR THE TEST YEAR ENDING DECEMBER 31, 2024
B6: =+Introduction!B6 -> SPONSOR: D. E. NELSON
B8: (a) | C8: (b) | D8: (c) | E8: (d) | F8: (e) | G8: (f) | H8: (g) | I8: (h) | J8: (i) | K8: (j) | L8: (k) | M8: (l) | N8: (n) | O8: (o) | P8: (p) | Q8: (q) | R8: (r) | S8: (s) | T8: (t) | U8: (u) | V8: (v) | W8: (w)
A9: Line | B9: RESIDENTIAL MODEL
A10: No. | B10: Year | C10: Month | D10: Res_UPC_Day | E10: XHeat | F10: XCool | G10: XOther | H10: Jan | I10: Feb | J10: Mar | K10: Apr | L10: May | M10: Jun | N10: Jul | O10: Aug | P10: Sep | Q10: Oct | R10: Nov | S10: Dec | T10: XHeatTrend | U10: XCoolTrend | V10: XOtherTrend | W10: Covid
A11: 1 | B11: 2010 | C11: 1 | D11: 49.02 | E11: 12.16 | F11: 0.01 | G11: 25.62 | H11: 1 | I11: 0 | J11: 0 | K11: 0 | L11: 0 | M11: 0 | N11: 0 | O11: 0 | P11: 0 | Q11: 0 | R11: 0 | S11: 0 | T11: 60.8 | U11: 0.03 | V11: 128.08 | W11: 0
A12: =+A11+1 -> 2 | B12: 2010 | C12: 2 | D12: 44.88 | E12: 10.2 | F12: 0 | G12: 25.55 | H12: 0 | I12: 1 | J12: 0 | K12: 0 | L12: 0 | M12: 0 | N12: 0 | O12: 0 | P12: 0 | Q12: 0 | R12: 0 | S12: 0 | T12: 51 | U12: 0.01 | V12: 127.74 | W12: 0
A13: =+A12+1 -> 3 | B13: 2010 | C13: 3 | D13: 39.95 | E13: 7.31 | F13: 0 | G13: 25.38 | H13: 0 | I13: 0 | J13: 1 | K13: 0 | L13: 0 | M13: 0 | N13: 0 | O13: 0 | P13: 0 | Q13: 0 | R13: 0 | S13: 0 | T13: 36.54 | U13: 0.01 | V13: 126.9 | W13: 0
A14: =+A13+1 -> 4 | B14: 2010 | C14: 4 | D14: 27.99 | E14: 1.5 | F14: 0.49 | G14: 25.01 | H14: 0 | I14: 0 | J14: 0 | K14: 1 | L14: 0 | M14: 0 | N14: 0 | O14: 0 | P14: 0 | Q14: 0 | R14: 0 | S14: 0 | T14: 7.48 | U14: 2.46 | V14: 125.03 | W14: 0
A15: =+A14+1 -> 5 | B15: 2010 | C15: 5 | D15: 28.6 | E15: 0.12 | F15: 2.21 | G15: 24.93 | H15: 0 | I15: 0 | J15: 0 | K15: 0 | L15: 1 | M15: 0 | N15: 0 | O15: 0 | P15: 0 | Q15: 0 | R15: 0 | S15: 0 | T15: 0.62 | U15: 11.04 | V15: 124.66 | W15: 0
A16: =+A15+1 -> 6 | B16: 2010 | C16: 6 | D16: 46.73 | E16: 0.01 | F16: 9.62 | G16: 24.92 | H16: 0 | I16: 0 | J16: 0 | K16: 0 | L16: 0 | M16: 1 | N16: 0 | O16: 0 | P16: 0 | Q16: 0 | R16: 0 | S16: 0 | T16: 0.03 | U16: 48.11 | V16: 124.58 | W16: 0
A17: =+A16+1 -> 7 | B17: 2010 | C17: 7 | D17: 55.15 | E17: 0 | F17: 12.58 | G17: 24.42 | H17: 0 | I17: 0 | J17: 0 | K17: 0 | L17: 0 | M17: 0 | N17: 1 | O17: 0 | P17: 0 | Q17: 0 | R17: 0 | S17: 0 | T17: 0 | U17: 62.9 | V17: 122.1 | W17: 0
A18: =+A17+1 -> 8 | B18: 2010 | C18: 8 | D18: 61.47 | E18: 0 | F18: 15.04 | G18: 24.23 | H18: 0 | I18: 0 | J18: 0 | K18: 0 | L18: 0 | M18: 0 | N18: 0 | O18: 1 | P18: 0 | Q18: 0 | R18: 0 | S18: 0 | T18: 0 | U18: 75.22 | V18: 121.14 | W18: 0
A19: =+A18+1 -> 9 | B19: 2010 | C19: 9 | D19: 57.2 | E19: 0 | F19: 13.52 | G19: 24.39 | H19: 0 | I19: 0 | J19: 0 | K19: 0 | L19: 0 | M19: 0 | N19: 0 | O19: 0 | P19: 1 | Q19: 0 | R19: 0 | S19: 0 | T19: 0 | U19: 67.59 | V19: 121.97 | W19: 0
A20: =+A19+1 -> 10 | B20: 2010 | C20: 10 | D20: 38.29 | E20: 0.03 | F20: 5.22 | G20: 24.74 | H20: 0 | I20: 0 | J20: 0 | K20: 0 | L20: 0 | M20: 0 | N20: 0 | O20: 0 | P20: 0 | Q20: 1 | R20: 0 | S20: 0 | T20: 0.15 | U20: 26.12 | V20: 123.68 | W20: 0
A21: =+A20+1 -> 11 | B21: 2010 | C21: 11 | D21: 28.17 | E21: 0.68 | F21: 1.17 | G21: 25.09 | H21: 0 | I21: 0 | J21: 0 | K21: 0 | L21: 0 | M21: 0 | N21: 0 | O21: 0 | P21: 0 | Q21: 0 | R21: 1 | S21: 0 | T21: 3.39 | U21: 5.86 | V21: 125.46 | W21: 0
A22: =+A21+1 -> 12 | B22: 2010 | C22: 12 | D22: 32.93 | E22: 4.21 | F22: 0.34 | G22: 25.63 | H22: 0 | I22: 0 | J22: 0 | K22: 0 | L22: 0 | M22: 0 | N22: 0 | O22: 0 | P22: 0 | Q22: 0 | R22: 0 | S22: 1 | T22: 21.05 | U22: 1.71 | V22: 128.15 | W22: 0
A23: =+A22+1 -> 13 | B23: 2011 | C23: 1 | D23: 42.42 | E23: 8.79 | F23: 0.01 | G23: 26.41 | H23: 1 | I23: 0 | J23: 0 | K23: 0 | L23: 0 | M23: 0 | N23: 0 | O23: 0 | P23: 0 | Q23: 0 | R23: 0 | S23: 0 | T23: 52.72 | U23: 0.07 | V23: 158.44 | W23: 0
... A184: =+A183+1 -> 174 | B184: 2024 | C184: 6 | D184: 38.21 | E184: 0 | F184: 6.4 | G184: 27.53 | H184: 0 | I184: 0 | J184: 0 | K184: 0 | L184: 0 | M184: 1 | N184: 0 | O184: 0 | P184: 0 | Q184: 0 | R184: 0 | S184: 0 | T184: 0 | U184: 121.64 | V184: 523.14 | W184: 0

Sheet SECLE10KW Data
B1: =+Introduction!B1 -> PUC DOCKET NO.
B2: =+Introduction!B2 -> ONCOR ELECTRIC DELIVERY COMPANY LLC
B3: =+Introduction!B3 -> MODEL DATA
B4: =+Introduction!B4 -> FOR THE TEST YEAR ENDING DECEMBER 31, 2024
B6: =+Introduction!B6 -> SPONSOR: D. E. NELSON
B8: (a) | C8: (b) | D8: (c) | E8: (d) | F8: (e) | G8: (f) | H8: (g) | I8: (h) | J8: (i) | K8: (j) | L8: (k) | M8: (l) | N8: (n) | O8: (o) | P8: (p) | Q8: (q) | R8: (r) | S8: (s)
A9: Line | B9: SECONDARY SERVICE LESS THAN OR EQUAL TO 10 KW MODEL
A10: No. | B10: Year | C10: Month | D10: SS_UPC_Day | E10: SS_HDD | F10: SS_CDD | G10: Jan | H10: Feb | I10: Mar | J10: Apr | K10: May | L10: Jun | M10: Jul | N10: Aug | O10: Sep | P10: Oct | Q10: Nov | R10: Dec | S10: Covid
A11: 1 | B11: 2010 | C11: 1 | D11: 19.68 | E11: 12.01 | F11: 0.01 | G11: 1 | H11: 0 | I11: 0 | J11: 0 | K11: 0 | L11: 0 | M11: 0 | N11: 0 | O11: 0 | P11: 0 | Q11: 0 | R11: 0 | S11: 0
A12: =+A11+1 -> 2 | B12: 2010 | C12: 2 | D12: 18.85 | E12: 10.02 | F12: 0 | G12: 0 | H12: 1 | I12: 0 | J12: 0 | K12: 0 | L12: 0 | M12: 0 | N12: 0 | O12: 0 | P12: 0 | Q12: 0 | R12: 0 | S12: 0
A13: =+A12+1 -> 3 | B13: 2010 | C13: 3 | D13: 17.66 | E13: 7.25 | F13: 0 | G13: 0 | H13: 0 | I13: 1 | J13: 0 | K13: 0 | L13: 0 | M13: 0 | N13: 0 | O13: 0 | P13: 0 | Q13: 0 | R13: 0 | S13: 0
A14: =+A13+1 -> 4 | B14: 2010 | C14: 4 | D14: 15.48 | E14: 1.63 | F14: 0.5 | G14: 0 | H14: 0 | I14: 0 | J14: 1 | K14: 0 | L14: 0 | M14: 0 | N14: 0 | O14: 0 | P14: 0 | Q14: 0 | R14: 0 | S14: 0
A15: =+A14+1 -> 5 | B15: 2010 | C15: 5 | D15: 15.64 | E15: 0.2 | F15: 2.26 | G15: 0 | H15: 0 | I15: 0 | J15: 0 | K15: 1 | L15: 0 | M15: 0 | N15: 0 | O15: 0 | P15: 0 | Q15: 0 | R15: 0 | S15: 0
A16: =+A15+1 -> 6 | B16: 2010 | C16: 6 | D16: 18.55 | E16: 0.01 | F16: 10.08 | G16: 0 | H16: 0 | I16: 0 | J16: 0 | K16: 0 | L16: 1 | M16: 0 | N16: 0 | O16: 0 | P16: 0 | Q16: 0 | R16: 0 | S16: 0
A17: =+A16+1 -> 7 | B17: 2010 | C17: 7 | D17: 20.74 | E17: 0 | F17: 13.08 | G17: 0 | H17: 0 | I17: 0 | J17: 0 | K17: 0 | L17: 0 | M17: 1 | N17: 0 | O17: 0 | P17: 0 | Q17: 0 | R17: 0 | S17: 0
A18: =+A17+1 -> 8 | B18: 2010 | C18: 8 | D18: 21.94 | E18: 0 | F18: 15.56 | G18: 0 | H18: 0 | I18: 0 | J18: 0 | K18: 0 | L18: 0 | M18: 0 | N18: 1 | O18: 0 | P18: 0 | Q18: 0 | R18: 0 | S18: 0
A19: =+A18+1 -> 9 | B19: 2010 | C19: 9 | D19: 21.05 | E19: 0 | F19: 13.99 | G19: 0 | H19: 0 | I19: 0 | J19: 0 | K19: 0 | L19: 0 | M19: 0 | N19: 0 | O19: 1 | P19: 0 | Q19: 0 | R19: 0 | S19: 0
A20: =+A19+1 -> 10 | B20: 2010 | C20: 10 | D20: 17.97 | E20: 0.06 | F20: 5.38 | G20: 0 | H20: 0 | I20: 0 | J20: 0 | K20: 0 | L20: 0 | M20: 0 | N20: 0 | O20: 0 | P20: 1 | Q20: 0 | R20: 0 | S20: 0
A21: =+A20+1 -> 11 | B21: 2010 | C21: 11 | D21: 16.36 | E21: 0.76 | F21: 1.15 | G21: 0 | H21: 0 | I21: 0 | J21: 0 | K21: 0 | L21: 0 | M21: 0 | N21: 0 | O21: 0 | P21: 0 | Q21: 1 | R21: 0 | S21: 0
A22: =+A21+1 -> 12 | B22: 2010 | C22: 12 | D22: 17.18 | E22: 4.3 | F22: 0.32 | G22: 0 | H22: 0 | I22: 0 | J22: 0 | K22: 0 | L22: 0 | M22: 0 | N22: 0 | O22: 0 | P22: 0 | Q22: 0 | R22: 1 | S22: 0
A23: =+A22+1 -> 13 | B23: 2011 | C23: 1 | D23: 18.32 | E23: 8.61 | F23: 0.01 | G23: 1 | H23: 0 | I23: 0 | J23: 0 | K23: 0 | L23: 0 | M23: 0 | N23: 0 | O23: 0 | P23: 0 | Q23: 0 | R23: 0 | S23: 0
... A184: =+A183+1 -> 174 | B184: 2024 | C184: 6 | D184: 14.85 | E184: 0 | F184: 7.98 | G184: 0 | H184: 0 | I184: 0 | J184: 0 | K184: 0 | L184: 1 | M184: 0 | N184: 0 | O184: 0 | P184: 0 | Q184: 0 | R184: 0 | S184: 0

Sheet SECGT10KW Data 
B1: =+Introduction!B1 -> PUC DOCKET NO.
B2: =+Introduction!B2 -> ONCOR ELECTRIC DELIVERY COMPANY LLC
B3: =+Introduction!B3 -> MODEL DATA
B4: =+Introduction!B4 -> FOR THE TEST YEAR ENDING DECEMBER 31, 2024
B6: =+Introduction!B6 -> SPONSOR: D. E. NELSON
B8: (a) | C8: (b) | D8: (c) | E8: (d) | F8: (e) | G8: (f) | H8: (g) | I8: (h) | J8: (i) | K8: (j) | L8: (k) | M8: (l) | N8: (n) | O8: (o) | P8: (p) | Q8: (q)
A9: Line | B9: SECONDARY SERVICE GREATER THAN 10 KW MODEL
A10: No. | B10: Year | C10: Month | D10: LS_UPC_Day | E10: LS_CDD | F10: LS_HDD | G10: EMFGONCOR | H10: Feb | I10: Mar | J10: May | K10: Jun | L10: Jul | M10: Aug | N10: Sep | O10: Oct | P10: Nov | Q10: Covid
A11: 1 | B11: 2010 | C11: 1 | D11: 595.58 | E11: 0.07 | F11: 9.78 | G11: 382.79 | H11: 0 | I11: 0 | J11: 0 | K11: 0 | L11: 0 | M11: 0 | N11: 0 | O11: 0 | P11: 0 | Q11: 0
A12: =+A11+1 -> 2 | B12: 2010 | C12: 2 | D12: 610.82 | E12: 0.07 | F12: 7.91 | G12: 383.82 | H12: 1 | I12: 0 | J12: 0 | K12: 0 | L12: 0 | M12: 0 | N12: 0 | O12: 0 | P12: 0 | Q12: 0
A13: =+A12+1 -> 3 | B13: 2010 | C13: 3 | D13: 587.08 | E13: 0.1 | F13: 5.23 | G13: 385.02 | H13: 0 | I13: 1 | J13: 0 | K13: 0 | L13: 0 | M13: 0 | N13: 0 | O13: 0 | P13: 0 | Q13: 0
A14: =+A13+1 -> 4 | B14: 2010 | C14: 4 | D14: 568.46 | E14: 1.45 | F14: 0.69 | G14: 386.41 | H14: 0 | I14: 0 | J14: 0 | K14: 0 | L14: 0 | M14: 0 | N14: 0 | O14: 0 | P14: 0 | Q14: 0
A15: =+A14+1 -> 5 | B15: 2010 | C15: 5 | D15: 614.22 | E15: 4.25 | F15: 0.01 | G15: 387.93 | H15: 0 | I15: 0 | J15: 1 | K15: 0 | L15: 0 | M15: 0 | N15: 0 | O15: 0 | P15: 0 | Q15: 0
A16: =+A15+1 -> 6 | B16: 2010 | C16: 6 | D16: 719.91 | E16: 13.24 | F16: 0 | G16: 389.55 | H16: 0 | I16: 0 | J16: 0 | K16: 1 | L16: 0 | M16: 0 | N16: 0 | O16: 0 | P16: 0 | Q16: 0
A17: =+A16+1 -> 7 | B17: 2010 | C17: 7 | D17: 770.37 | E17: 16.44 | F17: 0 | G17: 391.24 | H17: 0 | I17: 0 | J17: 0 | K17: 0 | L17: 1 | M17: 0 | N17: 0 | O17: 0 | P17: 0 | Q17: 0
A18: =+A17+1 -> 8 | B18: 2010 | C18: 8 | D18: 808.14 | E18: 19.05 | F18: 0 | G18: 393.02 | H18: 0 | I18: 0 | J18: 0 | K18: 0 | L18: 0 | M18: 1 | N18: 0 | O18: 0 | P18: 0 | Q18: 0
A19: =+A18+1 -> 9 | B19: 2010 | C19: 9 | D19: 800.35 | E19: 17.38 | F19: 0 | G19: 394.81 | H19: 0 | I19: 0 | J19: 0 | K19: 0 | L19: 0 | M19: 0 | N19: 1 | O19: 0 | P19: 0 | Q19: 0
A20: =+A19+1 -> 10 | B20: 2010 | C20: 10 | D20: 682.57 | E20: 7.99 | F20: 0 | G20: 396.63 | H20: 0 | I20: 0 | J20: 0 | K20: 0 | L20: 0 | M20: 0 | N20: 0 | O20: 1 | P20: 0 | Q20: 0
A21: =+A20+1 -> 11 | B21: 2010 | C21: 11 | D21: 612.57 | E21: 2.67 | F21: 0.21 | G21: 398.46 | H21: 0 | I21: 0 | J21: 0 | K21: 0 | L21: 0 | M21: 0 | N21: 0 | O21: 0 | P21: 1 | Q21: 0
A22: =+A21+1 -> 12 | B22: 2010 | C22: 12 | D22: 574.98 | E22: 0.84 | F22: 2.66 | G22: 400.27 | H22: 0 | I22: 0 | J22: 0 | K22: 0 | L22: 0 | M22: 0 | N22: 0 | O22: 0 | P22: 0 | Q22: 0
A23: =+A22+1 -> 13 | B23: 2011 | C23: 1 | D23: 580.17 | E23: 0.14 | F23: 6.58 | G23: 402.1 | H23: 0 | I23: 0 | J23: 0 | K23: 0 | L23: 0 | M23: 0 | N23: 0 | O23: 0 | P23: 0 | Q23: 0
... A184: =+A183+1 -> 174 | B184: 2024 | C184: 6 | D184: 584.14 | E184: 10.81 | F184: 0 | G184: 392.79 | H184: 0 | I184: 0 | J184: 0 | K184: 1 | L184: 0 | M184: 0 | N184: 0 | O184: 0 | P184: 0 | Q184: 0

Sheet PRMGT10KWD Data
B1: =+Introduction!B1 -> PUC DOCKET NO.
B2: =+Introduction!B2 -> ONCOR ELECTRIC DELIVERY COMPANY LLC
B3: =+Introduction!B3 -> MODEL DATA
B4: =+Introduction!B4 -> FOR THE TEST YEAR ENDING DECEMBER 31, 2024
B6: =+Introduction!B6 -> SPONSOR: D. E. NELSON
B8: (a) | C8: (b) | D8: (c) | E8: (d) | F8: (e) | G8: (f) | H8: (g) | I8: (h) | J8: (i) | K8: (j) | L8: (k) | M8: (l) | N8: (m) | O8: (n) | P8: (0) | Q8: (p) | R8: (q) | S8: (r) | T8: (s) | U8: (t) | V8: (u)
A9: Line | B9: PRIMARY SERVICE GREATER THAN 10 KW MODEL
A10: No. | B10: Year | C10: Month | D10: LP_UPD | E10: LP_CDD | F10: GMPR | G10: Jan | H10: Feb | I10: Mar | J10: Apr | K10: May | L10: Jun | M10: Jul | N10: Aug | O10: Sep | P10: Oct | Q10: Nov | R10: Dec | S10: Covid | T10: NOV2015 | U10: JuL2023 | V10: Mar2024
A11: 1 | B11: 2011 | C11: 1 | D11: 25758.24 | E11: 0.58 | F11: 667499.72 | G11: 1 | H11: 0 | I11: 0 | J11: 0 | K11: 0 | L11: 0 | M11: 0 | N11: 0 | O11: 0 | P11: 0 | Q11: 0 | R11: 0 | S11: 0 | T11: 0 | U11: 0 | V11: 0
A12: =+A11+1 -> 2 | B12: 2011 | C12: 2 | D12: 26637.06 | E12: 0.76 | F12: 669118.89 | G12: 0 | H12: 1 | I12: 0 | J12: 0 | K12: 0 | L12: 0 | M12: 0 | N12: 0 | O12: 0 | P12: 0 | Q12: 0 | R12: 0 | S12: 0 | T12: 0 | U12: 0 | V12: 0
A13: =+A12+1 -> 3 | B13: 2011 | C13: 3 | D13: 29409.48 | E13: 4.01 | F13: 670827.46 | G13: 0 | H13: 0 | I13: 1 | J13: 0 | K13: 0 | L13: 0 | M13: 0 | N13: 0 | O13: 0 | P13: 0 | Q13: 0 | R13: 0 | S13: 0 | T13: 0 | U13: 0 | V13: 0
A14: =+A13+1 -> 4 | B14: 2011 | C14: 4 | D14: 25166.11 | E14: 8.68 | F14: 672564.26 | G14: 0 | H14: 0 | I14: 0 | J14: 1 | K14: 0 | L14: 0 | M14: 0 | N14: 0 | O14: 0 | P14: 0 | Q14: 0 | R14: 0 | S14: 0 | T14: 0 | U14: 0 | V14: 0
A15: =+A14+1 -> 5 | B15: 2011 | C15: 5 | D15: 28559.27 | E15: 12.04 | F15: 674122.84 | G15: 0 | H15: 0 | I15: 0 | J15: 0 | K15: 1 | L15: 0 | M15: 0 | N15: 0 | O15: 0 | P15: 0 | Q15: 0 | R15: 0 | S15: 0 | T15: 0 | U15: 0 | V15: 0
A16: =+A15+1 -> 6 | B16: 2011 | C16: 6 | D16: 30054.21 | E16: 21.78 | F16: 675419.63 | G16: 0 | H16: 0 | I16: 0 | J16: 0 | K16: 0 | L16: 1 | M16: 0 | N16: 0 | O16: 0 | P16: 0 | Q16: 0 | R16: 0 | S16: 0 | T16: 0 | U16: 0 | V16: 0
A17: =+A16+1 -> 7 | B17: 2011 | C17: 7 | D17: 31256.02 | E17: 27.91 | F17: 676559.63 | G17: 0 | H17: 0 | I17: 0 | J17: 0 | K17: 0 | L17: 0 | M17: 1 | N17: 0 | O17: 0 | P17: 0 | Q17: 0 | R17: 0 | S17: 0 | T17: 0 | U17: 0 | V17: 0
A18: =+A17+1 -> 8 | B18: 2011 | C18: 8 | D18: 32879.95 | E18: 29.37 | F18: 677734.01 | G18: 0 | H18: 0 | I18: 0 | J18: 0 | K18: 0 | L18: 0 | M18: 0 | N18: 1 | O18: 0 | P18: 0 | Q18: 0 | R18: 0 | S18: 0 | T18: 0 | U18: 0 | V18: 0
A19: =+A18+1 -> 9 | B19: 2011 | C19: 9 | D19: 31307 | E19: 24.76 | F19: 679015.27 | G19: 0 | H19: 0 | I19: 0 | J19: 0 | K19: 0 | L19: 0 | M19: 0 | N19: 0 | O19: 1 | P19: 0 | Q19: 0 | R19: 0 | S19: 0 | T19: 0 | U19: 0 | V19: 0
A20: =+A19+1 -> 10 | B20: 2011 | C20: 10 | D20: 29920.92 | E20: 14.47 | F20: 680351.35 | G20: 0 | H20: 0 | I20: 0 | J20: 0 | K20: 0 | L20: 0 | M20: 0 | N20: 0 | O20: 0 | P20: 1 | Q20: 0 | R20: 0 | S20: 0 | T20: 0 | U20: 0 | V20: 0
A21: =+A20+1 -> 11 | B21: 2011 | C21: 11 | D21: 28671.94 | E21: 5.95 | F21: 681614.64 | G21: 0 | H21: 0 | I21: 0 | J21: 0 | K21: 0 | L21: 0 | M21: 0 | N21: 0 | O21: 0 | P21: 0 | Q21: 1 | R21: 0 | S21: 0 | T21: 0 | U21: 0 | V21: 0
A22: =+A21+1 -> 12 | B22: 2011 | C22: 12 | D22: 27535.18 | E22: 1.44 | F22: 682732.49 | G22: 0 | H22: 0 | I22: 0 | J22: 0 | K22: 0 | L22: 0 | M22: 0 | N22: 0 | O22: 0 | P22: 0 | Q22: 0 | R22: 1 | S22: 0 | T22: 0 | U22: 0 | V22: 0
A23: =+A22+1 -> 13 | B23: 2012 | C23: 1 | D23: 27409.34 | E23: 0.39 | F23: 683824.3 | G23: 1 | H23: 0 | I23: 0 | J23: 0 | K23: 0 | L23: 0 | M23: 0 | N23: 0 | O23: 0 | P23: 0 | Q23: 0 | R23: 0 | S23: 0 | T23: 0 | U23: 0 | V23: 0
... A172: =+A171+1 -> 162 | B172: 2024 | C172: 6 | D172: 59410.47 | E172: 18.32 | F172: 922329.12 | G172: 0 | H172: 0 | I172: 0 | J172: 0 | K172: 0 | L172: 1 | M172: 0 | N172: 0 | O172: 0 | P172: 0 | Q172: 0 | R172: 0 | S172: 0 | T172: 0 | U172: 0 | V172: 0

Sheet SUBSTATION Data
B1: =+Introduction!B1 -> PUC DOCKET NO.
B2: =+Introduction!B2 -> ONCOR ELECTRIC DELIVERY COMPANY LLC
B3: =+Introduction!B3 -> MODEL DATA
B4: =+Introduction!B4 -> FOR THE TEST YEAR ENDING DECEMBER 31, 2024
B6: =+Introduction!B6 -> SPONSOR: D. E. NELSON
B8: (a) | C8: (b) | D8: (c) | E8: (d) | F8: (e) | G8: (f) | H8: (g) | I8: (h) | J8: (i) | K8: (j) | L8: (k) | M8: (l) | N8: (n) | O8: (o) | P8: (p)
A9: Line | B9: SUBSTATION MODEL
A10: No. | B10: Year | C10: Month | D10: LP_Sub_UPD | E10: SUB_CDD | F10: GMPR | G10: Jan | H10: Mar | I10: Apr | J10: May | K10: Jun | L10: Jul | M10: Oct | N10: Sep | O10: NOV2015 | P10: Covid
A11: 1 | B11: 2012 | C11: 1 | D11: 5136.11 | E11: 23.64 | F11: 683824.3 | G11: 1 | H11: 0 | I11: 0 | J11: 0 | K11: 0 | L11: 0 | M11: 0 | N11: 0 | O11: 0 | P11: 0
A12: =+A11+1 -> 2 | B12: 2012 | C12: 2 | D12: 5365.52 | E12: 54.94 | F12: 684990.03 | G12: 0 | H12: 0 | I12: 0 | J12: 0 | K12: 0 | L12: 0 | M12: 0 | N12: 0 | O12: 0 | P12: 0
A13: =+A12+1 -> 3 | B13: 2012 | C13: 3 | D13: 5514.7 | E13: 146.21 | F13: 686365.1 | G13: 0 | H13: 1 | I13: 0 | J13: 0 | K13: 0 | L13: 0 | M13: 0 | N13: 0 | O13: 0 | P13: 0
A14: =+A13+1 -> 4 | B14: 2012 | C14: 4 | D14: 5733.52 | E14: 349.01 | F14: 687910.33 | G14: 0 | H14: 0 | I14: 1 | J14: 0 | K14: 0 | L14: 0 | M14: 0 | N14: 0 | O14: 0 | P14: 0
A15: =+A14+1 -> 5 | B15: 2012 | C15: 5 | D15: 5755.74 | E15: 466.92 | F15: 689487.02 | G15: 0 | H15: 0 | I15: 0 | J15: 1 | K15: 0 | L15: 0 | M15: 0 | N15: 0 | O15: 0 | P15: 0
A16: =+A15+1 -> 6 | B16: 2012 | C16: 6 | D16: 6198.8 | E16: 556.36 | F16: 691005.45 | G16: 0 | H16: 0 | I16: 0 | J16: 0 | K16: 1 | L16: 0 | M16: 0 | N16: 0 | O16: 0 | P16: 0
A17: =+A16+1 -> 7 | B17: 2012 | C17: 7 | D17: 6263.9 | E17: 602.46 | F17: 692467.16 | G17: 0 | H17: 0 | I17: 0 | J17: 0 | K17: 0 | L17: 1 | M17: 0 | N17: 0 | O17: 0 | P17: 0
A18: =+A17+1 -> 8 | B18: 2012 | C18: 8 | D18: 6867.51 | E18: 605.1 | F18: 693928.33 | G18: 0 | H18: 0 | I18: 0 | J18: 0 | K18: 0 | L18: 0 | M18: 0 | N18: 0 | O18: 0 | P18: 0
A19: =+A18+1 -> 9 | B19: 2012 | C19: 9 | D19: 6987.75 | E19: 569.69 | F19: 695364.14 | G19: 0 | H19: 0 | I19: 0 | J19: 0 | K19: 0 | L19: 0 | M19: 0 | N19: 1 | O19: 0 | P19: 0
A20: =+A19+1 -> 10 | B20: 2012 | C20: 10 | D20: 6861.98 | E20: 417.24 | F20: 696789.36 | G20: 0 | H20: 0 | I20: 0 | J20: 0 | K20: 0 | L20: 0 | M20: 1 | N20: 0 | O20: 0 | P20: 0
A21: =+A20+1 -> 11 | B21: 2012 | C21: 11 | D21: 6282.5 | E21: 265.85 | F21: 698185.76 | G21: 0 | H21: 0 | I21: 0 | J21: 0 | K21: 0 | L21: 0 | M21: 0 | N21: 0 | O21: 0 | P21: 0
A22: =+A21+1 -> 12 | B22: 2012 | C22: 12 | D22: 6438.59 | E22: 144.08 | F22: 699551.86 | G22: 0 | H22: 0 | I22: 0 | J22: 0 | K22: 0 | L22: 0 | M22: 0 | N22: 0 | O22: 0 | P22: 0
A23: =+A22+1 -> 13 | B23: 2013 | C23: 1 | D23: 5168.43 | E23: 34.36 | F23: 700962.65 | G23: 1 | H23: 0 | I23: 0 | J23: 0 | K23: 0 | L23: 0 | M23: 0 | N23: 0 | O23: 0 | P23: 0
... A160: =+A159+1 -> 150 | B160: 2024 | C160: 6 | D160: 20661.29 | E160: 548.34 | F160: 922329.12 | G160: 0 | H160: 0 | I160: 0 | J160: 0 | K160: 1 | L160: 0 | M160: 0 | N160: 0 | O160: 0 | P160: 0

Sheet SECLE10KW B Data
B1: =+Introduction!B1 -> PUC DOCKET NO.
B2: =+Introduction!B2 -> ONCOR ELECTRIC DELIVERY COMPANY LLC
B3: =+Introduction!B3 -> MODEL DATA
B4: =+Introduction!B4 -> FOR THE TEST YEAR ENDING DECEMBER 31, 2024
B6: =+Introduction!B6 -> SPONSOR: D. E. NELSON
B8: (a) | C8: (b) | D8: (c)
A9: Line | B9: SECONDARY SERVICE LESS THAN OR EQUAL TO 10 KW (B) MODEL
A10: No. | B10: Year | C10: Month | D10: DFW_ESRV
A11: 1 | B11: 2010 | C11: 1 | D11: 143.26
A12: =+A11+1 -> 2 | B12: 2010 | C12: 2 | D12: 143.1
A13: =+A12+1 -> 3 | B13: 2010 | C13: 3 | D13: 142.97
A14: =+A13+1 -> 4 | B14: 2010 | C14: 4 | D14: 142.9
A15: =+A14+1 -> 5 | B15: 2010 | C15: 5 | D15: 142.92
A16: =+A15+1 -> 6 | B16: 2010 | C16: 6 | D16: 143.04
A17: =+A16+1 -> 7 | B17: 2010 | C17: 7 | D17: 143.23
A18: =+A17+1 -> 8 | B18: 2010 | C18: 8 | D18: 143.45
A19: =+A18+1 -> 9 | B19: 2010 | C19: 9 | D19: 143.64
A20: =+A19+1 -> 10 | B20: 2010 | C20: 10 | D20: 143.8
A21: =+A20+1 -> 11 | B21: 2010 | C21: 11 | D21: 143.94
A22: =+A21+1 -> 12 | B22: 2010 | C22: 12 | D22: 144.08
A23: =+A22+1 -> 13 | B23: 2011 | C23: 1 | D23: 144.25
... A184: =+A183+1 -> 174 | B184: 2024 | C184: 6 | D184: 177.87

Sheet SECGT10KW B DATA
B1: =+Introduction!B1 -> PUC DOCKET NO.
B2: =+Introduction!B2 -> ONCOR ELECTRIC DELIVERY COMPANY LLC
B3: =+Introduction!B3 -> MODEL DATA
B4: =+Introduction!B4 -> FOR THE TEST YEAR ENDING DECEMBER 31, 2024
B6: =+Introduction!B6 -> SPONSOR: D. E. NELSON
B8: (a) | C8: (b) | D8: (c) | E8: (d) | F8: (e)
A9: Line | B9: SECONDARY SERVICE GREATER THAN 10 KW (B) MODEL
A10: No. | B10: Year | C10: Month | D10: Jan | E10: Apr | F10: Dec
A11: 1 | B11: 2010 | C11: 1 | D11: 1 | E11: 0 | F11: 0
A12: =+A11+1 -> 2 | B12: 2010 | C12: 2 | D12: 0 | E12: 0 | F12: 0
A13: =+A12+1 -> 3 | B13: 2010 | C13: 3 | D13: 0 | E13: 0 | F13: 0
A14: =+A13+1 -> 4 | B14: 2010 | C14: 4 | D14: 0 | E14: 1 | F14: 0
A15: =+A14+1 -> 5 | B15: 2010 | C15: 5 | D15: 0 | E15: 0 | F15: 0
A16: =+A15+1 -> 6 | B16: 2010 | C16: 6 | D16: 0 | E16: 0 | F16: 0
A17: =+A16+1 -> 7 | B17: 2010 | C17: 7 | D17: 0 | E17: 0 | F17: 0
A18: =+A17+1 -> 8 | B18: 2010 | C18: 8 | D18: 0 | E18: 0 | F18: 0
A19: =+A18+1 -> 9 | B19: 2010 | C19: 9 | D19: 0 | E19: 0 | F19: 0
A20: =+A19+1 -> 10 | B20: 2010 | C20: 10 | D20: 0 | E20: 0 | F20: 0
A21: =+A20+1 -> 11 | B21: 2010 | C21: 11 | D21: 0 | E21: 0 | F21: 0
A22: =+A21+1 -> 12 | B22: 2010 | C22: 12 | D22: 0 | E22: 0 | F22: 1
A23: =+A22+1 -> 13 | B23: 2011 | C23: 1 | D23: 1 | E23: 0 | F23: 0
... A184: =+A183+1 -> 174 | B184: 2024 | C184: 6 | D184: 0 | E184: 0 | F184: 0

Sheet SUBSTATION B DATA
B1: =+Introduction!B1 -> PUC DOCKET NO.
B2: =+Introduction!B2 -> ONCOR ELECTRIC DELIVERY COMPANY LLC
B3: =+Introduction!B3 -> MODEL DATA
B4: =+Introduction!B4 -> FOR THE TEST YEAR ENDING DECEMBER 31, 2024
B6: =+Introduction!B6 -> SPONSOR: D. E. NELSON
B8: (a) | C8: (b) | D8: (c) | E8: (d) | F8: (e) | G8: (f)
A9: Line | B9: SUBSTATION (B) MODEL
A10: No. | B10: Year | C10: Month | D10: Feb | E10: Aug | F10: Nov | G10: Dec
A11: 1 | B11: 2012 | C11: 1 | D11: 0 | E11: 0 | F11: 0 | G11: 0
A12: =+A11+1 -> 2 | B12: 2012 | C12: 2 | D12: 1 | E12: 0 | F12: 0 | G12: 0
A13: =+A12+1 -> 3 | B13: 2012 | C13: 3 | D13: 0 | E13: 0 | F13: 0 | G13: 0
A14: =+A13+1 -> 4 | B14: 2012 | C14: 4 | D14: 0 | E14: 0 | F14: 0 | G14: 0
A15: =+A14+1 -> 5 | B15: 2012 | C15: 5 | D15: 0 | E15: 0 | F15: 0 | G15: 0
A16: =+A15+1 -> 6 | B16: 2012 | C16: 6 | D16: 0 | E16: 0 | F16: 0 | G16: 0
A17: =+A16+1 -> 7 | B17: 2012 | C17: 7 | D17: 0 | E17: 0 | F17: 0 | G17: 0
A18: =+A17+1 -> 8 | B18: 2012 | C18: 8 | D18: 0 | E18: 1 | F18: 0 | G18: 0
A19: =+A18+1 -> 9 | B19: 2012 | C19: 9 | D19: 0 | E19: 0 | F19: 0 | G19: 0
A20: =+A19+1 -> 10 | B20: 2012 | C20: 10 | D20: 0 | E20: 0 | F20: 0 | G20: 0
A21: =+A20+1 -> 11 | B21: 2012 | C21: 11 | D21: 0 | E21: 0 | F21: 1 | G21: 0
A22: =+A21+1 -> 12 | B22: 2012 | C22: 12 | D22: 0 | E22: 0 | F22: 0 | G22: 1
A23: =+A22+1 -> 13 | B23: 2013 | C23: 1 | D23: 0 | E23: 0 | F23: 0 | G23: 0
... A160: =+A159+1 -> 150 | B160: 2024 | C160: 6 | D160: 0 | E160: 0 | F160: 0 | G160: 0
