Workbook

Sheet WP II-E-3.3
A1: 2025 RATE CASE
A2: ONCOR ELECTRIC DELIVERY COMPANY LLC
A3: PLANT ADJUSTMENTS
A4: TEST YEAR ENDING DECEMBER 31, 2024
A5: SPONSOR: B. L. CLUTTER
A10: Line No. | B10: Tax Class | D10: Rate | E10: Convention | F10: 2022 Oncor Tax Additions | G10: 2022 NTU Tax Additions | H10: 2023 Oncor Tax Additions | I10: 2023 NTU Tax Additions | J10: 2024 Oncor Tax Additions | K10: 2024 NTU Tax Additions | L10: Total Tax Depr Basis | M10: 2024 Oncor Depr on V2022-V2024 | N10: 2024 NTU Depr on all Vintages | O10: 2025 Oncor Forecast Depr on V2022-V2024 | P10: 2025 NTU Forecast Depr on all Vintages | Q10: 2026 Oncor Forecast Depr on V2022-V2024 | R10: 2026 NTU Forecast Depr on all Vintages | S10: Oncor V2022-V2024 ADFIT at 12/31/2024 | T10: NTU ADFIT at 12/31/2024
B11: (a) | D11: (b) | E11: (c) | F11: (d) | G11: (e) | H11: (f) | I11: (g) | J11: (h) | K11: (i) | L11: (j) | M11: (k) | N11: (l) | O11: (m) | P11: (n) | Q11: (o) | R11: (p) | S11: (q) | T11: (r)
A12: 1 | B12: TOTAL
A13: =+A12+1 -> 2 | B13: 00.11 | C13: 00.11: Furn, Fixt, Equip | D13: MACRS 7 | E13: HY | F13: =IFERROR(VLOOKUP(C13,'[1]B-1 2022 Adds'!$B$5:$F$161,5,FALSE),0) -> 4692717.6 | G13: =IFERROR(VLOOKUP(C13,'[1]B-2 2022 NTU Adds'!$B$5:$F$61,5,FALSE),0) -> 0 | H13: =IFERROR(VLOOKUP(C13,'[1]B-3 2023 Adds'!$B$5:$F$53,5,FALSE),0) -> 1238582.9 | I13: =IFERROR(VLOOKUP(C13,'[1]B-4 2023 NTU Adds'!$B$5:$F$61,5,FALSE),0) -> 0 | J13: =IFERROR(VLOOKUP(C13,'[1]B-5 2024 Adds'!$B$5:$F$91,5,FALSE),0) -> 3989751.5 | K13: =IFERROR(VLOOKUP(C13,'[1]B-6 2024 NTU Adds'!$B$5:$F$61,5,FALSE),0) -> 0 | L13: =SUM(F13:K13) -> 9921052.1 | M13: =IFERROR(VLOOKUP(C13,'[1]C-1 TY2024 Depr'!$B$4:$I$220,8,FALSE),0) -> 1434597.9 | N13: =IFERROR(VLOOKUP(C13,'[1]C-4 TY2024 Depr NTU'!$B$4:$I$96,8,FALSE),0) -> 0 | O13: =IFERROR(VLOOKUP(C13,'[1]C-2 TY2025 Depr'!$B$4:$I$220,8,FALSE),0) -> 1893928.7 | P13: =IFERROR(VLOOKUP(C13,'[1]C-5 TY2025 Depr NTU'!$B$4:$I$96,8,FALSE),0) -> 0 | Q13: =IFERROR(VLOOKUP(C13,'[1]C-3 TY2026 Depr'!$B$4:$I$220,8,FALSE),0) -> 1364613.1 | R13: =IFERROR(VLOOKUP(C13,'[1]C-6 TY2026 Depr NTU'!$B$4:$I$96,8,FALSE),0) -> 0
A14: =+A13+1 -> 3 | B14: 00.12 | C14: 00.12: Info Systems | D14: MACRS 5 | E14: HY | F14: =IFERROR(VLOOKUP(C14,'[1]B-1 2022 Adds'!$B$5:$F$161,5,FALSE),0) -> 23674330 | G14: =IFERROR(VLOOKUP(C14,'[1]B-2 2022 NTU Adds'!$B$5:$F$61,5,FALSE),0) -> 0 | H14: =IFERROR(VLOOKUP(C14,'[1]B-3 2023 Adds'!$B$5:$F$53,5,FALSE),0) -> 12545498 | I14: =IFERROR(VLOOKUP(C14,'[1]B-4 2023 NTU Adds'!$B$5:$F$61,5,FALSE),0) -> 0 | J14: =IFERROR(VLOOKUP(C14,'[1]B-5 2024 Adds'!$B$5:$F$91,5,FALSE),0) -> 21554113 | K14: =IFERROR(VLOOKUP(C14,'[1]B-6 2024 NTU Adds'!$B$5:$F$61,5,FALSE),0) -> 0 | L14: =SUM(F14:K14) -> 57773941 | M14: =IFERROR(VLOOKUP(C14,'[1]C-1 TY2024 Depr'!$B$4:$I$220,8,FALSE),0) -> 11358967 | N14: =IFERROR(VLOOKUP(C14,'[1]C-4 TY2024 Depr NTU'!$B$4:$I$96,8,FALSE),0) -> 0 | O14: =IFERROR(VLOOKUP(C14,'[1]C-2 TY2025 Depr'!$B$4:$I$220,8,FALSE),0) -> 13179844 | P14: =IFERROR(VLOOKUP(C14,'[1]C-5 TY2025 Depr NTU'!$B$4:$I$96,8,FALSE),0) -> 0 | Q14: =IFERROR(VLOOKUP(C14,'[1]C-3 TY2026 Depr'!$B$4:$I$220,8,FALSE),0) -> 8681611.3 | R14: =IFERROR(VLOOKUP(C14,'[1]C-6 TY2026 Depr NTU'!$B$4:$I$96,8,FALSE),0) -> 0
A15: =+A14+1 -> 4 | B15: 00.13 | C15: 00.13: Data Handling Eq | D15: MACRS 5 | E15: HY | F15: =IFERROR(VLOOKUP(C15,'[1]B-1 2022 Adds'!$B$5:$F$161,5,FALSE),0) -> 0 | G15: =IFERROR(VLOOKUP(C15,'[1]B-2 2022 NTU Adds'!$B$5:$F$61,5,FALSE),0) -> 0 | H15: =IFERROR(VLOOKUP(C15,'[1]B-3 2023 Adds'!$B$5:$F$53,5,FALSE),0) -> 0 | I15: =IFERROR(VLOOKUP(C15,'[1]B-4 2023 NTU Adds'!$B$5:$F$61,5,FALSE),0) -> 0 | J15: =IFERROR(VLOOKUP(C15,'[1]B-5 2024 Adds'!$B$5:$F$91,5,FALSE),0) -> 6980.12 | K15: =IFERROR(VLOOKUP(C15,'[1]B-6 2024 NTU Adds'!$B$5:$F$61,5,FALSE),0) -> 0 | L15: =SUM(F15:K15) -> 6980.12 | M15: =IFERROR(VLOOKUP(C15,'[1]C-1 TY2024 Depr'!$B$4:$I$220,8,FALSE),0) -> 2519.53 | N15: =IFERROR(VLOOKUP(C15,'[1]C-4 TY2024 Depr NTU'!$B$4:$I$96,8,FALSE),0) -> 0 | O15: =IFERROR(VLOOKUP(C15,'[1]C-2 TY2025 Depr'!$B$4:$I$220,8,FALSE),0) -> 1784.23 | P15: =IFERROR(VLOOKUP(C15,'[1]C-5 TY2025 Depr NTU'!$B$4:$I$96,8,FALSE),0) -> 0 | Q15: =IFERROR(VLOOKUP(C15,'[1]C-3 TY2026 Depr'!$B$4:$I$220,8,FALSE),0) -> 1070.54 | R15: =IFERROR(VLOOKUP(C15,'[1]C-6 TY2026 Depr NTU'!$B$4:$I$96,8,FALSE),0) -> 0
A16: =+A15+1 -> 5 | B16: 00.21 | C16: 00.21: Airplanes | D16: MACRS 5 | E16: HY | F16: =IFERROR(VLOOKUP(C16,'[1]B-1 2022 Adds'!$B$5:$F$161,5,FALSE),0) -> 0 | G16: =IFERROR(VLOOKUP(C16,'[1]B-2 2022 NTU Adds'!$B$5:$F$61,5,FALSE),0) -> 0 | H16: =IFERROR(VLOOKUP(C16,'[1]B-3 2023 Adds'!$B$5:$F$53,5,FALSE),0) -> 0 | I16: =IFERROR(VLOOKUP(C16,'[1]B-4 2023 NTU Adds'!$B$5:$F$61,5,FALSE),0) -> 0 | J16: =IFERROR(VLOOKUP(C16,'[1]B-5 2024 Adds'!$B$5:$F$91,5,FALSE),0) -> 0 | K16: =IFERROR(VLOOKUP(C16,'[1]B-6 2024 NTU Adds'!$B$5:$F$61,5,FALSE),0) -> 0 | L16: =SUM(F16:K16) -> 0 | M16: =IFERROR(VLOOKUP(C16,'[1]C-1 TY2024 Depr'!$B$4:$I$220,8,FALSE),0) -> 0 | N16: =IFERROR(VLOOKUP(C16,'[1]C-4 TY2024 Depr NTU'!$B$4:$I$96,8,FALSE),0) -> 0 | O16: =IFERROR(VLOOKUP(C16,'[1]C-2 TY2025 Depr'!$B$4:$I$220,8,FALSE),0) -> 0 | P16: =IFERROR(VLOOKUP(C16,'[1]C-5 TY2025 Depr NTU'!$B$4:$I$96,8,FALSE),0) -> 0 | Q16: =IFERROR(VLOOKUP(C16,'[1]C-3 TY2026 Depr'!$B$4:$I$220,8,FALSE),0) -> 0 | R16: =IFERROR(VLOOKUP(C16,'[1]C-6 TY2026 Depr NTU'!$B$4:$I$96,8,FALSE),0) -> 0
A17: =+A16+1 -> 6 | B17: 00.22 | C17: 00.22: Automobiles | D17: MACRS 5 | E17: HY | F17: =IFERROR(VLOOKUP(C17,'[1]B-1 2022 Adds'!$B$5:$F$161,5,FALSE),0) -> 677282.05 | G17: =IFERROR(VLOOKUP(C17,'[1]B-2 2022 NTU Adds'!$B$5:$F$61,5,FALSE),0) -> 0 | H17: =IFERROR(VLOOKUP(C17,'[1]B-3 2023 Adds'!$B$5:$F$53,5,FALSE),0) -> 663246.96 | I17: =IFERROR(VLOOKUP(C17,'[1]B-4 2023 NTU Adds'!$B$5:$F$61,5,FALSE),0) -> 0 | J17: =IFERROR(VLOOKUP(C17,'[1]B-5 2024 Adds'!$B$5:$F$91,5,FALSE),0) -> 217945.44 | K17: =IFERROR(VLOOKUP(C17,'[1]B-6 2024 NTU Adds'!$B$5:$F$61,5,FALSE),0) -> 0 | L17: =SUM(F17:K17) -> 1558474.4 | M17: =IFERROR(VLOOKUP(C17,'[1]C-1 TY2024 Depr'!$B$4:$I$220,8,FALSE),0) -> 378563.76 | N17: =IFERROR(VLOOKUP(C17,'[1]C-4 TY2024 Depr NTU'!$B$4:$I$96,8,FALSE),0) -> 0 | O17: =IFERROR(VLOOKUP(C17,'[1]C-2 TY2025 Depr'!$B$4:$I$220,8,FALSE),0) -> 297804.36 | P17: =IFERROR(VLOOKUP(C17,'[1]C-5 TY2025 Depr NTU'!$B$4:$I$96,8,FALSE),0) -> 0 | Q17: =IFERROR(VLOOKUP(C17,'[1]C-3 TY2026 Depr'!$B$4:$I$220,8,FALSE),0) -> 199019.56 | R17: =IFERROR(VLOOKUP(C17,'[1]C-6 TY2026 Depr NTU'!$B$4:$I$96,8,FALSE),0) -> 0
A18: =+A17+1 -> 7 | B18: 00.241 | C18: 00.241: Light Trucks | D18: MACRS 5 | E18: HY | F18: =IFERROR(VLOOKUP(C18,'[1]B-1 2022 Adds'!$B$5:$F$161,5,FALSE),0) -> 0 | G18: =IFERROR(VLOOKUP(C18,'[1]B-2 2022 NTU Adds'!$B$5:$F$61,5,FALSE),0) -> 0 | H18: =IFERROR(VLOOKUP(C18,'[1]B-3 2023 Adds'!$B$5:$F$53,5,FALSE),0) -> 0 | I18: =IFERROR(VLOOKUP(C18,'[1]B-4 2023 NTU Adds'!$B$5:$F$61,5,FALSE),0) -> 0 | J18: =IFERROR(VLOOKUP(C18,'[1]B-5 2024 Adds'!$B$5:$F$91,5,FALSE),0) -> 0 | K18: =IFERROR(VLOOKUP(C18,'[1]B-6 2024 NTU Adds'!$B$5:$F$61,5,FALSE),0) -> 0 | L18: =SUM(F18:K18) -> 0 | M18: =IFERROR(VLOOKUP(C18,'[1]C-1 TY2024 Depr'!$B$4:$I$220,8,FALSE),0) -> 0 | N18: =IFERROR(VLOOKUP(C18,'[1]C-4 TY2024 Depr NTU'!$B$4:$I$96,8,FALSE),0) -> 0 | O18: =IFERROR(VLOOKUP(C18,'[1]C-2 TY2025 Depr'!$B$4:$I$220,8,FALSE),0) -> 0 | P18: =IFERROR(VLOOKUP(C18,'[1]C-5 TY2025 Depr NTU'!$B$4:$I$96,8,FALSE),0) -> 0 | Q18: =IFERROR(VLOOKUP(C18,'[1]C-3 TY2026 Depr'!$B$4:$I$220,8,FALSE),0) -> 0 | R18: =IFERROR(VLOOKUP(C18,'[1]C-6 TY2026 Depr NTU'!$B$4:$I$96,8,FALSE),0) -> 0
A19: =+A18+1 -> 8 | B19: 00.242 | C19: 00.242: Heavy Trucks | D19: MACRS 5 | E19: HY | F19: =IFERROR(VLOOKUP(C19,'[1]B-1 2022 Adds'!$B$5:$F$161,5,FALSE),0) -> 68342.2 | G19: =IFERROR(VLOOKUP(C19,'[1]B-2 2022 NTU Adds'!$B$5:$F$61,5,FALSE),0) -> 0 | H19: =IFERROR(VLOOKUP(C19,'[1]B-3 2023 Adds'!$B$5:$F$53,5,FALSE),0) -> 200634.54 | I19: =IFERROR(VLOOKUP(C19,'[1]B-4 2023 NTU Adds'!$B$5:$F$61,5,FALSE),0) -> 0 | J19: =IFERROR(VLOOKUP(C19,'[1]B-5 2024 Adds'!$B$5:$F$91,5,FALSE),0) -> 2630423.9 | K19: =IFERROR(VLOOKUP(C19,'[1]B-6 2024 NTU Adds'!$B$5:$F$61,5,FALSE),0) -> 0 | L19: =SUM(F19:K19) -> 2899400.6 | M19: =IFERROR(VLOOKUP(C19,'[1]C-1 TY2024 Depr'!$B$4:$I$220,8,FALSE),0) -> 210639.38 | N19: =IFERROR(VLOOKUP(C19,'[1]C-4 TY2024 Depr NTU'!$B$4:$I$96,8,FALSE),0) -> 0 | O19: =IFERROR(VLOOKUP(C19,'[1]C-2 TY2025 Depr'!$B$4:$I$220,8,FALSE),0) -> 1046842.1 | P19: =IFERROR(VLOOKUP(C19,'[1]C-5 TY2025 Depr NTU'!$B$4:$I$96,8,FALSE),0) -> 0 | Q19: =IFERROR(VLOOKUP(C19,'[1]C-3 TY2026 Depr'!$B$4:$I$220,8,FALSE),0) -> 630368.38 | R19: =IFERROR(VLOOKUP(C19,'[1]C-6 TY2026 Depr NTU'!$B$4:$I$96,8,FALSE),0) -> 0
A20: =+A19+1 -> 9 | B20: 00.27 | C20: 00.27: Trailers | D20: MACRS 5 | E20: HY | F20: =IFERROR(VLOOKUP(C20,'[1]B-1 2022 Adds'!$B$5:$F$161,5,FALSE),0) -> 399386.19 | G20: =IFERROR(VLOOKUP(C20,'[1]B-2 2022 NTU Adds'!$B$5:$F$61,5,FALSE),0) -> 0 | H20: =IFERROR(VLOOKUP(C20,'[1]B-3 2023 Adds'!$B$5:$F$53,5,FALSE),0) -> 1055510.3 | I20: =IFERROR(VLOOKUP(C20,'[1]B-4 2023 NTU Adds'!$B$5:$F$61,5,FALSE),0) -> 0 | J20: =IFERROR(VLOOKUP(C20,'[1]B-5 2024 Adds'!$B$5:$F$91,5,FALSE),0) -> 573641.64 | K20: =IFERROR(VLOOKUP(C20,'[1]B-6 2024 NTU Adds'!$B$5:$F$61,5,FALSE),0) -> 0 | L20: =SUM(F20:K20) -> 2028538.2 | M20: =IFERROR(VLOOKUP(C20,'[1]C-1 TY2024 Depr'!$B$4:$I$220,8,FALSE),0) -> 469304.66 | N20: =IFERROR(VLOOKUP(C20,'[1]C-4 TY2024 Depr NTU'!$B$4:$I$96,8,FALSE),0) -> 0 | O20: =IFERROR(VLOOKUP(C20,'[1]C-2 TY2025 Depr'!$B$4:$I$220,8,FALSE),0) -> 462920.41 | P20: =IFERROR(VLOOKUP(C20,'[1]C-5 TY2025 Depr NTU'!$B$4:$I$96,8,FALSE),0) -> 0 | Q20: =IFERROR(VLOOKUP(C20,'[1]C-3 TY2026 Depr'!$B$4:$I$220,8,FALSE),0) -> 291778.33 | R20: =IFERROR(VLOOKUP(C20,'[1]C-6 TY2026 Depr NTU'!$B$4:$I$96,8,FALSE),0) -> 0
A21: =+A20+1 -> 10 | B21: 00.28 | C21: 00.28: Boats | D21: MACRS 10 | E21: HY | F21: =IFERROR(VLOOKUP(C21,'[1]B-1 2022 Adds'!$B$5:$F$161,5,FALSE),0) -> 0 | G21: =IFERROR(VLOOKUP(C21,'[1]B-2 2022 NTU Adds'!$B$5:$F$61,5,FALSE),0) -> 0 | H21: =IFERROR(VLOOKUP(C21,'[1]B-3 2023 Adds'!$B$5:$F$53,5,FALSE),0) -> 0 | I21: =IFERROR(VLOOKUP(C21,'[1]B-4 2023 NTU Adds'!$B$5:$F$61,5,FALSE),0) -> 0 | J21: =IFERROR(VLOOKUP(C21,'[1]B-5 2024 Adds'!$B$5:$F$91,5,FALSE),0) -> 2118 | K21: =IFERROR(VLOOKUP(C21,'[1]B-6 2024 NTU Adds'!$B$5:$F$61,5,FALSE),0) -> 0 | L21: =SUM(F21:K21) -> 2118 | M21: =IFERROR(VLOOKUP(C21,'[1]C-1 TY2024 Depr'!$B$4:$I$220,8,FALSE),0) -> 52.95 | N21: =IFERROR(VLOOKUP(C21,'[1]C-4 TY2024 Depr NTU'!$B$4:$I$96,8,FALSE),0) -> 0 | O21: =IFERROR(VLOOKUP(C21,'[1]C-2 TY2025 Depr'!$B$4:$I$220,8,FALSE),0) -> 413.01 | P21: =IFERROR(VLOOKUP(C21,'[1]C-5 TY2025 Depr NTU'!$B$4:$I$96,8,FALSE),0) -> 0 | Q21: =IFERROR(VLOOKUP(C21,'[1]C-3 TY2026 Depr'!$B$4:$I$220,8,FALSE),0) -> 330.41 | R21: =IFERROR(VLOOKUP(C21,'[1]C-6 TY2026 Depr NTU'!$B$4:$I$96,8,FALSE),0) -> 0
A22: =+A21+1 -> 11 | B22: 00.3 | C22: 00.3: Land Improv | D22: MACRS 15 | E22: HY | F22: =IFERROR(VLOOKUP(C22,'[1]B-1 2022 Adds'!$B$5:$F$161,5,FALSE),0) -> 54961503 | G22: =IFERROR(VLOOKUP(C22,'[1]B-2 2022 NTU Adds'!$B$5:$F$61,5,FALSE),0) -> 0 | H22: =IFERROR(VLOOKUP(C22,'[1]B-3 2023 Adds'!$B$5:$F$53,5,FALSE),0) -> 89391026 | I22: =IFERROR(VLOOKUP(C22,'[1]B-4 2023 NTU Adds'!$B$5:$F$61,5,FALSE),0) -> 0 | J22: =IFERROR(VLOOKUP(C22,'[1]B-5 2024 Adds'!$B$5:$F$91,5,FALSE),0) -> 1.3885479e+08 | K22: =IFERROR(VLOOKUP(C22,'[1]B-6 2024 NTU Adds'!$B$5:$F$61,5,FALSE),0) -> 0 | L22: =SUM(F22:K22) -> 2.8320732e+08 | M22: =IFERROR(VLOOKUP(C22,'[1]C-1 TY2024 Depr'!$B$4:$I$220,8,FALSE),0) -> 18206271 | N22: =IFERROR(VLOOKUP(C22,'[1]C-4 TY2024 Depr NTU'!$B$4:$I$96,8,FALSE),0) -> 0 | O22: =IFERROR(VLOOKUP(C22,'[1]C-2 TY2025 Depr'!$B$4:$I$220,8,FALSE),0) -> 25302446 | P22: =IFERROR(VLOOKUP(C22,'[1]C-5 TY2025 Depr NTU'!$B$4:$I$96,8,FALSE),0) -> 0 | Q22: =IFERROR(VLOOKUP(C22,'[1]C-3 TY2026 Depr'!$B$4:$I$220,8,FALSE),0) -> 22816136 | R22: =IFERROR(VLOOKUP(C22,'[1]C-6 TY2026 Depr NTU'!$B$4:$I$96,8,FALSE),0) -> 0
A23: =+A22+1 -> 12 | B23: 40.4 | C23: 40.4: Railroad Track | D23: MACRS 7 | E23: HY | F23: =IFERROR(VLOOKUP(C23,'[1]B-1 2022 Adds'!$B$5:$F$161,5,FALSE),0) -> 0 | G23: =IFERROR(VLOOKUP(C23,'[1]B-2 2022 NTU Adds'!$B$5:$F$61,5,FALSE),0) -> 0 | H23: =IFERROR(VLOOKUP(C23,'[1]B-3 2023 Adds'!$B$5:$F$53,5,FALSE),0) -> 0 | I23: =IFERROR(VLOOKUP(C23,'[1]B-4 2023 NTU Adds'!$B$5:$F$61,5,FALSE),0) -> 0 | J23: =IFERROR(VLOOKUP(C23,'[1]B-5 2024 Adds'!$B$5:$F$91,5,FALSE),0) -> 0 | K23: =IFERROR(VLOOKUP(C23,'[1]B-6 2024 NTU Adds'!$B$5:$F$61,5,FALSE),0) -> 0 | L23: =SUM(F23:K23) -> 0 | M23: =IFERROR(VLOOKUP(C23,'[1]C-1 TY2024 Depr'!$B$4:$I$220,8,FALSE),0) -> 0 | N23: =IFERROR(VLOOKUP(C23,'[1]C-4 TY2024 Depr NTU'!$B$4:$I$96,8,FALSE),0) -> 0 | O23: =IFERROR(VLOOKUP(C23,'[1]C-2 TY2025 Depr'!$B$4:$I$220,8,FALSE),0) -> 0 | P23: =IFERROR(VLOOKUP(C23,'[1]C-5 TY2025 Depr NTU'!$B$4:$I$96,8,FALSE),0) -> 0 | Q23: =IFERROR(VLOOKUP(C23,'[1]C-3 TY2026 Depr'!$B$4:$I$220,8,FALSE),0) -> 0 | R23: =IFERROR(VLOOKUP(C23,'[1]C-6 TY2026 Depr NTU'!$B$4:$I$96,8,FALSE),0) -> 0
A24: =+A23+1 -> 13 | B24: 49.14 | C24: 49.14: Trans & Dist Plnt | D24: MACRS 20 | E24: HY | F24: =IFERROR(VLOOKUP(C24,'[1]B-1 2022 Adds'!$B$5:$F$161,5,FALSE),0) -> 1.0269887e+09 | G24: =IFERROR(VLOOKUP(C24,'[1]B-2 2022 NTU Adds'!$B$5:$F$61,5,FALSE),0) -> 39518.47 | H24: =IFERROR(VLOOKUP(C24,'[1]B-3 2023 Adds'!$B$5:$F$53,5,FALSE),0) -> 1.3766837e+09 | I24: =IFERROR(VLOOKUP(C24,'[1]B-4 2023 NTU Adds'!$B$5:$F$61,5,FALSE),0) -> 5597.83 | J24: =IFERROR(VLOOKUP(C24,'[1]B-5 2024 Adds'!$B$5:$F$91,5,FALSE),0) -> 1.6822051e+09 | K24: =IFERROR(VLOOKUP(C24,'[1]B-6 2024 NTU Adds'!$B$5:$F$61,5,FALSE),0) -> 60362.08 | L24: =SUM(F24:K24) -> 4.0859829e+09 | M24: =IFERROR(VLOOKUP(C24,'[1]C-1 TY2024 Depr'!$B$4:$I$220,8,FALSE),0) -> 2.2831831e+08 | N24: =IFERROR(VLOOKUP(C24,'[1]C-4 TY2024 Depr NTU'!$B$4:$I$96,8,FALSE),0) -> 5334.93 | O24: =IFERROR(VLOOKUP(C24,'[1]C-2 TY2025 Depr'!$B$4:$I$220,8,FALSE),0) -> 2.7614191e+08 | P24: =IFERROR(VLOOKUP(C24,'[1]C-5 TY2025 Depr NTU'!$B$4:$I$96,8,FALSE),0) -> 7751.56 | Q24: =IFERROR(VLOOKUP(C24,'[1]C-3 TY2026 Depr'!$B$4:$I$220,8,FALSE),0) -> 2.5543174e+08 | R24: =IFERROR(VLOOKUP(C24,'[1]C-6 TY2026 Depr NTU'!$B$4:$I$96,8,FALSE),0) -> 7095.32
... A33: =+A32+1 -> 22 | B33: LR84 | C33: LR84: Easements 84 Yr | D33: SL 84 | E33: HY | F33: =IFERROR(VLOOKUP(C33,'[1]B-1 2022 Adds'!$B$5:$F$161,5,FALSE),0) -> 18459035 | G33: =IFERROR(VLOOKUP(C33,'[1]B-2 2022 NTU Adds'!$B$5:$F$61,5,FALSE),0) -> 0 | H33: =IFERROR(VLOOKUP(C33,'[1]B-3 2023 Adds'!$B$5:$F$53,5,FALSE),0) -> 12247564 | I33: =IFERROR(VLOOKUP(C33,'[1]B-4 2023 NTU Adds'!$B$5:$F$61,5,FALSE),0) -> 0 | J33: =IFERROR(VLOOKUP(C33,'[1]B-5 2024 Adds'!$B$5:$F$91,5,FALSE),0) -> 18938360 | K33: =IFERROR(VLOOKUP(C33,'[1]B-6 2024 NTU Adds'!$B$5:$F$61,5,FALSE),0) -> 0 | L33: =SUM(F33:K33) -> 49644959 | M33: =IFERROR(VLOOKUP(C33,'[1]C-1 TY2024 Depr'!$B$4:$I$220,8,FALSE),0) -> 1798550.2 | N33: =IFERROR(VLOOKUP(C33,'[1]C-4 TY2024 Depr NTU'!$B$4:$I$96,8,FALSE),0) -> 0 | O33: =IFERROR(VLOOKUP(C33,'[1]C-2 TY2025 Depr'!$B$4:$I$220,8,FALSE),0) -> 1825924.4 | P33: =IFERROR(VLOOKUP(C33,'[1]C-5 TY2025 Depr NTU'!$B$4:$I$96,8,FALSE),0) -> 0 | Q33: =IFERROR(VLOOKUP(C33,'[1]C-3 TY2026 Depr'!$B$4:$I$220,8,FALSE),0) -> 1680668 | R33: =IFERROR(VLOOKUP(C33,'[1]C-6 TY2026 Depr NTU'!$B$4:$I$96,8,FALSE),0) -> 0
A34: =+A33+1 -> 23 | B34: ND | C34: ND: Non Depr | D34: None | F34: =IFERROR(VLOOKUP(C34,'[1]B-1 2022 Adds'!$B$5:$F$161,5,FALSE),0) -> 44367822 | G34: =IFERROR(VLOOKUP(C34,'[1]B-2 2022 NTU Adds'!$B$5:$F$61,5,FALSE),0) -> 17357.6 | H34: =IFERROR(VLOOKUP(C34,'[1]B-3 2023 Adds'!$B$5:$F$53,5,FALSE),0) -> 42579589 | I34: =IFERROR(VLOOKUP(C34,'[1]B-4 2023 NTU Adds'!$B$5:$F$61,5,FALSE),0) -> 8572.8 | J34: =IFERROR(VLOOKUP(C34,'[1]B-5 2024 Adds'!$B$5:$F$91,5,FALSE),0) -> 4488514.4 | K34: =IFERROR(VLOOKUP(C34,'[1]B-6 2024 NTU Adds'!$B$5:$F$61,5,FALSE),0) -> 8817.63 | L34: =SUM(F34:K34) -> 91470673 | M34: =IFERROR(VLOOKUP(C34,'[1]C-1 TY2024 Depr'!$B$4:$I$220,8,FALSE),0) -> 0 | N34: =IFERROR(VLOOKUP(C34,'[1]C-4 TY2024 Depr NTU'!$B$4:$I$96,8,FALSE),0) -> 0 | O34: =IFERROR(VLOOKUP(C34,'[1]C-2 TY2025 Depr'!$B$4:$I$220,8,FALSE),0) -> 0 | P34: =IFERROR(VLOOKUP(C34,'[1]C-5 TY2025 Depr NTU'!$B$4:$I$96,8,FALSE),0) -> 0 | Q34: =IFERROR(VLOOKUP(C34,'[1]C-3 TY2026 Depr'!$B$4:$I$220,8,FALSE),0) -> 0 | R34: =IFERROR(VLOOKUP(C34,'[1]C-6 TY2026 Depr NTU'!$B$4:$I$96,8,FALSE),0) -> 0
A35: =+A34+1 -> 24 | B35: RP | C35: RP: RP 81-86 & Post92 | D35: MACRS 39 | E35: MM | F35: =IFERROR(VLOOKUP(C35,'[1]B-1 2022 Adds'!$B$5:$F$161,5,FALSE),0) -> 58823486 | G35: =IFERROR(VLOOKUP(C35,'[1]B-2 2022 NTU Adds'!$B$5:$F$61,5,FALSE),0) -> 116760.6 | H35: =IFERROR(VLOOKUP(C35,'[1]B-3 2023 Adds'!$B$5:$F$53,5,FALSE),0) -> 79021989 | I35: =IFERROR(VLOOKUP(C35,'[1]B-4 2023 NTU Adds'!$B$5:$F$61,5,FALSE),0) -> 30221.3 | J35: =IFERROR(VLOOKUP(C35,'[1]B-5 2024 Adds'!$B$5:$F$91,5,FALSE),0) -> 1.0857807e+08 | K35: =IFERROR(VLOOKUP(C35,'[1]B-6 2024 NTU Adds'!$B$5:$F$61,5,FALSE),0) -> 123771.8 | L35: =SUM(F35:K35) -> 2.466943e+08 | M35: =IFERROR(VLOOKUP(C35,'[1]C-1 TY2024 Depr'!$B$4:$I$220,8,FALSE),0) -> 4196377.6 | N35: =IFERROR(VLOOKUP(C35,'[1]C-4 TY2024 Depr NTU'!$B$4:$I$96,8,FALSE),0) -> 4287.33 | O35: =IFERROR(VLOOKUP(C35,'[1]C-2 TY2025 Depr'!$B$4:$I$220,8,FALSE),0) -> 6318140.2 | P35: =IFERROR(VLOOKUP(C35,'[1]C-5 TY2025 Depr NTU'!$B$4:$I$96,8,FALSE),0) -> 6751.53 | Q35: =IFERROR(VLOOKUP(C35,'[1]C-3 TY2026 Depr'!$B$4:$I$220,8,FALSE),0) -> 6318181.9 | R35: =IFERROR(VLOOKUP(C35,'[1]C-6 TY2026 Depr NTU'!$B$4:$I$96,8,FALSE),0) -> 6751.59
A36: =+A35+1 -> 25 | B36: TOTAL | F36: =SUM(F13:F35) -> 2.1789998e+09 | G36: =SUM(G13:G35) -> 675019.46 | H36: =SUM(H13:H35) -> 2.9470166e+09 | I36: =SUM(I13:I35) -> 733126.07 | J36: =SUM(J13:J35) -> 3.8820859e+09 | K36: =SUM(K13:K35) -> 657058.22 | L36: =SUM(L13:L35) -> 9.0101676e+09 | M36: =SUM(M13:M35) -> 5.6995776e+08 | ... R36: =SUM(R13:R35) -> 144289.28 | S36: =+'[1]D-1 ADFIT V2022+'!N31 -> 5998427 | T36: =+'[1]D-2 NTU ADFIT V2022+'!N22 -> -24006691
A37: =+A36+1 -> 26
A38: =+A37+1 -> 27 | B38: TRAN | E38: =+'[2]II-F Alloc_Factor'!$E$38 -> 0.45458274
A39: =+A38+1 -> 28 | B39: 00.11 | C39: 00.11: Furn, Fixt, Equip | D39: MACRS 7 | E39: HY | F39: =ROUND(+'WP II-E-3.3'!F13*$E$38,2) -> 2133228.4 | G39: 0 | H39: =ROUND(+'WP II-E-3.3'!H13*$E$38,2) -> 563038.41 | I39: 0 | J39: =ROUND(+'WP II-E-3.3'!J13*$E$38,2) -> 1813672.2 | K39: 0 | L39: =SUM(F39:K39) -> 4509939 | M39: =ROUND(+'WP II-E-3.3'!M13*$E$38,2) -> 652143.46 | N39: 0 | O39: =ROUND(+'WP II-E-3.3'!O13*$E$38,2) -> 860947.32 | P39: 0 | Q39: =ROUND(+'WP II-E-3.3'!Q13*$E$38,2) -> 620329.55 | R39: 0 | S39: =+'WP II-E-3.3'!S13*$E$38 -> 0 | T39: =+'WP II-E-3.3'!T13*$E$38 -> 0
A40: =+A39+1 -> 29 | B40: 00.12 | C40: 00.12: Info Systems | D40: MACRS 5 | E40: HY | F40: =ROUND(+'WP II-E-3.3'!F14*$E$38,2) -> 10761942 | G40: 0 | H40: =ROUND(+'WP II-E-3.3'!H14*$E$38,2) -> 5702966.6 | I40: 0 | J40: =ROUND(+'WP II-E-3.3'!J14*$E$38,2) -> 9798127.8 | K40: 0 | L40: =SUM(F40:K40) -> 26263036 | M40: =ROUND(+'WP II-E-3.3'!M14*$E$38,2) -> 5163590.5 | N40: 0 | O40: =ROUND(+'WP II-E-3.3'!O14*$E$38,2) -> 5991329.8 | P40: 0 | Q40: =ROUND(+'WP II-E-3.3'!Q14*$E$38,2) -> 3946510.7 | R40: 0 | S40: =+'WP II-E-3.3'!S14*$E$38 -> 0 | T40: =+'WP II-E-3.3'!T14*$E$38 -> 0
A41: =+A40+1 -> 30 | B41: 00.13 | C41: 00.13: Data Handling Eq | D41: MACRS 5 | E41: HY | F41: =ROUND(+'WP II-E-3.3'!F15*$E$38,2) -> 0 | G41: 0 | H41: =ROUND(+'WP II-E-3.3'!H15*$E$38,2) -> 0 | I41: 0 | J41: =ROUND(+'WP II-E-3.3'!J15*$E$38,2) -> 3173.04 | K41: 0 | L41: =SUM(F41:K41) -> 3173.04 | M41: =ROUND(+'WP II-E-3.3'!M15*$E$38,2) -> 1145.33 | N41: 0 | O41: =ROUND(+'WP II-E-3.3'!O15*$E$38,2) -> 811.08 | P41: 0 | Q41: =ROUND(+'WP II-E-3.3'!Q15*$E$38,2) -> 486.65 | R41: 0 | S41: =+'WP II-E-3.3'!S15*$E$38 -> 0 | T41: =+'WP II-E-3.3'!T15*$E$38 -> 0
A42: =+A41+1 -> 31 | B42: 00.21 | C42: 00.21: Airplanes | D42: MACRS 5 | E42: HY | F42: =ROUND(+'WP II-E-3.3'!F16*$E$38,2) -> 0 | G42: 0 | H42: =ROUND(+'WP II-E-3.3'!H16*$E$38,2) -> 0 | I42: 0 | J42: =ROUND(+'WP II-E-3.3'!J16*$E$38,2) -> 0 | K42: 0 | L42: =SUM(F42:K42) -> 0 | M42: =ROUND(+'WP II-E-3.3'!M16*$E$38,2) -> 0 | N42: 0 | O42: =ROUND(+'WP II-E-3.3'!O16*$E$38,2) -> 0 | P42: 0 | Q42: =ROUND(+'WP II-E-3.3'!Q16*$E$38,2) -> 0 | R42: 0 | S42: =+'WP II-E-3.3'!S16*$E$38 -> 0 | T42: =+'WP II-E-3.3'!T16*$E$38 -> 0
A43: =+A42+1 -> 32 | B43: 00.22 | C43: 00.22: Automobiles | D43: MACRS 5 | E43: HY | F43: =ROUND(+'WP II-E-3.3'!F17*$E$38,2) -> 307880.73 | G43: 0 | H43: =ROUND(+'WP II-E-3.3'!H17*$E$38,2) -> 301500.62 | I43: 0 | J43: =ROUND(+'WP II-E-3.3'!J17*$E$38,2) -> 99074.24 | K43: 0 | L43: =SUM(F43:K43) -> 708455.59 | M43: =ROUND(+'WP II-E-3.3'!M17*$E$38,2) -> 172088.55 | N43: 0 | O43: =ROUND(+'WP II-E-3.3'!O17*$E$38,2) -> 135376.72 | P43: 0 | Q43: =ROUND(+'WP II-E-3.3'!Q17*$E$38,2) -> 90470.86 | R43: 0 | S43: =+'WP II-E-3.3'!S17*$E$38 -> 0 | T43: =+'WP II-E-3.3'!T17*$E$38 -> 0
A44: =+A43+1 -> 33 | B44: 00.241 | C44: 00.241: Light Trucks | D44: MACRS 5 | E44: HY | F44: =ROUND(+'WP II-E-3.3'!F18*$E$38,2) -> 0 | G44: 0 | H44: =ROUND(+'WP II-E-3.3'!H18*$E$38,2) -> 0 | I44: 0 | J44: =ROUND(+'WP II-E-3.3'!J18*$E$38,2) -> 0 | K44: 0 | L44: =SUM(F44:K44) -> 0 | M44: =ROUND(+'WP II-E-3.3'!M18*$E$38,2) -> 0 | N44: 0 | O44: =ROUND(+'WP II-E-3.3'!O18*$E$38,2) -> 0 | P44: 0 | Q44: =ROUND(+'WP II-E-3.3'!Q18*$E$38,2) -> 0 | R44: 0 | S44: =+'WP II-E-3.3'!S18*$E$38 -> 0 | T44: =+'WP II-E-3.3'!T18*$E$38 -> 0
A45: =+A44+1 -> 34 | B45: 00.242 | C45: 00.242: Heavy Trucks | D45: MACRS 5 | E45: HY | F45: =ROUND(+'WP II-E-3.3'!F19*$E$38,2) -> 31067.18 | G45: 0 | H45: =ROUND(+'WP II-E-3.3'!H19*$E$38,2) -> 91205 | I45: 0 | J45: =ROUND(+'WP II-E-3.3'!J19*$E$38,2) -> 1195745.3 | K45: 0 | L45: =SUM(F45:K45) -> 1318017.5 | M45: =ROUND(+'WP II-E-3.3'!M19*$E$38,2) -> 95753.03 | N45: 0 | O45: =ROUND(+'WP II-E-3.3'!O19*$E$38,2) -> 475876.33 | P45: 0 | Q45: =ROUND(+'WP II-E-3.3'!Q19*$E$38,2) -> 286554.59 | R45: 0 | S45: =+'WP II-E-3.3'!S19*$E$38 -> 0 | T45: =+'WP II-E-3.3'!T19*$E$38 -> 0
A46: =+A45+1 -> 35 | B46: 00.27 | C46: 00.27: Trailers | D46: MACRS 5 | E46: HY | F46: =ROUND(+'WP II-E-3.3'!F20*$E$38,2) -> 181554.07 | G46: 0 | H46: =ROUND(+'WP II-E-3.3'!H20*$E$38,2) -> 479816.78 | I46: 0 | J46: =ROUND(+'WP II-E-3.3'!J20*$E$38,2) -> 260767.59 | K46: 0 | L46: =SUM(F46:K46) -> 922138.44 | M46: =ROUND(+'WP II-E-3.3'!M20*$E$38,2) -> 213337.8 | N46: 0 | O46: =ROUND(+'WP II-E-3.3'!O20*$E$38,2) -> 210435.63 | P46: 0 | Q46: =ROUND(+'WP II-E-3.3'!Q20*$E$38,2) -> 132637.39 | R46: 0 | S46: =+'WP II-E-3.3'!S20*$E$38 -> 0 | T46: =+'WP II-E-3.3'!T20*$E$38 -> 0
A47: =+A46+1 -> 36 | B47: 00.28 | C47: 00.28: Boats | D47: MACRS 10 | E47: HY | F47: =ROUND(+'WP II-E-3.3'!F21*$E$38,2) -> 0 | G47: 0 | H47: =ROUND(+'WP II-E-3.3'!H21*$E$38,2) -> 0 | I47: 0 | J47: =ROUND(+'WP II-E-3.3'!J21*$E$38,2) -> 962.81 | K47: 0 | L47: =SUM(F47:K47) -> 962.81 | M47: =ROUND(+'WP II-E-3.3'!M21*$E$38,2) -> 24.07 | N47: 0 | O47: =ROUND(+'WP II-E-3.3'!O21*$E$38,2) -> 187.75 | P47: 0 | Q47: =ROUND(+'WP II-E-3.3'!Q21*$E$38,2) -> 150.2 | R47: 0 | S47: =+'WP II-E-3.3'!S21*$E$38 -> 0 | T47: =+'WP II-E-3.3'!T21*$E$38 -> 0
A48: =+A47+1 -> 37 | B48: 00.3 | C48: 00.3: Land Improv | D48: MACRS 15 | E48: HY | F48: =ROUND(+'WP II-E-3.3'!F22*$E$38,2) -> 24984551 | G48: 0 | H48: =ROUND(+'WP II-E-3.3'!H22*$E$38,2) -> 40635617 | I48: 0 | J48: =ROUND(+'WP II-E-3.3'!J22*$E$38,2) -> 63120990 | K48: 0 | L48: =SUM(F48:K48) -> 1.2874116e+08 | M48: =ROUND(+'WP II-E-3.3'!M22*$E$38,2) -> 8276256.5 | N48: 0 | O48: =ROUND(+'WP II-E-3.3'!O22*$E$38,2) -> 11502055 | P48: 0 | Q48: =ROUND(+'WP II-E-3.3'!Q22*$E$38,2) -> 10371822 | R48: 0 | S48: =+'WP II-E-3.3'!S22*$E$38 -> 0 | T48: =+'WP II-E-3.3'!T22*$E$38 -> 0
A49: =+A48+1 -> 38 | B49: 40.4 | C49: 40.4: Railroad Track | D49: MACRS 7 | E49: HY | F49: =ROUND(+'WP II-E-3.3'!F23*$E$38,2) -> 0 | G49: 0 | H49: =ROUND(+'WP II-E-3.3'!H23*$E$38,2) -> 0 | I49: 0 | J49: =ROUND(+'WP II-E-3.3'!J23*$E$38,2) -> 0 | K49: 0 | L49: =SUM(F49:K49) -> 0 | M49: =ROUND(+'WP II-E-3.3'!M23*$E$38,2) -> 0 | N49: 0 | O49: =ROUND(+'WP II-E-3.3'!O23*$E$38,2) -> 0 | P49: 0 | Q49: =ROUND(+'WP II-E-3.3'!Q23*$E$38,2) -> 0 | R49: 0 | S49: =+'WP II-E-3.3'!S23*$E$38 -> 0 | T49: =+'WP II-E-3.3'!T23*$E$38 -> 0
A50: =+A49+1 -> 39 | B50: 49.14 | C50: 49.14: Trans & Dist Plnt | D50: MACRS 20 | E50: HY | F50: =ROUND(+'WP II-E-3.3'!F24*$E$38,2) -> 4.6685132e+08 | G50: 0 | H50: =ROUND(+'WP II-E-3.3'!H24*$E$38,2) -> 6.2581665e+08 | I50: 0 | J50: =ROUND(+'WP II-E-3.3'!J24*$E$38,2) -> 7.6470139e+08 | K50: 0 | L50: =SUM(F50:K50) -> 1.8573694e+09 | M50: =ROUND(+'WP II-E-3.3'!M24*$E$38,2) -> 1.0378956e+08 | N50: 0 | O50: =ROUND(+'WP II-E-3.3'!O24*$E$38,2) -> 1.2552934e+08 | P50: 0 | Q50: =ROUND(+'WP II-E-3.3'!Q24*$E$38,2) -> 1.1611486e+08 | R50: 0 | S50: =+'WP II-E-3.3'!S24*$E$38 -> 0 | T50: =+'WP II-E-3.3'!T24*$E$38 -> 0
... A59: =+A58+1 -> 48 | B59: LR84 | C59: LR84: Easements 84 Yr | D59: SL 84 | E59: HY | F59: =ROUND(+'WP II-E-3.3'!F33*$E$38,2) -> 8391158.5 | G59: 0 | H59: =ROUND(+'WP II-E-3.3'!H33*$E$38,2) -> 5567531.4 | I59: 0 | J59: =ROUND(+'WP II-E-3.3'!J33*$E$38,2) -> 8609051.8 | K59: 0 | L59: =SUM(F59:K59) -> 22567742 | M59: =ROUND(+'WP II-E-3.3'!M33*$E$38,2) -> 817589.9 | N59: 0 | O59: =ROUND(+'WP II-E-3.3'!O33*$E$38,2) -> 830033.71 | P59: 0 | Q59: =ROUND(+'WP II-E-3.3'!Q33*$E$38,2) -> 764002.65 | R59: 0 | S59: =+'WP II-E-3.3'!S33*$E$38 -> 0 | T59: =+'WP II-E-3.3'!T33*$E$38 -> 0
A60: =+A59+1 -> 49 | B60: ND | C60: ND: Non Depr | D60: None | F60: =ROUND(+'WP II-E-3.3'!F34*$E$38,2) -> 20168846 | G60: 0 | H60: =ROUND(+'WP II-E-3.3'!H34*$E$38,2) -> 19355946 | I60: 0 | J60: =ROUND(+'WP II-E-3.3'!J34*$E$38,2) -> 2040401.2 | K60: 0 | L60: =SUM(F60:K60) -> 41565193 | M60: =ROUND(+'WP II-E-3.3'!M34*$E$38,2) -> 0 | N60: 0 | O60: =ROUND(+'WP II-E-3.3'!O34*$E$38,2) -> 0 | P60: 0 | Q60: =ROUND(+'WP II-E-3.3'!Q34*$E$38,2) -> 0 | R60: 0 | S60: =+'WP II-E-3.3'!S34*$E$38 -> 0 | T60: =+'WP II-E-3.3'!T34*$E$38 -> 0
A61: =+A60+1 -> 50 | B61: RP | C61: RP: RP 81-86 & Post92 | D61: MACRS 39 | E61: MM | F61: =ROUND(+'WP II-E-3.3'!F35*$E$38,2) -> 26740142 | G61: 0 | H61: =ROUND(+'WP II-E-3.3'!H35*$E$38,2) -> 35922032 | I61: 0 | J61: =ROUND(+'WP II-E-3.3'!J35*$E$38,2) -> 49357716 | K61: 0 | L61: =SUM(F61:K61) -> 1.1201989e+08 | M61: =ROUND(+'WP II-E-3.3'!M35*$E$38,2) -> 1907600.9 | N61: 0 | O61: =ROUND(+'WP II-E-3.3'!O35*$E$38,2) -> 2872117.5 | P61: 0 | Q61: =ROUND(+'WP II-E-3.3'!Q35*$E$38,2) -> 2872136.5 | R61: 0 | S61: =+'WP II-E-3.3'!S35*$E$38 -> 0 | T61: =+'WP II-E-3.3'!T35*$E$38 -> 0
A62: =+A61+1 -> 51 | B62: TRAN TOTAL | F62: =SUM(F39:F61) -> 9.905357e+08 | G62: =SUM(G39:G61) -> 0 | H62: =SUM(H39:H61) -> 1.3396629e+09 | I62: =SUM(I39:I61) -> 0 | J62: =SUM(J39:J61) -> 1.7647292e+09 | K62: =SUM(K39:K61) -> 0 | L62: =SUM(L39:L61) -> 4.0949279e+09 | M62: =SUM(M39:M61) -> 2.5909296e+08 | ... R62: =SUM(R39:R61) -> 0 | S62: =ROUND(+S36*$E$38,2) -> 2726781.4 | T62: 0
A63: =+A62+1 -> 52
A64: =+A63+1 -> 53 | B64: NTU TRAN | E64: =+'[2]II-F Alloc_Factor'!$F$39 -> 0.92603382
A65: =+A64+1 -> 54 | B65: 00.11 | C65: 00.11: Furn, Fixt, Equip | D65: MACRS 7 | E65: HY | F65: 0 | G65: =ROUND(+G13*$E$64,2) -> 0 | H65: 0 | I65: =ROUND(+I13*$E$64,2) -> 0 | J65: 0 | K65: =ROUND(+K13*$E$64,2) -> 0 | L65: =SUM(F65:K65) -> 0 | M65: 0 | N65: =ROUND(+N13*$E$64,2) -> 0 | O65: 0 | P65: =ROUND(+P13*$E$64,2) -> 0 | Q65: 0 | R65: =ROUND(+R13*$E$64,2) -> 0
A66: =+A65+1 -> 55 | B66: 00.12 | C66: 00.12: Info Systems | D66: MACRS 5 | E66: HY | F66: 0 | G66: =ROUND(+G14*$E$64,2) -> 0 | H66: 0 | I66: =ROUND(+I14*$E$64,2) -> 0 | J66: 0 | K66: =ROUND(+K14*$E$64,2) -> 0 | L66: =SUM(F66:K66) -> 0 | M66: 0 | N66: =ROUND(+N14*$E$64,2) -> 0 | O66: 0 | P66: =ROUND(+P14*$E$64,2) -> 0 | Q66: 0 | R66: =ROUND(+R14*$E$64,2) -> 0
A67: =+A66+1 -> 56 | B67: 00.13 | C67: 00.13: Data Handling Eq | D67: MACRS 5 | E67: HY | F67: 0 | G67: =ROUND(+G15*$E$64,2) -> 0 | H67: 0 | I67: =ROUND(+I15*$E$64,2) -> 0 | J67: 0 | K67: =ROUND(+K15*$E$64,2) -> 0 | L67: =SUM(F67:K67) -> 0 | M67: 0 | N67: =ROUND(+N15*$E$64,2) -> 0 | O67: 0 | P67: =ROUND(+P15*$E$64,2) -> 0 | Q67: 0 | R67: =ROUND(+R15*$E$64,2) -> 0
A68: =+A67+1 -> 57 | B68: 00.21 | C68: 00.21: Airplanes | D68: MACRS 5 | E68: HY | F68: 0 | G68: =ROUND(+G16*$E$64,2) -> 0 | H68: 0 | I68: =ROUND(+I16*$E$64,2) -> 0 | J68: 0 | K68: =ROUND(+K16*$E$64,2) -> 0 | L68: =SUM(F68:K68) -> 0 | M68: 0 | N68: =ROUND(+N16*$E$64,2) -> 0 | O68: 0 | P68: =ROUND(+P16*$E$64,2) -> 0 | Q68: 0 | R68: =ROUND(+R16*$E$64,2) -> 0
A69: =+A68+1 -> 58 | B69: 00.22 | C69: 00.22: Automobiles | D69: MACRS 5 | E69: HY | F69: 0 | G69: =ROUND(+G17*$E$64,2) -> 0 | H69: 0 | I69: =ROUND(+I17*$E$64,2) -> 0 | J69: 0 | K69: =ROUND(+K17*$E$64,2) -> 0 | L69: =SUM(F69:K69) -> 0 | M69: 0 | N69: =ROUND(+N17*$E$64,2) -> 0 | O69: 0 | P69: =ROUND(+P17*$E$64,2) -> 0 | Q69: 0 | R69: =ROUND(+R17*$E$64,2) -> 0
A70: =+A69+1 -> 59 | B70: 00.241 | C70: 00.241: Light Trucks | D70: MACRS 5 | E70: HY | F70: 0 | G70: =ROUND(+G18*$E$64,2) -> 0 | H70: 0 | I70: =ROUND(+I18*$E$64,2) -> 0 | J70: 0 | K70: =ROUND(+K18*$E$64,2) -> 0 | L70: =SUM(F70:K70) -> 0 | M70: 0 | N70: =ROUND(+N18*$E$64,2) -> 0 | O70: 0 | P70: =ROUND(+P18*$E$64,2) -> 0 | Q70: 0 | R70: =ROUND(+R18*$E$64,2) -> 0
A71: =+A70+1 -> 60 | B71: 00.242 | C71: 00.242: Heavy Trucks | D71: MACRS 5 | E71: HY | F71: 0 | G71: =ROUND(+G19*$E$64,2) -> 0 | H71: 0 | I71: =ROUND(+I19*$E$64,2) -> 0 | J71: 0 | K71: =ROUND(+K19*$E$64,2) -> 0 | L71: =SUM(F71:K71) -> 0 | M71: 0 | N71: =ROUND(+N19*$E$64,2) -> 0 | O71: 0 | P71: =ROUND(+P19*$E$64,2) -> 0 | Q71: 0 | R71: =ROUND(+R19*$E$64,2) -> 0
A72: =+A71+1 -> 61 | B72: 00.27 | C72: 00.27: Trailers | D72: MACRS 5 | E72: HY | F72: 0 | G72: =ROUND(+G20*$E$64,2) -> 0 | H72: 0 | I72: =ROUND(+I20*$E$64,2) -> 0 | J72: 0 | K72: =ROUND(+K20*$E$64,2) -> 0 | L72: =SUM(F72:K72) -> 0 | M72: 0 | N72: =ROUND(+N20*$E$64,2) -> 0 | O72: 0 | P72: =ROUND(+P20*$E$64,2) -> 0 | Q72: 0 | R72: =ROUND(+R20*$E$64,2) -> 0
A73: =+A72+1 -> 62 | B73: 00.28 | C73: 00.28: Boats | D73: MACRS 10 | E73: HY | F73: 0 | G73: =ROUND(+G21*$E$64,2) -> 0 | H73: 0 | I73: =ROUND(+I21*$E$64,2) -> 0 | J73: 0 | K73: =ROUND(+K21*$E$64,2) -> 0 | L73: =SUM(F73:K73) -> 0 | M73: 0 | N73: =ROUND(+N21*$E$64,2) -> 0 | O73: 0 | P73: =ROUND(+P21*$E$64,2) -> 0 | Q73: 0 | R73: =ROUND(+R21*$E$64,2) -> 0
A74: =+A73+1 -> 63 | B74: 00.3 | C74: 00.3: Land Improv | D74: MACRS 15 | E74: HY | F74: 0 | G74: =ROUND(+G22*$E$64,2) -> 0 | H74: 0 | I74: =ROUND(+I22*$E$64,2) -> 0 | J74: 0 | K74: =ROUND(+K22*$E$64,2) -> 0 | L74: =SUM(F74:K74) -> 0 | M74: 0 | N74: =ROUND(+N22*$E$64,2) -> 0 | O74: 0 | P74: =ROUND(+P22*$E$64,2) -> 0 | Q74: 0 | R74: =ROUND(+R22*$E$64,2) -> 0
A75: =+A74+1 -> 64 | B75: 40.4 | C75: 40.4: Railroad Track | D75: MACRS 7 | E75: HY | F75: 0 | G75: =ROUND(+G23*$E$64,2) -> 0 | H75: 0 | I75: =ROUND(+I23*$E$64,2) -> 0 | J75: 0 | K75: =ROUND(+K23*$E$64,2) -> 0 | L75: =SUM(F75:K75) -> 0 | M75: 0 | N75: =ROUND(+N23*$E$64,2) -> 0 | O75: 0 | P75: =ROUND(+P23*$E$64,2) -> 0 | Q75: 0 | R75: =ROUND(+R23*$E$64,2) -> 0
A76: =+A75+1 -> 65 | B76: 49.14 | C76: 49.14: Trans & Dist Plnt | D76: MACRS 20 | E76: HY | F76: 0 | G76: =ROUND(+G24*$E$64,2) -> 36595.44 | H76: 0 | I76: =ROUND(+I24*$E$64,2) -> 5183.78 | J76: 0 | K76: =ROUND(+K24*$E$64,2) -> 55897.33 | L76: =SUM(F76:K76) -> 97676.55 | M76: 0 | N76: =ROUND(+N24*$E$64,2) -> 4940.33 | O76: 0 | P76: =ROUND(+P24*$E$64,2) -> 7178.21 | Q76: 0 | R76: =ROUND(+R24*$E$64,2) -> 6570.51
... A85: =+A84+1 -> 74 | B85: LR84 | C85: LR84: Easements 84 Yr | D85: SL 84 | E85: HY | F85: 0 | G85: =ROUND(+G33*$E$64,2) -> 0 | H85: 0 | I85: =ROUND(+I33*$E$64,2) -> 0 | J85: 0 | K85: =ROUND(+K33*$E$64,2) -> 0 | L85: =SUM(F85:K85) -> 0 | M85: 0 | N85: =ROUND(+N33*$E$64,2) -> 0 | O85: 0 | P85: =ROUND(+P33*$E$64,2) -> 0 | Q85: 0 | R85: =ROUND(+R33*$E$64,2) -> 0
A86: =+A85+1 -> 75 | B86: ND | C86: ND: Non Depr | D86: None | F86: 0 | G86: =ROUND(+G34*$E$64,2) -> 16073.72 | H86: 0 | I86: =ROUND(+I34*$E$64,2) -> 7938.7 | J86: 0 | K86: =ROUND(+K34*$E$64,2) -> 8165.42 | L86: =SUM(F86:K86) -> 32177.84 | M86: 0 | N86: =ROUND(+N34*$E$64,2) -> 0 | O86: 0 | P86: =ROUND(+P34*$E$64,2) -> 0 | Q86: 0 | R86: =ROUND(+R34*$E$64,2) -> 0
A87: =+A86+1 -> 76 | B87: RP | C87: RP: RP 81-86 & Post92 | D87: MACRS 39 | E87: MM | F87: 0 | G87: =ROUND(+G35*$E$64,2) -> 108124.26 | H87: 0 | I87: =ROUND(+I35*$E$64,2) -> 27985.95 | J87: 0 | K87: =ROUND(+K35*$E$64,2) -> 114616.87 | L87: =SUM(F87:K87) -> 250727.08 | M87: 0 | N87: =ROUND(+N35*$E$64,2) -> 3970.21 | O87: 0 | P87: =ROUND(+P35*$E$64,2) -> 6252.15 | Q87: 0 | R87: =ROUND(+R35*$E$64,2) -> 6252.2
A88: =+A87+1 -> 77 | B88: NTU TRAN TOTAL | F88: =SUM(F65:F87) -> 0 | G88: =SUM(G65:G87) -> 625090.84 | H88: =SUM(H65:H87) -> 0 | I88: =SUM(I65:I87) -> 678899.53 | J88: =SUM(J65:J87) -> 0 | K88: =SUM(K65:K87) -> 608458.13 | L88: =SUM(L65:L87) -> 1912448.5 | M88: =SUM(M65:M87) -> 0 | ... S88: =SUM(S65:S87) -> 0 | T88: =ROUND(T36*$E$64,2) -> -22231008
A89: =+A88+1 -> 78
A90: =+A89+1 -> 79 | B90: DC Tie | E90: =+'[2]II-F Alloc_Factor'!$G$38 -> 0.00039054368
A91: =+A90+1 -> 80 | B91: 00.11 | C91: 00.11: Furn, Fixt, Equip | D91: MACRS 7 | E91: HY | F91: =ROUND(+'WP II-E-3.3'!F13*$E$90,2) -> 1832.71 | G91: 0 | H91: =ROUND(+'WP II-E-3.3'!H13*$E$90,2) -> 483.72 | I91: 0 | J91: =ROUND(+'WP II-E-3.3'!J13*$E$90,2) -> 1558.17 | K91: 0 | L91: =SUM(F91:K91) -> 3874.6 | M91: =ROUND(+'WP II-E-3.3'!M13*$E$90,2) -> 560.27 | N91: 0 | O91: =ROUND(+'WP II-E-3.3'!O13*$E$90,2) -> 739.66 | P91: 0 | Q91: =ROUND(+'WP II-E-3.3'!Q13*$E$90,2) -> 532.94 | R91: 0
A92: =+A91+1 -> 81 | B92: 00.12 | C92: 00.12: Info Systems | D92: MACRS 5 | E92: HY | F92: =ROUND(+'WP II-E-3.3'!F14*$E$90,2) -> 9245.86 | G92: 0 | H92: =ROUND(+'WP II-E-3.3'!H14*$E$90,2) -> 4899.56 | I92: 0 | J92: =ROUND(+'WP II-E-3.3'!J14*$E$90,2) -> 8417.82 | K92: 0 | L92: =SUM(F92:K92) -> 22563.24 | M92: =ROUND(+'WP II-E-3.3'!M14*$E$90,2) -> 4436.17 | N92: 0 | O92: =ROUND(+'WP II-E-3.3'!O14*$E$90,2) -> 5147.3 | P92: 0 | Q92: =ROUND(+'WP II-E-3.3'!Q14*$E$90,2) -> 3390.55 | R92: 0
A93: =+A92+1 -> 82 | B93: 00.13 | C93: 00.13: Data Handling Eq | D93: MACRS 5 | E93: HY | F93: =ROUND(+'WP II-E-3.3'!F15*$E$90,2) -> 0 | G93: 0 | H93: =ROUND(+'WP II-E-3.3'!H15*$E$90,2) -> 0 | I93: 0 | J93: =ROUND(+'WP II-E-3.3'!J15*$E$90,2) -> 2.73 | K93: 0 | L93: =SUM(F93:K93) -> 2.73 | M93: =ROUND(+'WP II-E-3.3'!M15*$E$90,2) -> 0.98 | N93: 0 | O93: =ROUND(+'WP II-E-3.3'!O15*$E$90,2) -> 0.7 | P93: 0 | Q93: =ROUND(+'WP II-E-3.3'!Q15*$E$90,2) -> 0.42 | R93: 0
A94: =+A93+1 -> 83 | B94: 00.21 | C94: 00.21: Airplanes | D94: MACRS 5 | E94: HY | F94: =ROUND(+'WP II-E-3.3'!F16*$E$90,2) -> 0 | G94: 0 | H94: =ROUND(+'WP II-E-3.3'!H16*$E$90,2) -> 0 | I94: 0 | J94: =ROUND(+'WP II-E-3.3'!J16*$E$90,2) -> 0 | K94: 0 | L94: =SUM(F94:K94) -> 0 | M94: =ROUND(+'WP II-E-3.3'!M16*$E$90,2) -> 0 | N94: 0 | O94: =ROUND(+'WP II-E-3.3'!O16*$E$90,2) -> 0 | P94: 0 | Q94: =ROUND(+'WP II-E-3.3'!Q16*$E$90,2) -> 0 | R94: 0
A95: =+A94+1 -> 84 | B95: 00.22 | C95: 00.22: Automobiles | D95: MACRS 5 | E95: HY | F95: =ROUND(+'WP II-E-3.3'!F17*$E$90,2) -> 264.51 | G95: 0 | H95: =ROUND(+'WP II-E-3.3'!H17*$E$90,2) -> 259.03 | I95: 0 | J95: =ROUND(+'WP II-E-3.3'!J17*$E$90,2) -> 85.12 | K95: 0 | L95: =SUM(F95:K95) -> 608.66 | M95: =ROUND(+'WP II-E-3.3'!M17*$E$90,2) -> 147.85 | N95: 0 | O95: =ROUND(+'WP II-E-3.3'!O17*$E$90,2) -> 116.31 | P95: 0 | Q95: =ROUND(+'WP II-E-3.3'!Q17*$E$90,2) -> 77.73 | R95: 0
A96: =+A95+1 -> 85 | B96: 00.241 | C96: 00.241: Light Trucks | D96: MACRS 5 | E96: HY | F96: =ROUND(+'WP II-E-3.3'!F18*$E$90,2) -> 0 | G96: 0 | H96: =ROUND(+'WP II-E-3.3'!H18*$E$90,2) -> 0 | I96: 0 | J96: =ROUND(+'WP II-E-3.3'!J18*$E$90,2) -> 0 | K96: 0 | L96: =SUM(F96:K96) -> 0 | M96: =ROUND(+'WP II-E-3.3'!M18*$E$90,2) -> 0 | N96: 0 | O96: =ROUND(+'WP II-E-3.3'!O18*$E$90,2) -> 0 | P96: 0 | Q96: =ROUND(+'WP II-E-3.3'!Q18*$E$90,2) -> 0 | R96: 0
A97: =+A96+1 -> 86 | B97: 00.242 | C97: 00.242: Heavy Trucks | D97: MACRS 5 | E97: HY | F97: =ROUND(+'WP II-E-3.3'!F19*$E$90,2) -> 26.69 | G97: 0 | H97: =ROUND(+'WP II-E-3.3'!H19*$E$90,2) -> 78.36 | I97: 0 | J97: =ROUND(+'WP II-E-3.3'!J19*$E$90,2) -> 1027.3 | K97: 0 | L97: =SUM(F97:K97) -> 1132.35 | M97: =ROUND(+'WP II-E-3.3'!M19*$E$90,2) -> 82.26 | N97: 0 | O97: =ROUND(+'WP II-E-3.3'!O19*$E$90,2) -> 408.84 | P97: 0 | Q97: =ROUND(+'WP II-E-3.3'!Q19*$E$90,2) -> 246.19 | R97: 0
A98: =+A97+1 -> 87 | B98: 00.27 | C98: 00.27: Trailers | D98: MACRS 5 | E98: HY | F98: =ROUND(+'WP II-E-3.3'!F20*$E$90,2) -> 155.98 | G98: 0 | H98: =ROUND(+'WP II-E-3.3'!H20*$E$90,2) -> 412.22 | I98: 0 | J98: =ROUND(+'WP II-E-3.3'!J20*$E$90,2) -> 224.03 | K98: 0 | L98: =SUM(F98:K98) -> 792.23 | M98: =ROUND(+'WP II-E-3.3'!M20*$E$90,2) -> 183.28 | N98: 0 | O98: =ROUND(+'WP II-E-3.3'!O20*$E$90,2) -> 180.79 | P98: 0 | Q98: =ROUND(+'WP II-E-3.3'!Q20*$E$90,2) -> 113.95 | R98: 0
A99: =+A98+1 -> 88 | B99: 00.28 | C99: 00.28: Boats | D99: MACRS 10 | E99: HY | F99: =ROUND(+'WP II-E-3.3'!F21*$E$90,2) -> 0 | G99: 0 | H99: =ROUND(+'WP II-E-3.3'!H21*$E$90,2) -> 0 | I99: 0 | J99: =ROUND(+'WP II-E-3.3'!J21*$E$90,2) -> 0.83 | K99: 0 | L99: =SUM(F99:K99) -> 0.83 | M99: =ROUND(+'WP II-E-3.3'!M21*$E$90,2) -> 0.02 | N99: 0 | O99: =ROUND(+'WP II-E-3.3'!O21*$E$90,2) -> 0.16 | P99: 0 | Q99: =ROUND(+'WP II-E-3.3'!Q21*$E$90,2) -> 0.13 | R99: 0
A100: =+A99+1 -> 89 | B100: 00.3 | C100: 00.3: Land Improv | D100: MACRS 15 | E100: HY | F100: =ROUND(+'WP II-E-3.3'!F22*$E$90,2) -> 21464.87 | G100: 0 | H100: =ROUND(+'WP II-E-3.3'!H22*$E$90,2) -> 34911.1 | I100: 0 | J100: =ROUND(+'WP II-E-3.3'!J22*$E$90,2) -> 54228.86 | K100: 0 | L100: =SUM(F100:K100) -> 110604.83 | M100: =ROUND(+'WP II-E-3.3'!M22*$E$90,2) -> 7110.34 | N100: 0 | O100: =ROUND(+'WP II-E-3.3'!O22*$E$90,2) -> 9881.71 | P100: 0 | Q100: =ROUND(+'WP II-E-3.3'!Q22*$E$90,2) -> 8910.7 | R100: 0
A101: =+A100+1 -> 90 | B101: 40.4 | C101: 40.4: Railroad Track | D101: MACRS 7 | E101: HY | F101: =ROUND(+'WP II-E-3.3'!F23*$E$90,2) -> 0 | G101: 0 | H101: =ROUND(+'WP II-E-3.3'!H23*$E$90,2) -> 0 | I101: 0 | J101: =ROUND(+'WP II-E-3.3'!J23*$E$90,2) -> 0 | K101: 0 | L101: =SUM(F101:K101) -> 0 | M101: =ROUND(+'WP II-E-3.3'!M23*$E$90,2) -> 0 | N101: 0 | O101: =ROUND(+'WP II-E-3.3'!O23*$E$90,2) -> 0 | P101: 0 | Q101: =ROUND(+'WP II-E-3.3'!Q23*$E$90,2) -> 0 | R101: 0
A102: =+A101+1 -> 91 | B102: 49.14 | C102: 49.14: Trans & Dist Plnt | D102: MACRS 20 | E102: HY | F102: =ROUND(+'WP II-E-3.3'!F24*$E$90,2) -> 401083.93 | G102: 0 | H102: =ROUND(+'WP II-E-3.3'!H24*$E$90,2) -> 537655.12 | I102: 0 | J102: =ROUND(+'WP II-E-3.3'!J24*$E$90,2) -> 656974.56 | K102: 0 | L102: =SUM(F102:K102) -> 1595713.6 | M102: =ROUND(+'WP II-E-3.3'!M24*$E$90,2) -> 89168.27 | N102: 0 | O102: =ROUND(+'WP II-E-3.3'!O24*$E$90,2) -> 107845.48 | P102: 0 | Q102: =ROUND(+'WP II-E-3.3'!Q24*$E$90,2) -> 99757.25 | R102: 0
... A111: =+A110+1 -> 100 | B111: LR84 | C111: LR84: Easements 84 Yr | D111: SL 84 | E111: HY | F111: =ROUND(+'WP II-E-3.3'!F33*$E$90,2) -> 7209.06 | G111: 0 | H111: =ROUND(+'WP II-E-3.3'!H33*$E$90,2) -> 4783.21 | I111: 0 | J111: =ROUND(+'WP II-E-3.3'!J33*$E$90,2) -> 7396.26 | K111: 0 | L111: =SUM(F111:K111) -> 19388.53 | M111: =ROUND(+'WP II-E-3.3'!M33*$E$90,2) -> 702.41 | N111: 0 | O111: =ROUND(+'WP II-E-3.3'!O33*$E$90,2) -> 713.1 | P111: 0 | Q111: =ROUND(+'WP II-E-3.3'!Q33*$E$90,2) -> 656.37 | R111: 0
A112: =+A111+1 -> 101 | B112: ND | C112: ND: Non Depr | D112: None | F112: =ROUND(+'WP II-E-3.3'!F34*$E$90,2) -> 17327.57 | G112: 0 | H112: =ROUND(+'WP II-E-3.3'!H34*$E$90,2) -> 16629.19 | I112: 0 | J112: =ROUND(+'WP II-E-3.3'!J34*$E$90,2) -> 1752.96 | K112: 0 | L112: =SUM(F112:K112) -> 35709.72 | M112: =ROUND(+'WP II-E-3.3'!M34*$E$90,2) -> 0 | N112: 0 | O112: =ROUND(+'WP II-E-3.3'!O34*$E$90,2) -> 0 | P112: 0 | Q112: =ROUND(+'WP II-E-3.3'!Q34*$E$90,2) -> 0 | R112: 0
A113: =+A112+1 -> 102 | B113: RP | C113: RP: RP 81-86 & Post92 | D113: MACRS 39 | E113: MM | F113: =ROUND(+'WP II-E-3.3'!F35*$E$90,2) -> 22973.14 | G113: 0 | H113: =ROUND(+'WP II-E-3.3'!H35*$E$90,2) -> 30861.54 | I113: 0 | J113: =ROUND(+'WP II-E-3.3'!J35*$E$90,2) -> 42404.48 | K113: 0 | L113: =SUM(F113:K113) -> 96239.16 | M113: =ROUND(+'WP II-E-3.3'!M35*$E$90,2) -> 1638.87 | N113: 0 | O113: =ROUND(+'WP II-E-3.3'!O35*$E$90,2) -> 2467.51 | P113: 0 | Q113: =ROUND(+'WP II-E-3.3'!Q35*$E$90,2) -> 2467.53 | R113: 0
A114: =+A113+1 -> 103 | B114: DC TIE TOTAL | F114: =SUM(F91:F113) -> 850994.61 | G114: =SUM(G91:G113) -> 0 | H114: =SUM(H91:H113) -> 1150938.7 | I114: =SUM(I91:I113) -> 0 | J114: =SUM(J91:J113) -> 1516124.1 | K114: =SUM(K91:K113) -> 0 | L114: =SUM(L91:L113) -> 3518057.5 | M114: =SUM(M91:M113) -> 222593.38 | ... R114: =SUM(R91:R113) -> 0 | S114: =ROUND(+S36*E90,2) -> 2342.65 | T114: =SUM(T91:T113) -> 0
A115: =+A114+1 -> 104
A116: =+A115+1 -> 105 | B116: DIST | E116: =+'[2]II-F Alloc_Factor'!$I$38 -> 0.51917908
A117: =+A116+1 -> 106 | B117: 00.11 | C117: 00.11: Furn, Fixt, Equip | D117: MACRS 7 | E117: HY | F117: =ROUND(+'WP II-E-3.3'!F13*$E$116,2) -> 2436360.8 | G117: 0 | H117: =ROUND(+'WP II-E-3.3'!H13*$E$116,2) -> 643046.34 | I117: 0 | J117: =ROUND(+'WP II-E-3.3'!J13*$E$116,2) -> 2071395.5 | K117: 0 | L117: =SUM(F117:K117) -> 5150802.7 | M117: =ROUND(+'WP II-E-3.3'!M13*$E$116,2) -> 744813.24 | N117: 0 | O117: =ROUND(+'WP II-E-3.3'!O13*$E$116,2) -> 983288.19 | P117: 0 | Q117: =ROUND(+'WP II-E-3.3'!Q13*$E$116,2) -> 708478.57 | R117: 0
A118: =+A117+1 -> 107 | B118: 00.12 | C118: 00.12: Info Systems | D118: MACRS 5 | E118: HY | F118: =ROUND(+'WP II-E-3.3'!F14*$E$116,2) -> 12291217 | G118: 0 | H118: =ROUND(+'WP II-E-3.3'!H14*$E$116,2) -> 6513359.9 | I118: 0 | J118: =ROUND(+'WP II-E-3.3'!J14*$E$116,2) -> 11190445 | K118: 0 | L118: =SUM(F118:K118) -> 29995021 | M118: =ROUND(+'WP II-E-3.3'!M14*$E$116,2) -> 5897338.2 | N118: 0 | O118: =ROUND(+'WP II-E-3.3'!O14*$E$116,2) -> 6842699.5 | P118: 0 | Q118: =ROUND(+'WP II-E-3.3'!Q14*$E$116,2) -> 4507311 | R118: 0
A119: =+A118+1 -> 108 | B119: 00.13 | C119: 00.13: Data Handling Eq | D119: MACRS 5 | E119: HY | F119: =ROUND(+'WP II-E-3.3'!F15*$E$116,2) -> 0 | G119: 0 | H119: =ROUND(+'WP II-E-3.3'!H15*$E$116,2) -> 0 | I119: 0 | J119: =ROUND(+'WP II-E-3.3'!J15*$E$116,2) -> 3623.93 | K119: 0 | L119: =SUM(F119:K119) -> 3623.93 | M119: =ROUND(+'WP II-E-3.3'!M15*$E$116,2) -> 1308.09 | N119: 0 | O119: =ROUND(+'WP II-E-3.3'!O15*$E$116,2) -> 926.33 | P119: 0 | Q119: =ROUND(+'WP II-E-3.3'!Q15*$E$116,2) -> 555.8 | R119: 0
A120: =+A119+1 -> 109 | B120: 00.21 | C120: 00.21: Airplanes | D120: MACRS 5 | E120: HY | F120: =ROUND(+'WP II-E-3.3'!F16*$E$116,2) -> 0 | G120: 0 | H120: =ROUND(+'WP II-E-3.3'!H16*$E$116,2) -> 0 | I120: 0 | J120: =ROUND(+'WP II-E-3.3'!J16*$E$116,2) -> 0 | K120: 0 | L120: =SUM(F120:K120) -> 0 | M120: =ROUND(+'WP II-E-3.3'!M16*$E$116,2) -> 0 | N120: 0 | O120: =ROUND(+'WP II-E-3.3'!O16*$E$116,2) -> 0 | P120: 0 | Q120: =ROUND(+'WP II-E-3.3'!Q16*$E$116,2) -> 0 | R120: 0
A121: =+A120+1 -> 110 | B121: 00.22 | C121: 00.22: Automobiles | D121: MACRS 5 | E121: HY | F121: =ROUND(+'WP II-E-3.3'!F17*$E$116,2) -> 351630.67 | G121: 0 | H121: =ROUND(+'WP II-E-3.3'!H17*$E$116,2) -> 344343.95 | I121: 0 | J121: =ROUND(+'WP II-E-3.3'!J17*$E$116,2) -> 113152.71 | K121: 0 | L121: =SUM(F121:K121) -> 809127.33 | M121: =ROUND(+'WP II-E-3.3'!M17*$E$116,2) -> 196542.39 | N121: 0 | O121: =ROUND(+'WP II-E-3.3'!O17*$E$116,2) -> 154613.79 | P121: 0 | Q121: =ROUND(+'WP II-E-3.3'!Q17*$E$116,2) -> 103326.79 | R121: 0
A122: =+A121+1 -> 111 | B122: 00.241 | C122: 00.241: Light Trucks | D122: MACRS 5 | E122: HY | F122: =ROUND(+'WP II-E-3.3'!F18*$E$116,2) -> 0 | G122: 0 | H122: =ROUND(+'WP II-E-3.3'!H18*$E$116,2) -> 0 | I122: 0 | J122: =ROUND(+'WP II-E-3.3'!J18*$E$116,2) -> 0 | K122: 0 | L122: =SUM(F122:K122) -> 0 | M122: =ROUND(+'WP II-E-3.3'!M18*$E$116,2) -> 0 | N122: 0 | O122: =ROUND(+'WP II-E-3.3'!O18*$E$116,2) -> 0 | P122: 0 | Q122: =ROUND(+'WP II-E-3.3'!Q18*$E$116,2) -> 0 | R122: 0
A123: =+A122+1 -> 112 | B123: 00.242 | C123: 00.242: Heavy Trucks | D123: MACRS 5 | E123: HY | F123: =ROUND(+'WP II-E-3.3'!F19*$E$116,2) -> 35481.84 | G123: 0 | H123: =ROUND(+'WP II-E-3.3'!H19*$E$116,2) -> 104165.26 | I123: 0 | J123: =ROUND(+'WP II-E-3.3'!J19*$E$116,2) -> 1365661.1 | K123: 0 | L123: =SUM(F123:K123) -> 1505308.2 | M123: =ROUND(+'WP II-E-3.3'!M19*$E$116,2) -> 109359.56 | N123: 0 | O123: =ROUND(+'WP II-E-3.3'!O19*$E$116,2) -> 543498.49 | P123: 0 | Q123: =ROUND(+'WP II-E-3.3'!Q19*$E$116,2) -> 327274.08 | R123: 0
A124: =+A123+1 -> 113 | B124: 00.27 | C124: 00.27: Trailers | D124: MACRS 5 | E124: HY | F124: =ROUND(+'WP II-E-3.3'!F20*$E$116,2) -> 207352.96 | G124: 0 | H124: =ROUND(+'WP II-E-3.3'!H20*$E$116,2) -> 547998.88 | I124: 0 | J124: =ROUND(+'WP II-E-3.3'!J20*$E$116,2) -> 297822.74 | K124: 0 | L124: =SUM(F124:K124) -> 1053174.6 | M124: =ROUND(+'WP II-E-3.3'!M20*$E$116,2) -> 243653.16 | N124: 0 | O124: =ROUND(+'WP II-E-3.3'!O20*$E$116,2) -> 240338.59 | P124: 0 | Q124: =ROUND(+'WP II-E-3.3'!Q20*$E$116,2) -> 151485.21 | R124: 0
A125: =+A124+1 -> 114 | B125: 00.28 | C125: 00.28: Boats | D125: MACRS 10 | E125: HY | F125: =ROUND(+'WP II-E-3.3'!F21*$E$116,2) -> 0 | G125: 0 | H125: =ROUND(+'WP II-E-3.3'!H21*$E$116,2) -> 0 | I125: 0 | J125: =ROUND(+'WP II-E-3.3'!J21*$E$116,2) -> 1099.62 | K125: 0 | L125: =SUM(F125:K125) -> 1099.62 | M125: =ROUND(+'WP II-E-3.3'!M21*$E$116,2) -> 27.49 | N125: 0 | O125: =ROUND(+'WP II-E-3.3'!O21*$E$116,2) -> 214.43 | P125: 0 | Q125: =ROUND(+'WP II-E-3.3'!Q21*$E$116,2) -> 171.54 | R125: 0
A126: =+A125+1 -> 115 | B126: 00.3 | C126: 00.3: Land Improv | D126: MACRS 15 | E126: HY | F126: =ROUND(+'WP II-E-3.3'!F22*$E$116,2) -> 28534863 | G126: 0 | H126: =ROUND(+'WP II-E-3.3'!H22*$E$116,2) -> 46409951 | I126: 0 | J126: =ROUND(+'WP II-E-3.3'!J22*$E$116,2) -> 72090501 | K126: 0 | L126: =SUM(F126:K126) -> 1.4703531e+08 | M126: =ROUND(+'WP II-E-3.3'!M22*$E$116,2) -> 9452315 | N126: 0 | O126: =ROUND(+'WP II-E-3.3'!O22*$E$116,2) -> 13136501 | P126: 0 | Q126: =ROUND(+'WP II-E-3.3'!Q22*$E$116,2) -> 11845660 | R126: 0
A127: =+A126+1 -> 116 | B127: 40.4 | C127: 40.4: Railroad Track | D127: MACRS 7 | E127: HY | F127: =ROUND(+'WP II-E-3.3'!F23*$E$116,2) -> 0 | G127: 0 | H127: =ROUND(+'WP II-E-3.3'!H23*$E$116,2) -> 0 | I127: 0 | J127: =ROUND(+'WP II-E-3.3'!J23*$E$116,2) -> 0 | K127: 0 | L127: =SUM(F127:K127) -> 0 | M127: =ROUND(+'WP II-E-3.3'!M23*$E$116,2) -> 0 | N127: 0 | O127: =ROUND(+'WP II-E-3.3'!O23*$E$116,2) -> 0 | P127: 0 | Q127: =ROUND(+'WP II-E-3.3'!Q23*$E$116,2) -> 0 | R127: 0
A128: =+A127+1 -> 117 | B128: 49.14 | C128: 49.14: Trans & Dist Plnt | D128: MACRS 20 | E128: HY | F128: =ROUND(+'WP II-E-3.3'!F24*$E$116,2) -> 5.3319103e+08 | G128: 0 | H128: =ROUND(+'WP II-E-3.3'!H24*$E$116,2) -> 7.1474538e+08 | I128: 0 | J128: =ROUND(+'WP II-E-3.3'!J24*$E$116,2) -> 8.7336568e+08 | K128: 0 | L128: =SUM(F128:K128) -> 2.1213021e+09 | M128: =ROUND(+'WP II-E-3.3'!M24*$E$116,2) -> 1.1853809e+08 | N128: 0 | O128: =ROUND(+'WP II-E-3.3'!O24*$E$116,2) -> 1.433671e+08 | P128: 0 | Q128: =ROUND(+'WP II-E-3.3'!Q24*$E$116,2) -> 1.3261482e+08 | R128: 0
... A137: =+A136+1 -> 126 | B137: LR84 | C137: LR84: Easements 84 Yr | D137: SL 84 | E137: HY | F137: =ROUND(+'WP II-E-3.3'!F33*$E$116,2) -> 9583544.6 | G137: 0 | H137: =ROUND(+'WP II-E-3.3'!H33*$E$116,2) -> 6358679.2 | I137: 0 | J137: =ROUND(+'WP II-E-3.3'!J33*$E$116,2) -> 9832400.6 | K137: 0 | L137: =SUM(F137:K137) -> 25774624 | M137: =ROUND(+'WP II-E-3.3'!M33*$E$116,2) -> 933769.67 | N137: 0 | O137: =ROUND(+'WP II-E-3.3'!O33*$E$116,2) -> 947981.74 | P137: 0 | Q137: =ROUND(+'WP II-E-3.3'!Q33*$E$116,2) -> 872567.65 | R137: 0
A138: =+A137+1 -> 127 | B138: ND | C138: ND: Non Depr | D138: None | F138: =ROUND(+'WP II-E-3.3'!F34*$E$116,2) -> 23034845 | G138: 0 | H138: =ROUND(+'WP II-E-3.3'!H34*$E$116,2) -> 22106432 | I138: 0 | J138: =ROUND(+'WP II-E-3.3'!J34*$E$116,2) -> 2330342.8 | K138: 0 | L138: =SUM(F138:K138) -> 47471620 | M138: =ROUND(+'WP II-E-3.3'!M34*$E$116,2) -> 0 | N138: 0 | O138: =ROUND(+'WP II-E-3.3'!O34*$E$116,2) -> 0 | P138: 0 | Q138: =ROUND(+'WP II-E-3.3'!Q34*$E$116,2) -> 0 | R138: 0
A139: =+A138+1 -> 128 | B139: RP | C139: RP: RP 81-86 & Post92 | D139: MACRS 39 | E139: MM | F139: =ROUND(+'WP II-E-3.3'!F35*$E$116,2) -> 30539924 | G139: 0 | H139: =ROUND(+'WP II-E-3.3'!H35*$E$116,2) -> 41026564 | I139: 0 | J139: =ROUND(+'WP II-E-3.3'!J35*$E$116,2) -> 56371461 | K139: 0 | L139: =SUM(F139:K139) -> 1.2793795e+08 | M139: =ROUND(+'WP II-E-3.3'!M35*$E$116,2) -> 2178671.5 | N139: 0 | O139: =ROUND(+'WP II-E-3.3'!O35*$E$116,2) -> 3280246.2 | P139: 0 | Q139: =ROUND(+'WP II-E-3.3'!Q35*$E$116,2) -> 3280267.9 | R139: 0
A140: =+A139+1 -> 129 | B140: DIST TOTAL | F140: =SUM(F117:F139) -> 1.1312911e+09 | G140: =SUM(G117:G139) -> 0 | H140: =SUM(H117:H139) -> 1.5300294e+09 | I140: =SUM(I117:I139) -> 0 | J140: =SUM(J117:J139) -> 2.0154978e+09 | K140: =SUM(K117:K139) -> 0 | L140: =SUM(F140:K140) -> 4.6768183e+09 | M140: =SUM(M117:M139) -> 2.9591015e+08 | N140: =SUM(N117:N139) -> 0 | O140: =SUM(O117:O139) -> 3.7276451e+08 | P140: =SUM(P117:P139) -> 0 | Q140: =SUM(Q117:Q139) -> 3.338612e+08 | R140: =SUM(R117:R139) -> 0 | S140: =ROUND(+S36*E116,2) -> 3114257.8 | T140: =SUM(T117:T139) -> 0
A141: =+A140+1 -> 130 | L141: =SUM(F141:K141) -> 0
A142: =+A141+1 -> 131 | B142: NTU DIST | E142: =+'[2]II-F Alloc_Factor'!$J$39 -> 0.073966184 | L142: =SUM(F142:K142) -> 0
A143: =+A142+1 -> 132 | B143: 00.11 | C143: 00.11: Furn, Fixt, Equip | D143: MACRS 7 | E143: HY | F143: 0 | G143: =ROUND(+G13*$E$142,2) -> 0 | H143: 0 | I143: =ROUND(+I13*$E$142,2) -> 0 | J143: 0 | K143: =ROUND(+K13*$E$142,2) -> 0 | L143: =SUM(F143:K143) -> 0 | M143: 0 | N143: =ROUND(+N13*$E$142,2) -> 0 | O143: 0 | P143: =ROUND(+P13*$E$142,2) -> 0 | Q143: 0 | R143: =ROUND(+R13*$E$142,2) -> 0
A144: =+A143+1 -> 133 | B144: 00.12 | C144: 00.12: Info Systems | D144: MACRS 5 | E144: HY | F144: 0 | G144: =ROUND(+G14*$E$142,2) -> 0 | H144: 0 | I144: =ROUND(+I14*$E$142,2) -> 0 | J144: 0 | K144: =ROUND(+K14*$E$142,2) -> 0 | L144: =SUM(F144:K144) -> 0 | M144: 0 | N144: =ROUND(+N14*$E$142,2) -> 0 | O144: 0 | P144: =ROUND(+P14*$E$142,2) -> 0 | Q144: 0 | R144: =ROUND(+R14*$E$142,2) -> 0
...
