Workbook

Sheet Base35
B1: PUC DOCKET NO.
B2: ONCOR ELECTRIC DELIVERY
B3: WEATHER STATION DATA
B4: FOR THE TEST YEAR ENDING DECEMBER 31, 2007
B6: SPONSOR: G. L. GOBLE
B9: Calendar Actual Heating Degree Days by Weather Sites (Base 35)
A10: Line No. | C10: Metroplex (MX) | D10: Lufkin (LU) | E10: Austin (AU) | F10: Killeen (KI) | G10: Longview (LO) | H10: Waco (WO) | I10: Abilene (AE) | J10: Wichita Falls (WF) | K10: Midland/ Odessa (MO) | L10: Denison (DE)
A11: 1 | B11: 39083 | C11: 22.749999 | D11: 7.38 | E11: 11.33333 | F11: 18.33 | G11: 14.24 | H11: 16.625 | I11: 47.24 | J11: 42.29 | K11: 54.03 | L11: 41.32
A12: 2 | B12: 39114 | C12: 14.958333 | D12: 3.5 | E12: 1.375 | F12: 10.83 | G12: 9.88 | H12: 6.875 | I12: 25.25 | J12: 27.71 | K12: 14.24 | L12: 29.95
A13: 3 | B13: 39142 | C13: 0 | D13: 0 | E13: 0 | F13: 0 | G13: 0 | H13: 0 | I13: 0 | J13: 0 | K13: 0 | L13: 0
A14: 4 | B14: 39173 | C14: 0 | D14: 0 | E14: 0 | F14: 0 | G14: 0 | H14: 0 | I14: 3.37 | J14: 0 | K14: 6.66 | L14: 0
A15: 5 | B15: 39203 | C15: 0 | D15: 0 | E15: 0 | F15: 0 | G15: 0 | H15: 0 | I15: 0 | J15: 0 | K15: 0 | L15: 0
A16: 6 | B16: 39234 | C16: 0 | D16: 0 | E16: 0 | F16: 0 | G16: 0 | H16: 0 | I16: 0 | J16: 0 | K16: 0 | L16: 0
A17: 7 | B17: 39264 | C17: 0 | D17: 0 | E17: 0 | F17: 0 | G17: 0 | H17: 0 | I17: 0 | J17: 0 | K17: 0 | L17: 0
A18: 8 | B18: 39295 | C18: 0 | D18: 0 | E18: 0 | F18: 0 | G18: 0 | H18: 0 | I18: 0 | J18: 0 | K18: 0 | L18: 0
A19: 9 | B19: 39326 | C19: 0 | D19: 0 | E19: 0 | F19: 0 | G19: 0 | H19: 0 | I19: 0 | J19: 0 | K19: 0 | L19: 0
A20: 10 | B20: 39356 | C20: 0 | D20: 0 | E20: 0 | F20: 0 | G20: 0 | H20: 0 | I20: 0 | J20: 0 | K20: 0 | L20: 0
A21: 11 | B21: 39387 | C21: 0 | D21: 0 | E21: 0 | F21: 0 | G21: 0 | H21: 0 | I21: 4.12 | J21: 0 | K21: 7.41 | L21: 0
A22: 12 | B22: 39417 | C22: 0 | D22: 0 | E22: 0 | F22: 0 | G22: 0 | H22: 0 | I22: 3.38 | J22: 6.25 | K22: 2.37 | L22: 1.29
A23: 13 | B23: Annual | C23: =SUM(C11:C22) -> 37.708332 | D23: =SUM(D11:D22) -> 10.88 | E23: =SUM(E11:E22) -> 12.70833 | F23: =SUM(F11:F22) -> 29.16 | G23: =SUM(G11:G22) -> 24.12 | H23: =SUM(H11:H22) -> 23.5 | I23: =SUM(I11:I22) -> 83.36 | J23: =SUM(J11:J22) -> 76.25 | ... L23: =SUM(L11:L22) -> 72.56
A24: 14
A25: 15 | B25: Calendar Actual Cooling Degree Days by Weather Sites (Base 35)
A26: 16 | C26: Metroplex (MX) | D26: Lufkin (LU) | E26: Austin (AU) | F26: Killeen (KI) | G26: Longview (LO) | H26: Waco (WO) | I26: Abilene (AE) | J26: Wichita Falls (WF) | K26: Midland/ Odessa (MO) | L26: Denison (DE)
A27: 17 | B27: 39083
A28: 18 | B28: 39114
A29: 19 | B29: 39142
A30: 20 | B30: 39173
A31: 21 | B31: 39203
A32: 22 | B32: 39234
A33: 23 | B33: 39264
A34: 24 | B34: 39295
A35: 25 | B35: 39326
A36: 26 | B36: 39356
A37: 27 | B37: 39387
A38: 28 | B38: 39417
A39: 29 | B39: Annual | C39: =SUM(C27:C38) -> 0 | D39: =SUM(D27:D38) -> 0 | E39: =SUM(E27:E38) -> 0 | F39: =SUM(F27:F38) -> 0 | G39: =SUM(G27:G38) -> 0 | H39: =SUM(H27:H38) -> 0 | I39: =SUM(I27:I38) -> 0 | J39: =SUM(J27:J38) -> 0 | ... L39: =SUM(L27:L38) -> 0
A40: 30
A41: 31 | B41: Calendar Normal Heating Degree Days by Weather Sites (Base 35)
A42: 32 | C42: Metroplex (MX) | D42: Lufkin (LU) | E42: Austin (AU) | F42: Killeen (KI) | G42: Longview (LO) | H42: Waco (WO) | I42: Abilene (AE) | J42: Wichita Falls (WF) | K42: Midland/ Odessa (MO) | L42: Denison (DE)
A43: 33 | B43: 39083 | C43: 18.940253 | D43: 6.5763019 | E43: 5.4461726 | F43: 10.407794 | G43: 14.486215 | H43: 12.030748 | I43: 27.387566 | J43: 39.312965 | K43: 24.323938 | L43: 32.56895
A44: 34 | B44: 39114 | C44: 10.957417 | D44: 3.920125 | E44: 3.4057222 | F44: 6.3753304 | G44: 7.8758145 | H44: 7.1338194 | I44: 16.123194 | J44: 23.06725 | K44: 12.805778 | L44: 18.483665
A45: 35 | B45: 39142 | C45: 2.5334306 | D45: 0.33471326 | E45: 0.34188889 | F45: 1.0002906 | G45: 1.2825814 | H45: 1.4013333 | I45: 4.8123194 | J45: 7.0874583 | K45: 3.9547361 | L45: 4.6761461
A46: 36 | B46: 39173 | C46: 0 | D46: 0 | E46: 0 | F46: 0 | G46: 0 | H46: 0 | I46: 0.29872222 | J46: 0.11152778 | K46: 0.37726389 | L46: 0.0088577778
A47: 37 | B47: 39203 | C47: 0 | D47: 0 | E47: 0 | F47: 0 | G47: 0 | H47: 0 | I47: 0 | J47: 0 | K47: 0 | L47: 0
A48: 38 | B48: 39234 | C48: 0 | D48: 0 | E48: 0 | F48: 0 | G48: 0 | H48: 0 | I48: 0 | J48: 0 | K48: 0 | L48: 0
A49: 39 | B49: 39264 | C49: 0 | D49: 0 | E49: 0 | F49: 0 | G49: 0 | H49: 0 | I49: 0 | J49: 0 | K49: 0 | L49: 0
A50: 40 | B50: 39295 | C50: 0 | D50: 0 | E50: 0 | F50: 0 | G50: 0 | H50: 0 | I50: 0 | J50: 0 | K50: 0 | L50: 0
A51: 41 | B51: 39326 | C51: 0 | D51: 0 | E51: 0 | F51: 0 | G51: 0 | H51: 0 | I51: 0 | J51: 0 | K51: 0 | L51: 0
A52: 42 | B52: 39356 | C52: 0.064861111 | D52: 0 | E52: 0 | F52: 0.000300625 | G52: 0.041759792 | H52: 0.026180556 | I52: 0.36756944 | J52: 0.403625 | K52: 0.43368056 | L52: 0.284315
A53: 43 | B53: 39387 | C53: 1.4336111 | D53: 0.093544722 | E53: 0.14936111 | F53: 0.67955882 | G53: 0.83912049 | H53: 0.86630556 | I53: 3.604375 | J53: 4.4630556 | K53: 3.9734861 | L53: 2.7461385
A54: 44 | B54: 39417 | C54: 18.751913 | D54: 7.4770206 | E54: 7.0996597 | F54: 11.464053 | G54: 14.251827 | H54: 13.221697 | I54: 25.002075 | J54: 33.76937 | K54: 23.538319 | L54: 27.240599
A55: 45 | B55: Annual | C55: =SUM(C43:C54) -> 52.681486 | D55: =SUM(D43:D54) -> 18.401705 | E55: =SUM(E43:E54) -> 16.442805 | F55: =SUM(F43:F54) -> 29.927328 | G55: =SUM(G43:G54) -> 38.777318 | H55: =SUM(H43:H54) -> 34.680084 | I55: =SUM(I43:I54) -> 77.595821 | J55: =SUM(J43:J54) -> 108.21525 | ... L55: =SUM(L43:L54) -> 86.008672
A56: 46
A57: 47 | B57: Calendar Actual Cooling Degree Days by Weather Sites (Base 35)
A58: 48 | C58: Metroplex (MX) | D58: Lufkin (LU) | E58: Austin (AU) | F58: Killeen (KI) | G58: Longview (LO) | H58: Waco (WO) | I58: Abilene (AE) | J58: Wichita Falls (WF) | K58: Midland/ Odessa (MO) | L58: Denison (DE)
A59: 49 | B59: 39083
A60: 50 | B60: 39114
A61: 51 | B61: 39142
A62: 52 | B62: 39173
A63: 53 | B63: 39203
A64: 54 | B64: 39234
A65: 55 | B65: 39264
A66: 56 | B66: 39295
A67: 57 | B67: 39326
A68: 58 | B68: 39356
A69: 59 | B69: 39387
A70: 60 | B70: 39417
A71: 61 | B71: Annual | C71: =SUM(C59:C70) -> 0 | D71: =SUM(D59:D70) -> 0 | E71: =SUM(E59:E70) -> 0 | F71: =SUM(F59:F70) -> 0 | G71: =SUM(G59:G70) -> 0 | H71: =SUM(H59:H70) -> 0 | I71: =SUM(I59:I70) -> 0 | J71: =SUM(J59:J70) -> 0 | ... L71: =SUM(L59:L70) -> 0

Sheet Base40h
B1: PUC DOCKET NO.
B2: ONCOR ELECTRIC DELIVERY COMPANY LLC
B3: WEATHER STATION DATA
B4: FOR THE TEST YEAR ENDING DECEMBER 31, 2021
B6: SPONSOR: D. E. NELSON
B9: Calendar Actual Heating Degree Days by Weather Sites (Base 40)
A10: Line No. | C10: Dallas/ Fort Worth (MX) | D10: Lufkin (LU) | E10: Austin (AU) | F10: Killeen (KI) | G10: Longview (LO) | H10: Waco (WO) | I10: Abilene (AE) | J10: Wichita Falls (WF) | K10: Midland/ Odessa (MO) | L10: Denison (DE)
A11: 1 | B11: 44197 | C11: 10.4 | D11: 12.2 | E11: 4.6 | F11: 12.9 | G11: 19.3 | H11: 10.8 | I11: 24.4 | J11: 34.8 | K11: 51.9 | L11: 21.3
A12: =+A11+1 -> 2 | B12: 44228 | C12: 192.3 | D12: 96.2 | E12: 115.8 | F12: 158.3 | G12: 141.1 | H12: 155.7 | I12: 226.9 | J12: 272.9 | K12: 205.2 | L12: 214.7
A13: =+A12+1 -> 3 | B13: 44256 | C13: 0 | D13: 0 | E13: 0 | F13: 0 | G13: 0 | H13: 0 | I13: 0 | J13: 0 | K13: 0 | L13: 0
A14: =+A13+1 -> 4 | B14: 44287 | C14: 0 | D14: 0 | E14: 0 | F14: 0 | G14: 0 | H14: 0 | I14: 0 | J14: 0 | K14: 0 | L14: 0
A15: =+A14+1 -> 5 | B15: 44317 | C15: 0 | D15: 0 | E15: 0 | F15: 0 | G15: 0 | H15: 0 | I15: 0 | J15: 0 | K15: 0 | L15: 0
A16: =+A15+1 -> 6 | B16: 44348 | C16: 0 | D16: 0 | E16: 0 | F16: 0 | G16: 0 | H16: 0 | I16: 0 | J16: 0 | K16: 0 | L16: 0
A17: =+A16+1 -> 7 | B17: 44378 | C17: 0 | D17: 0 | E17: 0 | F17: 0 | G17: 0 | H17: 0 | I17: 0 | J17: 0 | K17: 0 | L17: 0
A18: =+A17+1 -> 8 | B18: 44409 | C18: 0 | D18: 0 | E18: 0 | F18: 0 | G18: 0 | H18: 0 | I18: 0 | J18: 0 | K18: 0 | L18: 0
A19: =+A18+1 -> 9 | B19: 44440 | C19: 0 | D19: 0 | E19: 0 | F19: 0 | G19: 0 | H19: 0 | I19: 0 | J19: 0 | K19: 0 | L19: 0
A20: =+A19+1 -> 10 | B20: 44470 | C20: 0 | D20: 0 | E20: 0 | F20: 0 | G20: 0 | H20: 0 | I20: 0 | J20: 0 | K20: 0 | L20: 0
A21: =+A20+1 -> 11 | B21: 44501 | C21: 0 | D21: 0 | E21: 0 | F21: 0 | G21: 0 | H21: 0 | I21: 0 | J21: 0 | K21: 0 | L21: 0
A22: =+A21+1 -> 12 | B22: 44531 | C22: 0 | D22: 0 | E22: 0 | F22: 0 | G22: 0 | H22: 0 | I22: 0.9 | J22: 7.6 | K22: 0 | L22: 4.5
A23: =+A22+1 -> 13 | B23: Annual | C23: =SUM(C11:C22) -> 202.7 | D23: =SUM(D11:D22) -> 108.4 | E23: =SUM(E11:E22) -> 120.4 | F23: =SUM(F11:F22) -> 171.2 | G23: =SUM(G11:G22) -> 160.4 | H23: =SUM(H11:H22) -> 166.5 | I23: =SUM(I11:I22) -> 252.2 | J23: =SUM(J11:J22) -> 315.3 | ... L23: =SUM(L11:L22) -> 240.5
A24: =+A23+1 -> 14
A25: =+A24+1 -> 15
A26: =+A25+1 -> 16 | B26: Calendar Normal Heating Degree Days by Weather Sites (Base 40)
A27: =+A26+1 -> 17 | C27: Dallas/ Fort Worth (MX) | D27: Lufkin (LU) | E27: Austin (AU) | F27: Killeen (KI) | G27: Longview (LO) | H27: Waco (WO) | I27: Abilene (AE) | J27: Wichita Falls (WF) | K27: Midland/ Odessa (MO) | L27: Denison (DE)
A28: =+A27+1 -> 18 | B28: =+B11 -> 44197 | C28: 43.91125 | D28: 24.92875 | E28: 19.689167 | F28: 29.414167 | G28: 39.202083 | H28: 33.99625 | I28: 59.99 | J28: 84.2075 | K28: 52.667083 | L28: 74.253333
A29: =+A28+1 -> 19 | B29: =+B12 -> 44228 | C29: 29.354167 | D29: 10.48375 | E29: 11.603333 | F29: 19.974167 | G29: 19.882917 | H29: 21.0625 | I29: 45.69875 | J29: 60.548333 | K29: 35.3175 | L29: 47.4725
A30: =+A29+1 -> 20 | B30: =+B13 -> 44256 | C30: 5.5858333 | D30: 2.26 | E30: 1.7945833 | F30: 3.1970833 | G30: 4.16 | H30: 3.6533333 | I30: 8.195 | J30: 10.971667 | K30: 6.5383333 | L30: 9.6091667
A31: =+A30+1 -> 21 | B31: =+B14 -> 44287 | C31: 0 | D31: 0 | E31: 0.022916667 | F31: 0.2875 | G31: 0 | H31: 0.14375 | I31: 0.80916667 | J31: 0.45083333 | K31: 0.83333333 | L31: 0.22208333
A32: =+A31+1 -> 22 | B32: =+B15 -> 44317 | C32: 0 | D32: 0 | E32: 0 | F32: 0 | G32: 0 | H32: 0 | I32: 0 | J32: 0 | K32: 0 | L32: 0
A33: =+A32+1 -> 23 | B33: =+B16 -> 44348 | C33: 0 | D33: 0 | E33: 0 | F33: 0 | G33: 0 | H33: 0 | I33: 0 | J33: 0 | K33: 0 | L33: 0
A34: =+A33+1 -> 24 | B34: =+B17 -> 44378 | C34: 0 | D34: 0 | E34: 0 | F34: 0 | G34: 0 | H34: 0 | I34: 0 | J34: 0 | K34: 0 | L34: 0
A35: =+A34+1 -> 25 | B35: =+B18 -> 44409 | C35: 0 | D35: 0 | E35: 0 | F35: 0 | G35: 0 | H35: 0 | I35: 0 | J35: 0 | K35: 0 | L35: 0
A36: =+A35+1 -> 26 | B36: =+B19 -> 44440 | C36: 0 | D36: 0 | E36: 0 | F36: 0 | G36: 0 | H36: 0 | I36: 0 | J36: 0 | K36: 0 | L36: 0
A37: =+A36+1 -> 27 | B37: =+B20 -> 44470 | C37: 0.08 | D37: 0 | E37: 0 | F37: 0.14 | G37: 0 | H37: 0.05 | I37: 1.18 | J37: 1.34 | K37: 1.49 | L37: 0.175
A38: =+A37+1 -> 28 | B38: =+B21 -> 44501 | C38: 5.0425 | D38: 1.61125 | E38: 1.3495833 | F38: 3.5345833 | G38: 3.4475 | H38: 3.9320833 | I38: 10.9275 | J38: 12.3325 | K38: 10.655417 | L38: 6.8645833
A39: =+A38+1 -> 29 | B39: =+B22 -> 44531 | C39: 24.895 | D39: 9.355 | E39: 8.5829167 | F39: 16.3225 | G39: 18.818333 | H39: 18.553333 | I39: 49.452917 | J39: 66.209167 | K39: 45.097917 | L39: 43.57125
A40: =+A39+1 -> 30 | B40: Annual | C40: =SUM(C28:C39) -> 108.86875 | D40: =SUM(D28:D39) -> 48.63875 | E40: =SUM(E28:E39) -> 43.0425 | F40: =SUM(F28:F39) -> 72.87 | G40: =SUM(G28:G39) -> 85.510833 | H40: =SUM(H28:H39) -> 81.39125 | I40: =SUM(I28:I39) -> 176.25333 | J40: =SUM(J28:J39) -> 236.06 | ... L40: =SUM(L28:L39) -> 182.16792

Sheet Base45h
B1: =+Base40h!B1 -> PUC DOCKET NO.
B2: =+Base40h!B2 -> ONCOR ELECTRIC DELIVERY COMPANY LLC
B3: =+Base40h!B3 -> WEATHER STATION DATA
B4: =+Base40h!B4 -> FOR THE TEST YEAR ENDING DECEMBER 31, 2021
B6: =+Base40h!B6 -> SPONSOR: D. E. NELSON
B9: Calendar Actual Heating Degree Days by Weather Sites (Base 45)
A10: Line No. | C10: Dallas/ Fort Worth (MX) | D10: Lufkin (LU) | E10: Austin (AU) | F10: Killeen (KI) | G10: Longview (LO) | H10: Waco (WO) | I10: Abilene (AE) | J10: Wichita Falls (WF) | K10: Midland/ Odessa (MO) | L10: Denison (DE)
A11: 1 | B11: =+Base40h!B11 -> 44197 | C11: 46.3 | D11: 41.3 | E11: 29.1 | F11: 48.4 | G11: 62.2 | H11: 45.5 | I11: 74.3 | J11: 102.6 | K11: 117.3 | L11: 78.2
A12: =+A11+1 -> 2 | B12: =+Base40h!B12 -> 44228 | C12: 252.6 | D12: 146 | E12: 167 | F12: 212.9 | G12: 197.3 | H12: 213.2 | I12: 282.5 | J12: 349 | K12: 263.5 | L12: 285.4
A13: =+A12+1 -> 3 | B13: =+Base40h!B13 -> 44256 | C13: 0 | D13: 0 | E13: 0 | F13: 0 | G13: 0 | H13: 0 | I13: 0 | J13: 0 | K13: 8.3 | L13: 0
A14: =+A13+1 -> 4 | B14: =+Base40h!B14 -> 44287 | C14: 0 | D14: 0 | E14: 0 | F14: 0 | G14: 0 | H14: 0 | I14: 0 | J14: 0 | K14: 1 | L14: 0
A15: =+A14+1 -> 5 | B15: =+Base40h!B15 -> 44317 | C15: 0 | D15: 0 | E15: 0 | F15: 0 | G15: 0 | H15: 0 | I15: 0 | J15: 0 | K15: 0 | L15: 0
A16: =+A15+1 -> 6 | B16: =+Base40h!B16 -> 44348 | C16: 0 | D16: 0 | E16: 0 | F16: 0 | G16: 0 | H16: 0 | I16: 0 | J16: 0 | K16: 0 | L16: 0
A17: =+A16+1 -> 7 | B17: =+Base40h!B17 -> 44378 | C17: 0 | D17: 0 | E17: 0 | F17: 0 | G17: 0 | H17: 0 | I17: 0 | J17: 0 | K17: 0 | L17: 0
A18: =+A17+1 -> 8 | B18: =+Base40h!B18 -> 44409 | C18: 0 | D18: 0 | E18: 0 | F18: 0 | G18: 0 | H18: 0 | I18: 0 | J18: 0 | K18: 0 | L18: 0
A19: =+A18+1 -> 9 | B19: =+Base40h!B19 -> 44440 | C19: 0 | D19: 0 | E19: 0 | F19: 0 | G19: 0 | H19: 0 | I19: 0 | J19: 0 | K19: 0 | L19: 0
A20: =+A19+1 -> 10 | B20: =+Base40h!B20 -> 44470 | C20: 0 | D20: 0 | E20: 0 | F20: 0 | G20: 0 | H20: 0 | I20: 0 | J20: 0 | K20: 0 | L20: 0
A21: =+A20+1 -> 11 | B21: =+Base40h!B21 -> 44501 | C21: 0 | D21: 0 | E21: 0 | F21: 0 | G21: 3.9 | H21: 0 | I21: 0 | J21: 0.3 | K21: 0.3 | L21: 2.5
A22: =+A21+1 -> 12 | B22: =+Base40h!B22 -> 44531 | C22: 4.5 | D22: 3.5 | E22: 2.1 | F22: 1.6 | G22: 14.1 | H22: 2.4 | I22: 5.9 | J22: 23.6 | K22: 8.4 | L22: 17.6
A23: =+A22+1 -> 13 | B23: Annual | C23: =SUM(C11:C22) -> 303.4 | D23: =SUM(D11:D22) -> 190.8 | E23: =SUM(E11:E22) -> 198.2 | F23: =SUM(F11:F22) -> 262.9 | G23: =SUM(G11:G22) -> 277.5 | H23: =SUM(H11:H22) -> 261.1 | I23: =SUM(I11:I22) -> 362.7 | J23: =SUM(J11:J22) -> 475.5 | ... L23: =SUM(L11:L22) -> 383.7
A24: =+A23+1 -> 14
A25: =+A24+1 -> 15
A26: =+A25+1 -> 16 | B26: Calendar Normal Heating Degree Days by Weather Sites (Base 45)
A27: =+A26+1 -> 17 | C27: Dallas/ Fort Worth (MX) | D27: Lufkin (LU) | E27: Austin (AU) | F27: Killeen (KI) | G27: Longview (LO) | H27: Waco (WO) | I27: Abilene (AE) | J27: Wichita Falls (WF) | K27: Midland/ Odessa (MO) | L27: Denison (DE)
A28: =+A27+1 -> 18 | B28: =+Base40h!B28 -> 44197 | C28: 94.3925 | D28: 64.134583 | E28: 51.95875 | F28: 69.138333 | G28: 91.707083 | H28: 79.694583 | I28: 120.59583 | J28: 160.25375 | K28: 116.05333 | L28: 146.52625
A29: =+A28+1 -> 19 | B29: =+Base40h!B29 -> 44228 | C29: 64.487917 | D29: 32.882917 | E29: 30.8425 | F29: 45.677083 | G29: 53.985417 | H29: 50.068333 | I29: 88.742083 | J29: 115.36625 | K29: 74.188333 | L29: 99.828333
A30: =+A29+1 -> 20 | B30: =+Base40h!B30 -> 44256 | C30: 14.125417 | D30: 6.315 | E30: 5.00625 | F30: 8.5725 | G30: 11.453333 | H30: 9.8583333 | I30: 19.604167 | J30: 26.457083 | K30: 17.26125 | L30: 23.472917
A31: =+A30+1 -> 21 | B31: =+Base40h!B31 -> 44287 | C31: 0.53583333 | D31: 0.37375 | E31: 0.4 | F31: 0.9325 | G31: 0.32166667 | H31: 0.65 | I31: 2.34625 | J31: 2.5533333 | K31: 1.44 | L31: 1.5775
A32: =+A31+1 -> 22 | B32: =+Base40h!B32 -> 44317 | C32: 0 | D32: 0 | E32: 0 | F32: 0 | G32: 0 | H32: 0 | I32: 0.01 | J32: 0.015 | K32: 0 | L32: 0
A33: =+A32+1 -> 23 | B33: =+Base40h!B33 -> 44348 | C33: 0 | D33: 0 | E33: 0 | F33: 0 | G33: 0 | H33: 0 | I33: 0 | J33: 0 | K33: 0 | L33: 0
A34: =+A33+1 -> 24 | B34: =+Base40h!B34 -> 44378 | C34: 0 | D34: 0 | E34: 0 | F34: 0 | G34: 0 | H34: 0 | I34: 0 | J34: 0 | K34: 0 | L34: 0
A35: =+A34+1 -> 25 | B35: =+Base40h!B35 -> 44409 | C35: 0 | D35: 0 | E35: 0 | F35: 0 | G35: 0 | H35: 0 | I35: 0 | J35: 0 | K35: 0 | L35: 0
A36: =+A35+1 -> 26 | B36: =+Base40h!B36 -> 44440 | C36: 0 | D36: 0 | E36: 0 | F36: 0 | G36: 0 | H36: 0 | I36: 0 | J36: 0 | K36: 0 | L36: 0
A37: =+A36+1 -> 27 | B37: =+Base40h!B37 -> 44470 | C37: 0.98 | D37: 0.155 | E37: 0.215 | F37: 0.83 | G37: 0.31 | H37: 0.675 | I37: 3.6191667 | J37: 3.56875 | K37: 3.5941667 | L37: 1.4
A38: =+A37+1 -> 28 | B38: =+Base40h!B38 -> 44501 | C38: 13.988333 | D38: 8.3916667 | E38: 7.4066667 | F38: 12.07125 | G38: 14.272917 | H38: 12.771667 | I38: 27.08 | J38: 30.873333 | K38: 27.917083 | L38: 20.366667
A39: =+A38+1 -> 29 | B39: =+Base40h!B39 -> 44531 | C39: 64.8225 | D39: 40.487083 | E39: 33.533333 | F39: 49.815 | G39: 61.520417 | H39: 55.47375 | I39: 105.96875 | J39: 136.73792 | K39: 106.67375 | L39: 103.21542
A40: =+A39+1 -> 30 | B40: Annual | C40: =SUM(C28:C39) -> 253.3325 | D40: =SUM(D28:D39) -> 152.74 | E40: =SUM(E28:E39) -> 129.3625 | F40: =SUM(F28:F39) -> 187.03667 | G40: =SUM(G28:G39) -> 233.57083 | H40: =SUM(H28:H39) -> 209.19167 | I40: =SUM(I28:I39) -> 367.96625 | J40: =SUM(J28:J39) -> 475.82542 | ... L40: =SUM(L28:L39) -> 396.38708

Sheet Base50h
B1: =+Base40h!B1 -> PUC DOCKET NO.
B2: =+Base40h!B2 -> ONCOR ELECTRIC DELIVERY COMPANY LLC
B3: =+Base40h!B3 -> WEATHER STATION DATA
B4: =+Base40h!B4 -> FOR THE TEST YEAR ENDING DECEMBER 31, 2021
B6: =+Base40h!B6 -> SPONSOR: D. E. NELSON
B9: Calendar Actual Cooling Degree Days by Weather Sites (Base 50)
A10: Line No. | C10: Dallas/ Fort Worth (MX) | D10: Lufkin (LU) | E10: Austin (AU) | F10: Killeen (KI) | G10: Longview (LO) | H10: Waco (WO) | I10: Abilene (AE) | J10: Wichita Falls (WF) | K10: Midland/ Odessa (MO) | L10: Denison (DE)
A11: 1 | B11: =+Base40h!B11 -> 44197 | C11: 124.2 | D11: 105.1 | E11: 73.8 | F11: 106.2 | G11: 143.2 | H11: 114.2 | I11: 169.1 | J11: 225.8 | K11: 225.3 | L11: 177.2
A12: =+A11+1 -> 2 | B12: =+Base40h!B12 -> 44228 | C12: 330.4 | D12: 204.8 | E12: 222.1 | F12: 276.7 | G12: 279.3 | H12: 281 | I12: 354.8 | J12: 443.4 | K12: 335.2 | L12: 377.6
A13: =+A12+1 -> 3 | B13: =+Base40h!B13 -> 44256 | C13: 0 | D13: 1.7 | E13: 0 | F13: 0.7 | G13: 4.4 | H13: 0.2 | I13: 8.6 | J13: 12 | K13: 21.6 | L13: 1.7
A14: =+A13+1 -> 4 | B14: =+Base40h!B14 -> 44287 | C14: 0 | D14: 0 | E14: 0 | F14: 0 | G14: 0.7 | H14: 0.3 | I14: 5.3 | J14: 5.4 | K14: 10.5 | L14: 3
A15: =+A14+1 -> 5 | B15: =+Base40h!B15 -> 44317 | C15: 0 | D15: 0 | E15: 0 | F15: 0 | G15: 0 | H15: 0 | I15: 0 | J15: 0 | K15: 0 | L15: 0
A16: =+A15+1 -> 6 | B16: =+Base40h!B16 -> 44348 | C16: 0 | D16: 0 | E16: 0 | F16: 0 | G16: 0 | H16: 0 | I16: 0 | J16: 0 | K16: 0 | L16: 0
A17: =+A16+1 -> 7 | B17: =+Base40h!B17 -> 44378 | C17: 0 | D17: 0 | E17: 0 | F17: 0 | G17: 0 | H17: 0 | I17: 0 | J17: 0 | K17: 0 | L17: 0
A18: =+A17+1 -> 8 | B18: =+Base40h!B18 -> 44409 | C18: 0 | D18: 0 | E18: 0 | F18: 0 | G18: 0 | H18: 0 | I18: 0 | J18: 0 | K18: 0 | L18: 0
A19: =+A18+1 -> 9 | B19: =+Base40h!B19 -> 44440 | C19: 0 | D19: 0 | E19: 0 | F19: 0 | G19: 0 | H19: 0 | I19: 0 | J19: 0 | K19: 0 | L19: 0
A20: =+A19+1 -> 10 | B20: =+Base40h!B20 -> 44470 | C20: 0 | D20: 0 | E20: 0 | F20: 0 | G20: 0 | H20: 0 | I20: 0 | J20: 0 | K20: 0 | L20: 0
A21: =+A20+1 -> 11 | B21: =+Base40h!B21 -> 44501 | C21: 7.1 | D21: 7.4 | E21: 1.9 | F21: 6.5 | G21: 28.5 | H21: 6.3 | I21: 9.6 | J21: 20.7 | K21: 22.9 | L21: 23.2
A22: =+A21+1 -> 12 | B22: =+Base40h!B22 -> 44531 | C22: 25.9 | D22: 20.9 | E22: 13.3 | F22: 14.1 | G22: 37.9 | H22: 19.8 | I22: 28.1 | J22: 72 | K22: 37.7 | L22: 53.4
A23: =+A22+1 -> 13 | B23: Annual | C23: =SUM(C11:C22) -> 487.6 | D23: =SUM(D11:D22) -> 339.9 | E23: =SUM(E11:E22) -> 311.1 | F23: =SUM(F11:F22) -> 404.2 | G23: =SUM(G11:G22) -> 494 | H23: =SUM(H11:H22) -> 421.8 | I23: =SUM(I11:I22) -> 575.5 | J23: =SUM(J11:J22) -> 779.3 | ... L23: =SUM(L11:L22) -> 636.1
A24: =+A23+1 -> 14
A25: =+A24+1 -> 15
A26: =+A25+1 -> 16 | B26: Calendar Normal Cooling Degree Days by Weather Sites (Base 50)
A27: =+A26+1 -> 17 | C27: Dallas/ Fort Worth (MX) | D27: Lufkin (LU) | E27: Austin (AU) | F27: Killeen (KI) | G27: Longview (LO) | H27: Waco (WO) | I27: Abilene (AE) | J27: Wichita Falls (WF) | K27: Midland/ Odessa (MO) | L27: Denison (DE)
A28: =+A27+1 -> 18 | B28: =+Base40h!B28 -> 44197 | C28: 176.15667 | D28: 137.08958 | E28: 115.21 | F28: 138.88042 | G28: 177.65458 | H28: 160.41167 | I28: 214.56625 | J28: 268.72167 | K28: 216.15917 | L28: 250.83292
A29: =+A28+1 -> 19 | B29: =+Base40h!B29 -> 44228 | C29: 123.71917 | D29: 77.6125 | E29: 70.7625 | F29: 92.99375 | G29: 112.39167 | H29: 103.86708 | I29: 156.41708 | J29: 196.17792 | K29: 139.09792 | L29: 176.73958
A30: =+A29+1 -> 20 | B30: =+Base40h!B30 -> 44256 | C30: 33.154583 | D30: 17.543333 | E30: 14.8 | F30: 22.646667 | G30: 28.805 | H30: 26.325833 | I30: 43.97625 | J30: 58.06875 | K30: 40.26 | L30: 52.845417
A31: =+A30+1 -> 21 | B31: =+Base40h!B31 -> 44287 | C31: 2.9125 | D31: 1.5904167 | E31: 1.125 | F31: 2.305 | G31: 2.3825 | H31: 2.3470833 | I31: 7.0770833 | J31: 9.7475 | K31: 5.1925 | L31: 7.2370833
A32: =+A31+1 -> 22 | B32: =+Base40h!B32 -> 44317 | C32: 0.06 | D32: 0 | E32: 0 | F32: 0.085 | G32: 0 | H32: 0 | I32: 0.26 | J32: 0.32541667 | K32: 0.455 | L32: 0.3375
A33: =+A32+1 -> 23 | B33: =+Base40h!B33 -> 44348 | C33: 0 | D33: 0 | E33: 0 | F33: 0 | G33: 0 | H33: 0 | I33: 0 | J33: 0 | K33: 0 | L33: 0
A34: =+A33+1 -> 24 | B34: =+Base40h!B34 -> 44378 | C34: 0 | D34: 0 | E34: 0 | F34: 0 | G34: 0 | H34: 0 | I34: 0 | J34: 0 | K34: 0 | L34: 0
A35: =+A34+1 -> 25 | B35: =+Base40h!B35 -> 44409 | C35: 0 | D35: 0 | E35: 0 | F35: 0 | G35: 0 | H35: 0 | I35: 0 | J35: 0 | K35: 0 | L35: 0
A36: =+A35+1 -> 26 | B36: =+Base40h!B36 -> 44440 | C36: 0 | D36: 0 | E36: 0 | F36: 0 | G36: 0 | H36: 0 | I36: 0 | J36: 0 | K36: 0.07 | L36: 0
A37: =+A36+1 -> 27 | B37: =+Base40h!B37 -> 44470 | C37: 3.3020833 | D37: 1.105 | E37: 1.045 | F37: 2.765 | G37: 1.8116667 | H37: 2.775 | I37: 9.2745833 | J37: 9.205 | K37: 8.6354167 | L37: 5.02875
A38: =+A37+1 -> 28 | B38: =+Base40h!B38 -> 44501 | C38: 34.4575 | D38: 28.715417 | E38: 24.178333 | F38: 31.548333 | G38: 40.593333 | H38: 34.036667 | I38: 60.42125 | J38: 69.022917 | K38: 63.99125 | L38: 51.802917
A39: =+A38+1 -> 29 | B39: =+Base40h!B39 -> 44531 | C39: 140.26708 | D39: 103.74583 | E39: 91.394583 | F39: 115.09667 | G39: 139.90708 | H39: 128.92208 | I39: 191.4175 | J39: 238.015 | K39: 200.04833 | L39: 194.68875
A40: =+A39+1 -> 30 | B40: Annual | C40: =SUM(C28:C39) -> 514.02958 | D40: =SUM(D28:D39) -> 367.40208 | E40: =SUM(E28:E39) -> 318.51542 | F40: =SUM(F28:F39) -> 406.32083 | G40: =SUM(G28:G39) -> 503.54583 | H40: =SUM(H28:H39) -> 458.68542 | I40: =SUM(I28:I39) -> 683.41 | J40: =SUM(J28:J39) -> 849.28417 | ... L40: =SUM(L28:L39) -> 739.51292
Z44: =MONTH(B44)&YEAR(B44) -> 11900
Z45: =MONTH(B45)&YEAR(B45) -> 11900
Z46: =MONTH(B46)&YEAR(B46) -> 11900
Z47: =MONTH(B47)&YEAR(B47) -> 11900
Z48: =MONTH(B48)&YEAR(B48) -> 11900
Z49: =MONTH(B49)&YEAR(B49) -> 11900
Z50: =MONTH(B50)&YEAR(B50) -> 11900
Z51: =MONTH(B51)&YEAR(B51) -> 11900
Z52: =MONTH(B52)&YEAR(B52) -> 11900
Z53: =MONTH(B53)&YEAR(B53) -> 11900
Z54: =MONTH(B54)&YEAR(B54) -> 11900
Z55: =MONTH(B55)&YEAR(B55) -> 11900
Z61: =MONTH(B61) -> 1
Z62: =MONTH(B62) -> 1
Z63: =MONTH(B63) -> 1
Z64: =MONTH(B64) -> 1
Z65: =MONTH(B65) -> 1
Z66: =MONTH(B66) -> 1
Z67: =MONTH(B67) -> 1
Z68: =MONTH(B68) -> 1
Z69: =MONTH(B69) -> 1
Z70: =MONTH(B70) -> 1
Z71: =MONTH(B71) -> 1
Z72: =MONTH(B72) -> 1

Sheet Base55h
B1: =+Base40h!B1 -> PUC DOCKET NO.
B2: =+Base40h!B2 -> ONCOR ELECTRIC DELIVERY COMPANY LLC
B3: =+Base40h!B3 -> WEATHER STATION DATA
B4: =+Base40h!B4 -> FOR THE TEST YEAR ENDING DECEMBER 31, 2021
B6: =+Base40h!B6 -> SPONSOR: D. E. NELSON
B9: Calendar Actual Cooling Degree Days by Weather Sites (Base 55)
A10: Line No. | C10: Dallas/ Fort Worth (MX) | D10: Lufkin (LU) | E10: Austin (AU) | F10: Killeen (KI) | G10: Longview (LO) | H10: Waco (WO) | I10: Abilene (AE) | J10: Wichita Falls (WF) | K10: Midland/ Odessa (MO) | L10: Denison (DE)
A11: 1 | B11: =+Base40h!B11 -> 44197 | C11: 255.4 | D11: 197.2 | E11: 149.5 | F11: 206.6 | G11: 270 | H11: 226.3 | I11: 305.6 | J11: 372.6 | K11: 364.8 | L11: 320.2
A12: =+A11+1 -> 2 | B12: =+Base40h!B12 -> 44228 | C12: 430 | D12: 289.3 | E12: 290.3 | F12: 365.1 | G12: 385 | H12: 373.4 | I12: 450.3 | J12: 558.4 | K12: 430.6 | L12: 489.1
A13: =+A12+1 -> 3 | B13: =+Base40h!B13 -> 44256 | C13: 18.1 | D13: 29 | E13: 6.7 | F13: 20 | G13: 47.6 | H13: 26.4 | I13: 37.1 | J13: 54.9 | K13: 60.1 | L13: 27.6
A14: =+A13+1 -> 4 | B14: =+Base40h!B14 -> 44287 | C14: 4.7 | D14: 5.6 | E14: 4.8 | F14: 7.2 | G14: 16.8 | H14: 8.4 | I14: 25.9 | J14: 34.6 | K14: 42.4 | L14: 21.9
A15: =+A14+1 -> 5 | B15: =+Base40h!B15 -> 44317 | C15: 0 | D15: 0 | E15: 0 | F15: 0 | G15: 0 | H15: 0 | I15: 0 | J15: 0 | K15: 0 | L15: 0
A16: =+A15+1 -> 6 | B16: =+Base40h!B16 -> 44348 | C16: 0 | D16: 0 | E16: 0 | F16: 0 | G16: 0 | H16: 0 | I16: 0 | J16: 0 | K16: 0 | L16: 0
A17: =+A16+1 -> 7 | B17: =+Base40h!B17 -> 44378 | C17: 0 | D17: 0 | E17: 0 | F17: 0 | G17: 0 | H17: 0 | I17: 0 | J17: 0 | K17: 0 | L17: 0
A18: =+A17+1 -> 8 | B18: =+Base40h!B18 -> 44409 | C18: 0 | D18: 0 | E18: 0 | F18: 0 | G18: 0 | H18: 0 | I18: 0 | J18: 0 | K18: 0 | L18: 0
A19: =+A18+1 -> 9 | B19: =+Base40h!B19 -> 44440 | C19: 0 | D19: 0 | E19: 0 | F19: 0 | G19: 0 | H19: 0 | I19: 0 | J19: 0 | K19: 0 | L19: 0
A20: =+A19+1 -> 10 | B20: =+Base40h!B20 -> 44470 | C20: 0 | D20: 0 | E20: 0 | F20: 0 | G20: 0 | H20: 0 | I20: 0 | J20: 0 | K20: 0.2 | L20: 0.5
A21: =+A20+1 -> 11 | B21: =+Base40h!B21 -> 44501 | C21: 44.5 | D21: 53.1 | E21: 35.3 | F21: 42.9 | G21: 79.2 | H21: 47.6 | I21: 55.4 | J21: 85 | K21: 73.3 | L21: 86.6
A22: =+A21+1 -> 12 | B22: =+Base40h!B22 -> 44531 | C22: 67.6 | D22: 49.8 | E22: 39 | F22: 44.7 | G22: 81.1 | H22: 51.8 | I22: 72.9 | J22: 127 | K22: 83.8 | L22: 103.7
A23: =+A22+1 -> 13 | B23: Annual | C23: =SUM(C11:C22) -> 820.3 | D23: =SUM(D11:D22) -> 624 | E23: =SUM(E11:E22) -> 525.6 | F23: =SUM(F11:F22) -> 686.5 | G23: =SUM(G11:G22) -> 879.7 | H23: =SUM(H11:H22) -> 733.9 | I23: =SUM(I11:I22) -> 947.2 | J23: =SUM(J11:J22) -> 1232.5 | ... L23: =SUM(L11:L22) -> 1049.6
A24: =+A23+1 -> 14
A25: =+A24+1 -> 15
A26: =+A25+1 -> 16 | B26: Calendar Normal Cooling Degree Days by Weather Sites (Base 55)
A27: =+A26+1 -> 17 | C27: Dallas/ Fort Worth (MX) | D27: Lufkin (LU) | E27: Austin (AU) | F27: Killeen (KI) | G27: Longview (LO) | H27: Waco (WO) | I27: Abilene (AE) | J27: Wichita Falls (WF) | K27: Midland/ Odessa (MO) | L27: Denison (DE)
A28: =+A27+1 -> 18 | B28: =+Base40h!B28 -> 44197 | C28: 289.56083 | D28: 237.87625 | E28: 211.74 | F28: 240.79917 | G28: 287.72125 | H28: 271.49125 | I28: 332.82208 | J28: 400.49167 | K28: 342.01875 | L28: 377.145
A29: =+A28+1 -> 19 | B29: =+Base40h!B29 -> 44228 | C29: 207.96542 | D29: 147.835 | E29: 135.40917 | F29: 165.83708 | G29: 196.53083 | H29: 182.65833 | I29: 245.205 | J29: 299.75458 | K29: 227.67417 | L29: 274.65375
A30: =+A29+1 -> 20 | B30: =+Base40h!B30 -> 44256 | C30: 69.079167 | D30: 46.106667 | E30: 40.985417 | F30: 52.040833 | G30: 66.74625 | H30: 60.724583 | I30: 90.530833 | J30: 113.99667 | K30: 85.0475 | L30: 107.85375
A31: =+A30+1 -> 21 | B31: =+Base40h!B31 -> 44287 | C31: 10.954583 | D31: 5.8816667 | E31: 4.08 | F31: 7.41625 | G31: 9.8995833 | H31: 8.8733333 | I31: 19.83625 | J31: 24.455833 | K31: 15.49 | L31: 21.653333
A32: =+A31+1 -> 22 | B32: =+Base40h!B32 -> 44317 | C32: 0.63375 | D32: 0.05 | E32: 0.155 | F32: 0.46 | G32: 0.34 | H32: 0.415 | I32: 1.7795833 | J32: 2.0083333 | K32: 1.9283333 | L32: 2.3475
A33: =+A32+1 -> 23 | B33: =+Base40h!B33 -> 44348 | C33: 0 | D33: 0 | E33: 0 | F33: 0 | G33: 0 | H33: 0 | I33: 0 | J33: 0 | K33: 0 | L33: 0
A34: =+A33+1 -> 24 | B34: =+Base40h!B34 -> 44378 | C34: 0 | D34: 0 | E34: 0 | F34: 0 | G34: 0 | H34: 0 | I34: 0 | J34: 0 | K34: 0 | L34: 0
A35: =+A34+1 -> 25 | B35: =+Base40h!B35 -> 44409 | C35: 0 | D35: 0 | E35: 0 | F35: 0 | G35: 0 | H35: 0 | I35: 0 | J35: 0 | K35: 0 | L35: 0
A36: =+A35+1 -> 26 | B36: =+Base40h!B36 -> 44440 | C36: 0 | D36: 0 | E36: 0 | F36: 0 | G36: 0 | H36: 0 | I36: 0.35 | J36: 0.075 | K36: 0.69 | L36: 0
A37: =+A36+1 -> 27 | B37: =+Base40h!B37 -> 44470 | C37: 9.45375 | D37: 5.2008333 | E37: 4.7133333 | F37: 8.2666667 | G37: 9.7175 | H37: 8.5229167 | I37: 23.305417 | J37: 24.138333 | K37: 21.615833 | L37: 16.919583
A38: =+A37+1 -> 28 | B38: =+Base40h!B38 -> 44501 | C38: 77.803333 | D38: 70.17125 | E38: 58.626667 | F38: 71.315417 | G38: 91.634167 | H38: 76.76875 | I38: 116.2775 | J38: 135.31125 | K38: 125.77625 | L38: 107.54417
A39: =+A38+1 -> 29 | B39: =+Base40h!B39 -> 44531 | C39: 242.80042 | D39: 196.65542 | E39: 180.095 | F39: 210.93667 | G39: 243.44417 | H39: 230.64583 | I39: 301.31833 | J39: 365.3925 | K39: 323.65375 | L39: 310.85083
A40: =+A39+1 -> 30 | B40: Annual | C40: =SUM(C28:C39) -> 908.25125 | D40: =SUM(D28:D39) -> 709.77708 | E40: =SUM(E28:E39) -> 635.80458 | F40: =SUM(F28:F39) -> 757.07208 | G40: =SUM(G28:G39) -> 906.03375 | H40: =SUM(H28:H39) -> 840.1 | I40: =SUM(I28:I39) -> 1131.425 | J40: =SUM(J28:J39) -> 1365.6242 | ... L40: =SUM(L28:L39) -> 1218.9679
Z44: =MONTH(B44)&YEAR(B44) -> 11900
Z45: =MONTH(B45)&YEAR(B45) -> 11900
Z46: =MONTH(B46)&YEAR(B46) -> 11900
Z47: =MONTH(B47)&YEAR(B47) -> 11900
Z48: =MONTH(B48)&YEAR(B48) -> 11900
Z49: =MONTH(B49)&YEAR(B49) -> 11900
Z50: =MONTH(B50)&YEAR(B50) -> 11900
Z51: =MONTH(B51)&YEAR(B51) -> 11900
Z52: =MONTH(B52)&YEAR(B52) -> 11900
Z53: =MONTH(B53)&YEAR(B53) -> 11900
Z54: =MONTH(B54)&YEAR(B54) -> 11900
Z55: =MONTH(B55)&YEAR(B55) -> 11900
Z61: =MONTH(B61) -> 1
Z62: =MONTH(B62) -> 1
Z63: =MONTH(B63) -> 1
Z64: =MONTH(B64) -> 1
Z65: =MONTH(B65) -> 1
Z66: =MONTH(B66) -> 1
Z67: =MONTH(B67) -> 1
Z68: =MONTH(B68) -> 1
Z69: =MONTH(B69) -> 1
Z70: =MONTH(B70) -> 1
Z71: =MONTH(B71) -> 1
Z72: =MONTH(B72) -> 1

Sheet Base60h
B1: =+Base40h!B1 -> PUC DOCKET NO.
B2: =+Base40h!B2 -> ONCOR ELECTRIC DELIVERY COMPANY LLC
B3: =+Base40h!B3 -> WEATHER STATION DATA
B4: =+Base40h!B4 -> FOR THE TEST YEAR ENDING DECEMBER 31, 2021
B6: =+Base40h!B6 -> SPONSOR: D. E. NELSON
B9: Calendar Actual Heating Degree Days by Weather Sites (Base 60)
A10: Line No. | C10: Dallas/ Fort Worth (MX) | D10: Lufkin (LU) | E10: Austin (AU) | F10: Killeen (KI) | G10: Longview (LO) | H10: Waco (WO) | I10: Abilene (AE) | J10: Wichita Falls (WF) | K10: Midland/ Odessa (MO) | L10: Denison (DE)
A11: 1 | B11: =+Base40h!B11 -> 44197 | C11: 400.4 | D11: 317.9 | E11: 257.2 | F11: 344.1 | G11: 417.1 | H11: 364.2 | I11: 450.9 | J11: 523.3 | K11: 515.3 | L11: 469.5
A12: =+A11+1 -> 2 | B12: =+Base40h!B12 -> 44228 | C12: 547.3 | D12: 392 | E12: 391.8 | F12: 470.9 | G12: 501.8 | H12: 481.8 | I12: 568.6 | J12: 696.6 | K12: 550.2 | L12: 614.5
A13: =+A12+1 -> 3 | B13: =+Base40h!B13 -> 44256 | C13: 66.1 | D13: 88.4 | E13: 44.3 | F13: 63.8 | G13: 111.5 | H13: 73.6 | I13: 107.7 | J13: 138.7 | K13: 140.8 | L13: 95.7
A14: =+A13+1 -> 4 | B14: =+Base40h!B14 -> 44287 | C14: 31.5 | D14: 35.6 | E14: 34.7 | F14: 37.5 | G14: 59.8 | H14: 37.8 | I14: 79 | J14: 89 | K14: 103 | L14: 72.1
A15: =+A14+1 -> 5 | B15: =+Base40h!B15 -> 44317 | C15: 3.2 | D15: 0 | E15: 0 | F15: 0.1 | G15: 0.8 | H15: 0 | I15: 8.5 | J15: 11 | K15: 3.2 | L15: 10.2
A16: =+A15+1 -> 6 | B16: =+Base40h!B16 -> 44348 | C16: 0 | D16: 0 | E16: 0 | F16: 0 | G16: 0 | H16: 0 | I16: 0 | J16: 0 | K16: 0 | L16: 0
A17: =+A16+1 -> 7 | B17: =+Base40h!B17 -> 44378 | C17: 0 | D17: 0 | E17: 0 | F17: 0 | G17: 0 | H17: 0 | I17: 0 | J17: 0 | K17: 0 | L17: 0
A18: =+A17+1 -> 8 | B18: =+Base40h!B18 -> 44409 | C18: 0 | D18: 0 | E18: 0 | F18: 0 | G18: 0 | H18: 0 | I18: 0 | J18: 0 | K18: 0 | L18: 0
A19: =+A18+1 -> 9 | B19: =+Base40h!B19 -> 44440 | C19: 0 | D19: 0 | E19: 0 | F19: 0 | G19: 0 | H19: 0 | I19: 0 | J19: 0 | K19: 0 | L19: 0
A20: =+A19+1 -> 10 | B20: =+Base40h!B20 -> 44470 | C20: 0 | D20: 5.1 | E20: 2.1 | F20: 2.3 | G20: 7.3 | H20: 4.3 | I20: 6.2 | J20: 12 | K20: 14.6 | L20: 11.1
A21: =+A20+1 -> 11 | B21: =+Base40h!B21 -> 44501 | C21: 125.1 | D21: 133.5 | E21: 109.6 | F21: 121.4 | G21: 171.4 | H21: 124.1 | I21: 134.5 | J21: 186 | K21: 169.5 | L21: 179
A22: =+A21+1 -> 12 | B22: =+Base40h!B22 -> 44531 | C22: 122.6 | D22: 93.2 | E22: 78.1 | F22: 92.7 | G22: 127.6 | H22: 101.9 | I22: 126.3 | J22: 211.2 | K22: 169.1 | L22: 164
A23: =+A22+1 -> 13 | B23: Annual | C23: =SUM(C11:C22) -> 1296.2 | D23: =SUM(D11:D22) -> 1065.7 | E23: =SUM(E11:E22) -> 917.8 | F23: =SUM(F11:F22) -> 1132.8 | G23: =SUM(G11:G22) -> 1397.3 | H23: =SUM(H11:H22) -> 1187.7 | I23: =SUM(I11:I22) -> 1481.7 | J23: =SUM(J11:J22) -> 1867.8 | ... L23: =SUM(L11:L22) -> 1616.1
A24: =+A23+1 -> 14
A25: =+A24+1 -> 15
A26: =+A25+1 -> 16 | B26: Calendar Normal Heating Degree Days by Weather Sites (Base 60)
A27: =+A26+1 -> 17 | C27: Dallas/ Fort Worth (MX) | D27: Lufkin (LU) | E27: Austin (AU) | F27: Killeen (KI) | G27: Longview (LO) | H27: Waco (WO) | I27: Abilene (AE) | J27: Wichita Falls (WF) | K27: Midland/ Odessa (MO) | L27: Denison (DE)
A28: =+A27+1 -> 18 | B28: =+Base40h!B28 -> 44197 | C28: 422.05 | D28: 358.51958 | E28: 333.15625 | F28: 365.81875 | G28: 416.26125 | H28: 401.88708 | I28: 469.92042 | J28: 543.745 | K28: 488.29875 | L28: 517.65375
A29: =+A28+1 -> 19 | B29: =+Base40h!B29 -> 44228 | C29: 311.41875 | D29: 240.46667 | E29: 224.87625 | F29: 260.35458 | G29: 299.57375 | H29: 283.05208 | I29: 352.43792 | J29: 418.81333 | K29: 339.43 | L29: 390.84667
A30: =+A29+1 -> 20 | B30: =+Base40h!B30 -> 44256 | C30: 133.27792 | D30: 100.0925 | E30: 90.1375 | F30: 107.80833 | G30: 133.90208 | H30: 121.6575 | I30: 165.19958 | J30: 201.70125 | K30: 159.39875 | L30: 193.21917
A31: =+A30+1 -> 21 | B31: =+Base40h!B31 -> 44287 | C31: 28.71625 | D31: 19.366667 | E31: 15.212083 | F31: 22.008333 | G31: 29.399583 | H31: 25.416667 | I31: 46.258333 | J31: 57.04625 | K31: 38.06125 | L31: 55.709167
A32: =+A31+1 -> 22 | B32: =+Base40h!B32 -> 44317 | C32: 2.9775 | D32: 0.69958333 | E32: 0.85708333 | F32: 1.98875 | G32: 1.8908333 | H32: 1.9458333 | I32: 6.90375 | J32: 7.33375 | K32: 6.8316667 | L32: 7.57125
A33: =+A32+1 -> 23 | B33: =+Base40h!B33 -> 44348 | C33: 0 | D33: 0 | E33: 0 | F33: 0 | G33: 0 | H33: 0 | I33: 0 | J33: 0 | K33: 0 | L33: 0
A34: =+A33+1 -> 24 | B34: =+Base40h!B34 -> 44378 | C34: 0 | D34: 0 | E34: 0 | F34: 0 | G34: 0 | H34: 0 | I34: 0 | J34: 0 | K34: 0 | L34: 0
A35: =+A34+1 -> 25 | B35: =+Base40h!B35 -> 44409 | C35: 0 | D35: 0 | E35: 0 | F35: 0 | G35: 0 | H35: 0 | I35: 0 | J35: 0 | K35: 0 | L35: 0
A36: =+A35+1 -> 26 | B36: =+Base40h!B36 -> 44440 | C36: 0 | D36: 0 | E36: 0 | F36: 0.04 | G36: 0.014583333 | H36: 0 | I36: 1.1208333 | J36: 0.635 | K36: 1.705 | L36: 0.020416667
A37: =+A36+1 -> 27 | B37: =+Base40h!B37 -> 44470 | C37: 27.217083 | D37: 23.285833 | E37: 18.54 | F37: 24.920417 | G37: 33.739583 | H37: 26.334167 | I37: 50.305417 | J37: 57.410833 | K37: 48.0175 | L37: 47.377917
A38: =+A37+1 -> 28 | B38: =+Base40h!B38 -> 44501 | C38: 148.22792 | D38: 139.53 | E38: 120.18625 | F38: 136.95792 | G38: 169.98792 | H38: 145.605 | I38: 199.66625 | J38: 230.91625 | K38: 221.16375 | L38: 190.95042
A39: =+A38+1 -> 29 | B39: =+Base40h!B39 -> 44531 | C39: 368.51167 | D39: 311.00875 | E39: 292.84875 | F39: 328.21917 | G39: 364.96333 | H39: 352.45625 | I39: 435.15333 | J39: 509.58375 | K39: 466.97417 | L39: 447.11542
A40: =+A39+1 -> 30 | B40: Annual | C40: =SUM(C28:C39) -> 1442.3971 | D40: =SUM(D28:D39) -> 1192.9696 | E40: =SUM(E28:E39) -> 1095.8142 | F40: =SUM(F28:F39) -> 1248.1163 | G40: =SUM(G28:G39) -> 1449.7329 | H40: =SUM(H28:H39) -> 1358.3546 | I40: =SUM(I28:I39) -> 1726.9658 | J40: =SUM(J28:J39) -> 2027.1854 | ... L40: =SUM(L28:L39) -> 1850.4642

Sheet Base65h
B1: =+Base40h!B1 -> PUC DOCKET NO.
B2: =+Base40h!B2 -> ONCOR ELECTRIC DELIVERY COMPANY LLC
B3: =+Base40h!B3 -> WEATHER STATION DATA
B4: =+Base40h!B4 -> FOR THE TEST YEAR ENDING DECEMBER 31, 2021
B6: =+Base40h!B6 -> SPONSOR: D. E. NELSON
B9: Calendar Actual Heating Degree Days by Weather Sites (Base 65)
A10: Line No. | C10: Dallas/ Fort Worth (MX) | D10: Lufkin (LU) | E10: Austin (AU) | F10: Killeen (KI) | G10: Longview (LO) | H10: Waco (WO) | I10: Abilene (AE) | J10: Wichita Falls (WF) | K10: Midland/ Odessa (MO) | L10: Denison (DE)
A11: 1 | B11: =+Base40h!B11 -> 44197 | C11: 553 | D11: 464.7 | E11: 392.3 | F11: 487.5 | G11: 567.8 | H11: 510.5 | I11: 605.3 | J11: 678.3 | K11: 670.3 | L11: 624.5
A12: =+A11+1 -> 2 | B12: =+Base40h!B12 -> 44228 | C12: 679.4 | D12: 508.7 | E12: 511.6 | F12: 590.8 | G12: 631.8 | H12: 605 | I12: 699.8 | J12: 836.6 | K12: 687.3 | L12: 752.2
A13: =+A12+1 -> 3 | B13: =+Base40h!B13 -> 44256 | C13: 156.4 | D13: 161.8 | E13: 115.3 | F13: 154.4 | G13: 210.7 | H13: 165.4 | I13: 205.8 | J13: 254.9 | K13: 249.5 | L13: 205.1
A14: =+A13+1 -> 4 | B14: =+Base40h!B14 -> 44287 | C14: 86.3 | D14: 87.8 | E14: 86.8 | F14: 92.8 | G14: 125.5 | H14: 94.2 | I14: 159.9 | J14: 178 | K14: 186.3 | L14: 149.5
A15: =+A14+1 -> 5 | B15: =+Base40h!B15 -> 44317 | C15: 18.2 | D15: 2 | E15: 1.8 | F15: 10.3 | G15: 11.2 | H15: 8.4 | I15: 30.1 | J15: 35.8 | K15: 25.3 | L15: 33.8
A16: =+A15+1 -> 6 | B16: =+Base40h!B16 -> 44348 | C16: 0 | D16: 0 | E16: 0 | F16: 0 | G16: 0 | H16: 0 | I16: 0 | J16: 0 | K16: 0 | L16: 0
A17: =+A16+1 -> 7 | B17: =+Base40h!B17 -> 44378 | C17: 0 | D17: 0 | E17: 0 | F17: 0 | G17: 0 | H17: 0 | I17: 0 | J17: 0 | K17: 0 | L17: 0
A18: =+A17+1 -> 8 | B18: =+Base40h!B18 -> 44409 | C18: 0 | D18: 0 | E18: 0 | F18: 0 | G18: 0 | H18: 0 | I18: 0 | J18: 0 | K18: 0 | L18: 0
A19: =+A18+1 -> 9 | B19: =+Base40h!B19 -> 44440 | C19: 0 | D19: 0 | E19: 0 | F19: 0 | G19: 0 | H19: 0 | I19: 0 | J19: 0 | K19: 0 | L19: 0
A20: =+A19+1 -> 10 | B20: =+Base40h!B20 -> 44470 | C20: 16.7 | D20: 31 | E20: 25.6 | F20: 24.2 | G20: 37.3 | H20: 29.4 | I20: 35.7 | J20: 52.9 | K20: 52.9 | L20: 44.1
A21: =+A20+1 -> 11 | B21: =+Base40h!B21 -> 44501 | C21: 238.5 | D21: 248.8 | E21: 216.9 | F21: 227.6 | G21: 295.5 | H21: 231.4 | I21: 245.9 | J21: 317.4 | K21: 295.1 | L21: 305.2
A22: =+A21+1 -> 12 | B22: =+Base40h!B22 -> 44531 | C22: 191.1 | D22: 153.3 | E22: 144.6 | F22: 153.7 | G22: 195.5 | H22: 167.2 | I22: 208.6 | J22: 332.5 | K22: 293 | L22: 248.7
A23: =+A22+1 -> 13 | B23: Annual | C23: =SUM(C11:C22) -> 1939.6 | D23: =SUM(D11:D22) -> 1658.1 | E23: =SUM(E11:E22) -> 1494.9 | F23: =SUM(F11:F22) -> 1741.3 | G23: =SUM(G11:G22) -> 2075.3 | H23: =SUM(H11:H22) -> 1811.5 | I23: =SUM(I11:I22) -> 2191.1 | J23: =SUM(J11:J22) -> 2686.4 | ... L23: =SUM(L11:L22) -> 2363.1
A24: =+A23+1 -> 14
A25: =+A24+1 -> 15
A26: =+A25+1 -> 16 | B26: Calendar Normal Heating Degree Days by Weather Sites (Base 65)
A27: =+A26+1 -> 17 | C27: Dallas/ Fort Worth (MX) | D27: Lufkin (LU) | E27: Austin (AU) | F27: Killeen (KI) | G27: Longview (LO) | H27: Waco (WO) | I27: Abilene (AE) | J27: Wichita Falls (WF) | K27: Midland/ Odessa (MO) | L27: Denison (DE)
A28: =+A27+1 -> 18 | B28: =+Base40h!B28 -> 44197 | C28: 566.79167 | D28: 495.52875 | E28: 470.44167 | F28: 506.27875 | G28: 558.14375 | H28: 545.70667 | I28: 618.85708 | J28: 695.58625 | K28: 642.16458 | L28: 666.91375
A29: =+A28+1 -> 19 | B29: =+Base40h!B29 -> 44228 | C29: 430.95167 | D29: 353.00333 | E29: 334.22125 | F29: 373.92417 | G29: 420.02917 | H29: 401.7625 | I29: 476.39958 | J29: 550.77667 | K29: 468.56292 | L29: 519.885
A30: =+A29+1 -> 20 | B30: =+Base40h!B30 -> 44256 | C30: 227.32167 | D30: 186.77208 | E30: 170.67333 | F30: 195.14542 | G30: 232.28375 | H30: 213.16458 | I30: 267.49083 | J30: 314.52125 | K30: 261.92875 | L30: 306.66625
A31: =+A30+1 -> 21 | B31: =+Base40h!B31 -> 44287 | C31: 66.95875 | D31: 52.867917 | E31: 42.144167 | F31: 55.312917 | G31: 73.14375 | H31: 63.385 | I31: 97.125833 | J31: 117.465 | K31: 81.672917 | L31: 116.63875
A32: =+A31+1 -> 22 | B32: =+Base40h!B32 -> 44317 | C32: 10.463333 | D32: 5.24 | E32: 4.48875 | F32: 7.5554167 | G32: 10.41 | H32: 8.4120833 | I32: 21.141667 | J32: 24.033333 | K32: 18.655417 | L32: 24.057917
A33: =+A32+1 -> 23 | B33: =+Base40h!B33 -> 44348 | C33: 0 | D33: 0 | E33: 0 | F33: 0 | G33: 0 | H33: 0 | I33: 0 | J33: 0 | K33: 0 | L33: 0
A34: =+A33+1 -> 24 | B34: =+Base40h!B34 -> 44378 | C34: 0 | D34: 0 | E34: 0 | F34: 0 | G34: 0 | H34: 0 | I34: 0 | J34: 0 | K34: 0.0875 | L34: 0
A35: =+A34+1 -> 25 | B35: =+Base40h!B35 -> 44409 | C35: 0 | D35: 0 | E35: 0 | F35: 0 | G35: 0 | H35: 0 | I35: 0 | J35: 0 | K35: 0 | L35: 0
A36: =+A35+1 -> 26 | B36: =+Base40h!B36 -> 44440 | C36: 0.57 | D36: 0.715 | E36: 0.87291667 | F36: 0.9725 | G36: 1.2675 | H36: 0.76333333 | I36: 5.3295833 | J36: 4.3554167 | K36: 6.345 | L36: 2.5229167
A37: =+A36+1 -> 27 | B37: =+Base40h!B37 -> 44470 | C37: 66.47 | D37: 61.117083 | E37: 50.815417 | F37: 60.362917 | G37: 82.42625 | H37: 64.225 | I37: 103.22208 | J37: 119.99917 | K37: 99.53125 | L37: 104.39625
A38: =+A37+1 -> 28 | B38: =+Base40h!B38 -> 44501 | C38: 248.14583 | D38: 235.93083 | E38: 209.74667 | F38: 231.74708 | G38: 277.64708 | H38: 243.3775 | I38: 312.58875 | J38: 353.61875 | K38: 345.30167 | L38: 304.16875
A39: =+A38+1 -> 29 | B39: =+Base40h!B39 -> 44531 | C39: 510.84333 | D39: 442.82 | E39: 423.94583 | F39: 465.82875 | G39: 503.35667 | H39: 493.19167 | I39: 582.505 | J39: 660.83583 | K39: 619.83875 | L39: 595.30125
A40: =+A39+1 -> 30 | B40: Annual | C40: =SUM(C28:C39) -> 2128.5162 | D40: =SUM(D28:D39) -> 1833.995 | E40: =SUM(E28:E39) -> 1707.35 | F40: =SUM(F28:F39) -> 1897.1279 | G40: =SUM(G28:G39) -> 2158.7079 | H40: =SUM(H28:H39) -> 2033.9883 | I40: =SUM(I28:I39) -> 2484.6604 | J40: =SUM(J28:J39) -> 2841.1917 | ... L40: =SUM(L28:L39) -> 2640.5508

Sheet Base50c
B1: =+Base40h!B1 -> PUC DOCKET NO.
B2: =+Base40h!B2 -> ONCOR ELECTRIC DELIVERY COMPANY LLC
B3: =+Base40h!B3 -> WEATHER STATION DATA
B4: =+Base40h!B4 -> FOR THE TEST YEAR ENDING DECEMBER 31, 2021
B6: =+Base40h!B6 -> SPONSOR: D. E. NELSON
B9: Calendar Actual Cooling Degree Days by Weather Sites (Base 50)
A10: Line No. | C10: Dallas/ Fort Worth (MX) | D10: Lufkin (LU) | E10: Austin (AU) | F10: Killeen (KI) | G10: Longview (LO) | H10: Waco (WO) | I10: Abilene (AE) | J10: Wichita Falls (WF) | K10: Midland/ Odessa (MO) | L10: Denison (DE)
A11: 1 | B11: =+Base40h!B11 -> 44197 | C11: 36.2 | D11: 108.7 | E11: 149.3 | F11: 83.9 | G11: 40.4 | H11: 68.7 | I11: 28.8 | J11: 12.5 | K11: 20 | L11: 17.7
A12: =+A11+1 -> 2 | B12: =+Base40h!B12 -> 44228 | C12: 71 | D12: 133.8 | E12: 149.2 | F12: 109.2 | G12: 73.8 | H12: 97.5 | I12: 75 | J12: 26.8 | K12: 67.9 | L12: 45.4
A13: =+A12+1 -> 3 | B13: =+Base40h!B13 -> 44256 | C13: 346.8 | D13: 357.6 | E13: 406.1 | F13: 346.4 | G13: 291.5 | H13: 337.4 | I13: 285 | J13: 235.3 | K13: 249 | L13: 282.7
A14: =+A13+1 -> 4 | B14: =+Base40h!B14 -> 44287 | C14: 441.9 | D14: 456.8 | E14: 462.4 | F14: 450.7 | G14: 381.9 | H14: 449 | I14: 369.3 | J14: 313.7 | K14: 346.7 | L14: 338.2
A15: =+A14+1 -> 5 | B15: =+Base40h!B15 -> 44317 | C15: 656.1 | D15: 699.6 | E15: 678.9 | F15: 652.6 | G15: 624.9 | H15: 676.1 | I15: 614.8 | J15: 568.4 | K15: 646.5 | L15: 560.4
A16: =+A15+1 -> 6 | B16: =+Base40h!B16 -> 44348 | C16: 957 | D16: 930.2 | E16: 888.4 | F16: 897.1 | G16: 876.9 | H16: 934.4 | I16: 894.2 | J16: 870.8 | K16: 890.4 | L16: 878.8
A17: =+A16+1 -> 7 | B17: =+Base40h!B17 -> 44378 | C17: 1067.6 | D17: 972.2 | E17: 925 | F17: 952.8 | G17: 939.8 | H17: 1004.8 | I17: 983.4 | J17: 980.7 | K17: 897.2 | L17: 988.2
A18: =+A17+1 -> 8 | B18: =+Base40h!B18 -> 44409 | C18: 1074.4 | D18: 1024.9 | E18: 974.1 | F18: 1025.9 | G18: 964.3 | H18: 1055 | I18: 1019.6 | J18: 998.4 | K18: 900.2 | L18: 993.3
A19: =+A18+1 -> 9 | B19: =+Base40h!B19 -> 44440 | C19: 914.4 | D19: 840.7 | E19: 841.6 | F19: 880.8 | G19: 783.1 | H19: 886 | I19: 875.9 | J19: 842.2 | K19: 825.4 | L19: 836
A20: =+A19+1 -> 10 | B20: =+Base40h!B20 -> 44470 | C20: 675.3 | D20: 678.5 | E20: 651.1 | F20: 651.4 | G20: 641.7 | H20: 661.5 | I20: 615.2 | J20: 551.9 | K20: 566.1 | L20: 562.6
A21: =+A20+1 -> 11 | B21: =+Base40h!B21 -> 44501 | C21: 231.3 | D21: 218.5 | E21: 252.1 | F21: 242.4 | G21: 193.5 | H21: 243.1 | I21: 223.8 | J21: 157.7 | K21: 179.1 | L21: 173.2
A22: =+A21+1 -> 12 | B22: =+Base40h!B22 -> 44531 | C22: 357.3 | D22: 435.4 | E22: 403.9 | F22: 393.4 | G22: 386.9 | H22: 394.7 | I22: 324.8 | J22: 223.9 | K22: 213.4 | L22: 294.5
A23: =+A22+1 -> 13 | B23: Annual | C23: =SUM(C11:C22) -> 6829.3 | D23: =SUM(D11:D22) -> 6856.9 | E23: =SUM(E11:E22) -> 6782.1 | F23: =SUM(F11:F22) -> 6686.6 | G23: =SUM(G11:G22) -> 6198.7 | H23: =SUM(H11:H22) -> 6808.2 | I23: =SUM(I11:I22) -> 6309.8 | J23: =SUM(J11:J22) -> 5782.3 | ... L23: =SUM(L11:L22) -> 5971
A24: =+A23+1 -> 14
A25: =+A24+1 -> 15
A26: =+A25+1 -> 16 | B26: Calendar Normal Cooling Degree Days by Weather Sites (Base 50)
A27: =+A26+1 -> 17 | C27: Dallas/ Fort Worth (MX) | D27: Lufkin (LU) | E27: Austin (AU) | F27: Killeen (KI) | G27: Longview (LO) | H27: Waco (WO) | I27: Abilene (AE) | J27: Wichita Falls (WF) | K27: Midland/ Odessa (MO) | L27: Denison (DE)
A28: =+A27+1 -> 18 | B28: =+Base40h!B28 -> 44197 | C28: 77.799583 | D28: 115.20167 | E28: 117.70917 | F28: 102.36708 | G28: 89.903333 | H28: 83.234583 | I28: 61.088333 | J28: 38.63875 | K28: 38.994583 | L28: 49.829583
A29: =+A28+1 -> 19 | B29: =+Base40h!B29 -> 44228 | C29: 121.67208 | D29: 157.71542 | E29: 173.88 | F29: 149.58167 | G29: 121.60167 | H29: 130.19625 | I29: 104.11167 | J29: 68.349583 | K29: 92.795 | L29: 80.1575
A30: =+A29+1 -> 20 | B30: =+Base40h!B30 -> 44256 | C30: 313.63542 | D30: 345.06292 | E30: 367.99333 | F30: 337.78 | G30: 298.15042 | H30: 318.26792 | I30: 274.66875 | J30: 234.75208 | K30: 273.86167 | L30: 232.48625
A31: =+A30+1 -> 21 | B31: =+Base40h!B31 -> 44287 | C31: 504.86625 | D31: 525.31083 | E31: 558.50375 | F31: 528.66167 | G31: 481.90167 | H31: 512.11208 | I31: 468.83958 | J31: 428.88125 | K31: 497.21417 | L31: 414.49917
A32: =+A31+1 -> 22 | B32: =+Base40h!B32 -> 44317 | C32: 759.13792 | D32: 754.18583 | E32: 793.68958 | F32: 759.36417 | G32: 724.2825 | H32: 760.32917 | I32: 711.87333 | J32: 692.08375 | K32: 759.47792 | L32: 664.00875
A33: =+A32+1 -> 23 | B33: =+Base40h!B33 -> 44348 | C33: 976.7675 | D33: 911.6175 | E33: 957.34792 | F33: 945.775 | G33: 905.61333 | H33: 964.25417 | I33: 915.5775 | J33: 927.98458 | K33: 967.6154 | L33: 904.12292
A34: =+A33+1 -> 24 | B34: =+Base40h!B34 -> 44378 | C34: 1111.9583 | D34: 997.52125 | E34: 1039.9596 | F34: 1057.315 | G34: 1018.3888 | H34: 1091.3571 | I34: 1032.4404 | J34: 1077.7796 | K34: 1032.6067 | L34: 1047.5158
A35: =+A34+1 -> 25 | B35: =+Base40h!B35 -> 44409 | C35: 1123.5142 | D35: 1012.0125 | E35: 1069.1804 | F35: 1078.5837 | G35: 1026.1329 | H35: 1105.6271 | I35: 1027.0542 | J35: 1061.8908 | K35: 1013.7554 | L35: 1045.59
A36: =+A35+1 -> 26 | B36: =+Base40h!B36 -> 44440 | C36: 874.33833 | D36: 824.6425 | E36: 854.985 | F36: 840.75042 | G36: 813.57167 | H36: 860.3875 | I36: 765.62292 | J36: 781.94708 | K36: 757.84958 | L36: 791.89
A37: =+A36+1 -> 27 | B37: =+Base40h!B37 -> 44470 | C37: 564.31917 | D37: 554.23125 | E37: 599.21125 | F37: 574.05 | G37: 510.30833 | H37: 570.545 | I37: 491.24542 | J37: 456.93708 | K37: 486.73208 | L37: 481.17833
A38: =+A37+1 -> 28 | B38: =+Base40h!B38 -> 44501 | C38: 266.60333 | D38: 279.56417 | E38: 315.15708 | F38: 286.26833 | G38: 240.00333 | H38: 275.61625 | I38: 214.17292 | J38: 177.33333 | K38: 176.82833 | L38: 214.40167
A39: =+A38+1 -> 29 | B39: =+Base40h!B39 -> 44531 | C39: 100.28167 | D39: 139.13583 | E39: 144.17375 | F39: 121.32375 | G39: 109.17333 | H39: 106.81542 | I39: 74.954583 | J39: 42.94375 | K39: 45.27625 | L39: 66.677083
A40: =+A39+1 -> 30 | B40: Annual | C40: =SUM(C28:C39) -> 6794.8937 | D40: =SUM(D28:D39) -> 6616.2017 | E40: =SUM(E28:E39) -> 6991.7908 | F40: =SUM(F28:F39) -> 6781.8208 | G40: =SUM(G28:G39) -> 6339.0312 | H40: =SUM(H28:H39) -> 6778.7425 | I40: =SUM(I28:I39) -> 6141.6496 | J40: =SUM(J28:J39) -> 5989.5217 | ... L40: =SUM(L28:L39) -> 5992.3571

Sheet Base55c
B1: =+Base40h!B1 -> PUC DOCKET NO.
B2: =+Base40h!B2 -> ONCOR ELECTRIC DELIVERY COMPANY LLC
B3: =+Base40h!B3 -> WEATHER STATION DATA
B4: =+Base40h!B4 -> FOR THE TEST YEAR ENDING DECEMBER 31, 2021
B6: =+Base40h!B6 -> SPONSOR: D. E. NELSON
B9: Calendar Actual Cooling Degree Days by Weather Sites (Base 55)
A10: Line No. | C10: Dallas/ Fort Worth (MX) | D10: Lufkin (LU) | E10: Austin (AU) | F10: Killeen (KI) | G10: Longview (LO) | H10: Waco (WO) | I10: Abilene (AE) | J10: Wichita Falls (WF) | K10: Midland/ Odessa (MO) | L10: Denison (DE)
A11: 1 | B11: =+Base40h!B11 -> 44197 | C11: 12.4 | D11: 45.8 | E11: 70 | F11: 29.3 | G11: 12.2 | H11: 25.8 | I11: 10.3 | J11: 4.3 | K11: 4.5 | L11: 5.7
A12: =+A11+1 -> 2 | B12: =+Base40h!B12 -> 44228 | C12: 30.6 | D12: 78.3 | E12: 77.4 | F12: 57.6 | G12: 39.5 | H12: 49.9 | I12: 30.5 | J12: 1.8 | K12: 23.3 | L12: 16.9
A13: =+A12+1 -> 3 | B13: =+Base40h!B13 -> 44256 | C13: 209.9 | D13: 229.9 | E13: 257.8 | F13: 210.7 | G13: 179.7 | H13: 208.6 | I13: 158.5 | J13: 123.2 | K13: 132.5 | L13: 153.6
A14: =+A13+1 -> 4 | B14: =+Base40h!B14 -> 44287 | C14: 296.6 | D14: 312.4 | E14: 317.2 | F14: 307.9 | G14: 248 | H14: 307.1 | I14: 239.9 | J14: 192.9 | K14: 228.6 | L14: 207.1
A15: =+A14+1 -> 5 | B15: =+Base40h!B15 -> 44317 | C15: 501.1 | D15: 544.6 | E15: 523.9 | F15: 497.6 | G15: 469.9 | H15: 521.1 | I15: 459.8 | J15: 413.4 | K15: 491.5 | L15: 405.4
A16: =+A15+1 -> 6 | B16: =+Base40h!B16 -> 44348 | C16: 807 | D16: 780.2 | E16: 738.4 | F16: 747.1 | G16: 726.9 | H16: 784.4 | I16: 744.2 | J16: 720.8 | K16: 740.4 | L16: 728.8
A17: =+A16+1 -> 7 | B17: =+Base40h!B17 -> 44378 | C17: 912.6 | D17: 817.2 | E17: 770 | F17: 797.8 | G17: 784.8 | H17: 849.8 | I17: 828.4 | J17: 825.7 | K17: 742.2 | L17: 833.2
A18: =+A17+1 -> 8 | B18: =+Base40h!B18 -> 44409 | C18: 919.4 | D18: 869.9 | E18: 819.1 | F18: 870.9 | G18: 809.3 | H18: 900 | I18: 864.6 | J18: 843.4 | K18: 745.2 | L18: 838.3
A19: =+A18+1 -> 9 | B19: =+Base40h!B19 -> 44440 | C19: 764.4 | D19: 690.7 | E19: 691.6 | F19: 730.8 | G19: 633.1 | H19: 736 | I19: 725.9 | J19: 692.2 | K19: 675.4 | L19: 686
A20: =+A19+1 -> 10 | B20: =+Base40h!B20 -> 44470 | C20: 520.3 | D20: 523.5 | E20: 496.1 | F20: 496.4 | G20: 486.7 | H20: 506.5 | I20: 460.2 | J20: 396.9 | K20: 411.3 | L20: 408.1
A21: =+A20+1 -> 11 | B21: =+Base40h!B21 -> 44501 | C21: 118.7 | D21: 114.2 | E21: 135.5 | F21: 128.8 | G21: 94.2 | H21: 134.4 | I21: 119.6 | J21: 72 | K21: 79.5 | L21: 86.6
A22: =+A21+1 -> 12 | B22: =+Base40h!B22 -> 44531 | C22: 244 | D22: 309.3 | E22: 274.6 | F22: 269 | G22: 275.1 | H22: 271.7 | I22: 214.6 | J22: 123.9 | K22: 104.5 | L22: 189.8
A23: =+A22+1 -> 13 | B23: Annual | C23: =SUM(C11:C22) -> 5337 | D23: =SUM(D11:D22) -> 5316 | E23: =SUM(E11:E22) -> 5171.6 | F23: =SUM(F11:F22) -> 5143.9 | G23: =SUM(G11:G22) -> 4759.4 | H23: =SUM(H11:H22) -> 5295.3 | I23: =SUM(I11:I22) -> 4856.5 | J23: =SUM(J11:J22) -> 4410.5 | ... L23: =SUM(L11:L22) -> 4559.5
A24: =+A23+1 -> 14
A25: =+A24+1 -> 15
A26: =+A25+1 -> 16 | B26: Calendar Normal Cooling Degree Days by Weather Sites (Base 55)
A27: =+A26+1 -> 17 | C27: Dallas/ Fort Worth (MX) | D27: Lufkin (LU) | E27: Austin (AU) | F27: Killeen (KI) | G27: Longview (LO) | H27: Waco (WO) | I27: Abilene (AE) | J27: Wichita Falls (WF) | K27: Midland/ Odessa (MO) | L27: Denison (DE)
A28: =+A27+1 -> 18 | B28: =+Base40h!B28 -> 44197 | C28: 36.20375 | D28: 60.988333 | E28: 59.239167 | F28: 49.285833 | G28: 44.97 | H28: 39.314167 | I28: 24.344167 | J28: 15.40875 | K28: 9.8541667 | L28: 21.141667
A29: =+A28+1 -> 19 | B29: =+Base40h!B29 -> 44228 | C29: 65.918333 | D29: 87.937917 | E29: 98.526667 | F29: 82.425 | G29: 65.740833 | H29: 68.9875 | I29: 52.899583 | J29: 31.92625 | K29: 41.37125 | L29: 38.071667
A30: =+A29+1 -> 20 | B30: =+Base40h!B30 -> 44256 | C30: 194.56 | D30: 218.62625 | E30: 239.17875 | F30: 212.17417 | G30: 181.09167 | H30: 197.66667 | I30: 166.22333 | J30: 135.68 | K30: 163.64917 | L30: 132.49458
A31: =+A30+1 -> 21 | B31: =+Base40h!B31 -> 44287 | C31: 362.90833 | D31: 379.60208 | E31: 411.45875 | F31: 383.77292 | G31: 339.41875 | H31: 368.63833 | I31: 331.59875 | J31: 293.58958 | K31: 357.51167 | L31: 278.91542
A32: =+A31+1 -> 22 | B32: =+Base40h!B32 -> 44317 | C32: 604.71167 | D32: 599.23583 | E32: 638.84458 | F32: 604.73917 | G32: 569.6225 | H32: 605.74417 | I32: 558.39292 | J32: 538.76667 | K32: 605.95125 | L32: 511.01875
A33: =+A32+1 -> 23 | B33: =+Base40h!B33 -> 44348 | C33: 826.7675 | D33: 761.6175 | E33: 807.34792 | F33: 795.775 | G33: 755.61333 | H33: 814.25417 | I33: 765.5775 | J33: 777.98458 | K33: 817.6154 | L33: 754.12292
A34: =+A33+1 -> 24 | B34: =+Base40h!B34 -> 44378 | C34: 956.95833 | D34: 842.52125 | E34: 884.95958 | F34: 902.315 | G34: 863.38875 | H34: 936.35708 | I34: 877.44042 | J34: 922.77958 | K34: 877.60667 | L34: 892.51583
A35: =+A34+1 -> 25 | B35: =+Base40h!B35 -> 44409 | C35: 968.51417 | D35: 857.0125 | E35: 914.18042 | F35: 923.58375 | G35: 871.13292 | H35: 950.62708 | I35: 872.05417 | J35: 906.89083 | K35: 858.75542 | L35: 890.59
A36: =+A35+1 -> 26 | B36: =+Base40h!B36 -> 44440 | C36: 724.33833 | D36: 674.6425 | E36: 704.985 | F36: 690.75042 | G36: 663.57167 | H36: 710.3875 | I36: 615.97292 | J36: 632.02208 | K36: 608.46958 | L36: 641.89
A37: =+A36+1 -> 27 | B37: =+Base40h!B37 -> 44470 | C37: 415.47083 | D37: 403.32708 | E37: 447.87958 | F37: 424.55167 | G37: 363.21417 | H37: 421.29292 | I37: 350.27625 | J37: 316.87042 | K37: 344.7125 | L37: 338.06917
A38: =+A37+1 -> 28 | B38: =+Base40h!B38 -> 44501 | C38: 159.94917 | D38: 171.02 | E38: 199.60542 | F38: 176.03542 | G38: 141.04417 | H38: 168.34833 | I38: 120.02917 | J38: 93.621667 | K38: 88.613333 | L38: 120.14292
A39: =+A38+1 -> 29 | B39: =+Base40h!B39 -> 44531 | C39: 47.815 | D39: 77.045417 | E39: 77.874167 | F39: 62.16375 | G39: 57.710417 | H39: 53.539167 | I39: 29.855417 | J39: 15.32125 | K39: 13.881667 | L39: 27.839167
A40: =+A39+1 -> 30 | B40: Annual | C40: =SUM(C28:C39) -> 5364.1154 | D40: =SUM(D28:D39) -> 5133.5767 | E40: =SUM(E28:E39) -> 5484.08 | F40: =SUM(F28:F39) -> 5307.5721 | G40: =SUM(G28:G39) -> 4916.5192 | H40: =SUM(H28:H39) -> 5335.1571 | I40: =SUM(I28:I39) -> 4764.6646 | J40: =SUM(J28:J39) -> 4680.8617 | ... L40: =SUM(L28:L39) -> 4646.8121

Sheet Base60c
B1: =+Base40h!B1 -> PUC DOCKET NO.
B2: =+Base40h!B2 -> ONCOR ELECTRIC DELIVERY COMPANY LLC
B3: =+Base40h!B3 -> WEATHER STATION DATA
B4: =+Base40h!B4 -> FOR THE TEST YEAR ENDING DECEMBER 31, 2021
B6: =+Base40h!B6 -> SPONSOR: D. E. NELSON
B9: Calendar Actual Cooling Degree Days by Weather Sites (Base 60)
A10: Line No. | C10: Dallas/ Fort Worth (MX) | D10: Lufkin (LU) | E10: Austin (AU) | F10: Killeen (KI) | G10: Longview (LO) | H10: Waco (WO) | I10: Abilene (AE) | J10: Wichita Falls (WF) | K10: Midland/ Odessa (MO) | L10: Denison (DE)
A11: 1 | B11: =+Base40h!B11 -> 44197 | C11: 2.4 | D11: 11.5 | E11: 22.7 | F11: 11.8 | G11: 4.3 | H11: 8.7 | I11: 0.6 | J11: 0 | K11: 0 | L11: 0
A12: =+A11+1 -> 2 | B12: =+Base40h!B12 -> 44228 | C12: 7.9 | D12: 41 | E12: 38.9 | F12: 23.4 | G12: 16.3 | H12: 18.3 | I12: 8.8 | J12: 0 | K12: 2.9 | L12: 2.3
A13: =+A12+1 -> 3 | B13: =+Base40h!B13 -> 44256 | C13: 102.9 | D13: 134.3 | E13: 140.4 | F13: 99.5 | G13: 88.6 | H13: 100.8 | I13: 74.1 | J13: 52 | K13: 58.2 | L13: 66.7
A14: =+A13+1 -> 4 | B14: =+Base40h!B14 -> 44287 | C14: 173.4 | D14: 192.4 | E14: 197.1 | F14: 188.2 | G14: 141 | H14: 186.5 | I14: 143 | J14: 97.3 | K14: 139.2 | L14: 107.3
A15: =+A14+1 -> 5 | B15: =+Base40h!B15 -> 44317 | C15: 349.3 | D15: 389.6 | E15: 368.9 | F15: 342.7 | G15: 315.7 | H15: 366.1 | I15: 313.3 | J15: 269.4 | K15: 339.7 | L15: 260.6
A16: =+A15+1 -> 6 | B16: =+Base40h!B16 -> 44348 | C16: 657 | D16: 630.2 | E16: 588.4 | F16: 597.1 | G16: 576.9 | H16: 634.4 | I16: 594.2 | J16: 570.8 | K16: 590.4 | L16: 578.8
A17: =+A16+1 -> 7 | B17: =+Base40h!B17 -> 44378 | C17: 757.6 | D17: 662.2 | E17: 615 | F17: 642.8 | G17: 629.8 | H17: 694.8 | I17: 673.4 | J17: 670.7 | K17: 587.2 | L17: 678.2
A18: =+A17+1 -> 8 | B18: =+Base40h!B18 -> 44409 | C18: 764.4 | D18: 714.9 | E18: 664.1 | F18: 715.9 | G18: 654.3 | H18: 745 | I18: 709.6 | J18: 688.4 | K18: 590.2 | L18: 683.3
A19: =+A18+1 -> 9 | B19: =+Base40h!B19 -> 44440 | C19: 614.4 | D19: 540.7 | E19: 541.6 | F19: 580.8 | G19: 483.1 | H19: 586 | I19: 575.9 | J19: 542.2 | K19: 525.4 | L19: 536
A20: =+A19+1 -> 10 | B20: =+Base40h!B20 -> 44470 | C20: 365.3 | D20: 373.6 | E20: 343.2 | F20: 343.7 | G20: 339 | H20: 355.8 | I20: 311.4 | J20: 253.9 | K20: 270.7 | L20: 263.7
A21: =+A20+1 -> 11 | B21: =+Base40h!B21 -> 44501 | C21: 49.3 | D21: 44.6 | E21: 59.8 | F21: 57.3 | G21: 36.4 | H21: 60.9 | I21: 48.7 | J21: 23 | K21: 25.7 | L21: 29
A22: =+A21+1 -> 12 | B22: =+Base40h!B22 -> 44531 | C22: 144 | D22: 197.7 | E22: 158.7 | F22: 162 | G22: 166.6 | H22: 166.8 | I22: 113 | J22: 53.1 | K22: 34.8 | L22: 95.1
A23: =+A22+1 -> 13 | B23: Annual | C23: =SUM(C11:C22) -> 3987.9 | D23: =SUM(D11:D22) -> 3932.7 | E23: =SUM(E11:E22) -> 3738.8 | F23: =SUM(F11:F22) -> 3765.2 | G23: =SUM(G11:G22) -> 3452 | H23: =SUM(H11:H22) -> 3924.1 | I23: =SUM(I11:I22) -> 3566 | J23: =SUM(J11:J22) -> 3220.8 | ... L23: =SUM(L11:L22) -> 3301
A24: =+A23+1 -> 14
A25: =+A24+1 -> 15
A26: =+A25+1 -> 16 | B26: Calendar Normal Cooling Degree Days by Weather Sites (Base 60)
A27: =+A26+1 -> 17 | C27: Dallas/ Fort Worth (MX) | D27: Lufkin (LU) | E27: Austin (AU) | F27: Killeen (KI) | G27: Longview (LO) | H27: Waco (WO) | I27: Abilene (AE) | J27: Wichita Falls (WF) | K27: Midland/ Odessa (MO) | L27: Denison (DE)
A28: =+A27+1 -> 18 | B28: =+Base40h!B28 -> 44197 | C28: 13.692917 | D28: 26.631667 | E28: 25.655417 | F28: 19.305417 | G28: 18.51 | H28: 14.71 | I28: 6.4425 | J28: 3.6620833 | K28: 1.1341667 | L28: 6.6504167
A29: =+A28+1 -> 19 | B29: =+Base40h!B29 -> 44228 | C29: 29.371667 | D29: 40.569583 | E29: 47.99375 | F29: 36.9425 | G29: 28.78375 | H29: 29.38125 | I29: 20.1325 | J29: 10.985 | K29: 13.127083 | L29: 14.264583
A30: =+A29+1 -> 20 | B30: =+Base40h!B30 -> 44256 | C30: 103.75875 | D30: 117.61208 | E30: 133.33083 | F30: 112.94167 | G30: 93.2475 | H30: 103.59958 | I30: 85.892083 | J30: 68.384583 | K30: 83.000417 | L30: 62.86
A31: =+A30+1 -> 21 | B31: =+Base40h!B31 -> 44287 | C31: 230.67 | D31: 243.08708 | E31: 272.59083 | F31: 248.365 | G31: 208.91875 | H31: 235.18167 | I31: 208.02083 | J31: 176.18 | K31: 230.08292 | L31: 162.97125
A32: =+A31+1 -> 22 | B32: =+Base40h!B32 -> 44317 | C32: 452.05542 | D32: 444.88542 | E32: 484.54667 | F32: 451.26792 | G32: 416.17333 | H32: 452.275 | I32: 408.51708 | J32: 389.09208 | K32: 455.85458 | L32: 361.2425
A33: =+A32+1 -> 23 | B33: =+Base40h!B33 -> 44348 | C33: 676.7675 | D33: 611.6175 | E33: 657.34792 | F33: 645.775 | G33: 605.61333 | H33: 664.25417 | I33: 615.5775 | J33: 627.98458 | K33: 667.6154 | L33: 604.12292
A34: =+A33+1 -> 24 | B34: =+Base40h!B34 -> 44378 | C34: 801.95833 | D34: 687.52125 | E34: 729.95958 | F34: 747.315 | G34: 708.38875 | H34: 781.35708 | I34: 722.44042 | J34: 767.77958 | K34: 722.60667 | L34: 737.51583
A35: =+A34+1 -> 25 | B35: =+Base40h!B35 -> 44409 | C35: 813.51417 | D35: 702.0125 | E35: 759.18042 | F35: 768.58375 | G35: 716.13292 | H35: 795.62708 | I35: 717.05417 | J35: 751.89083 | K35: 703.75542 | L35: 735.59
A36: =+A35+1 -> 26 | B36: =+Base40h!B36 -> 44440 | C36: 574.33833 | D36: 524.6425 | E36: 554.985 | F36: 540.79042 | G36: 513.58625 | H36: 560.3875 | I36: 466.74375 | J36: 482.58208 | K36: 459.48458 | L36: 491.91042
A37: =+A36+1 -> 27 | B37: =+Base40h!B37 -> 44470 | C37: 278.23417 | D37: 266.41208 | E37: 306.70625 | F37: 286.20542 | G37: 232.23625 | H37: 284.10417 | I37: 222.27625 | J37: 195.14292 | K37: 216.11417 | L37: 213.5275
A38: =+A37+1 -> 28 | B38: =+Base40h!B38 -> 44501 | C38: 80.37375 | D38: 90.37875 | E38: 111.165 | F38: 91.677917 | G38: 69.397917 | H38: 87.184583 | I38: 53.417917 | J38: 39.226667 | K38: 34.000833 | L38: 53.549167
A39: =+A38+1 -> 29 | B39: =+Base40h!B39 -> 44531 | C39: 18.52625 | D39: 36.39875 | E39: 35.627917 | F39: 24.44625 | G39: 24.229583 | H39: 20.349583 | I39: 8.6904167 | J39: 4.5125 | K39: 2.2020833 | L39: 9.10375
A40: =+A39+1 -> 30 | B40: Annual | C40: =SUM(C28:C39) -> 4073.2613 | D40: =SUM(D28:D39) -> 3791.7692 | E40: =SUM(E28:E39) -> 4119.0896 | F40: =SUM(F28:F39) -> 3973.6163 | G40: =SUM(G28:G39) -> 3635.2183 | H40: =SUM(H28:H39) -> 4028.4117 | I40: =SUM(I28:I39) -> 3535.2054 | J40: =SUM(J28:J39) -> 3517.4229 | ... L40: =SUM(L28:L39) -> 3453.3083

Sheet Base65c
B1: =+Base40h!B1 -> PUC DOCKET NO.
B2: =+Base40h!B2 -> ONCOR ELECTRIC DELIVERY COMPANY LLC
B3: =+Base40h!B3 -> WEATHER STATION DATA
B4: =+Base40h!B4 -> FOR THE TEST YEAR ENDING DECEMBER 31, 2021
B6: =+Base40h!B6 -> SPONSOR: D. E. NELSON
B9: Calendar Actual Cooling Degree Days by Weather Sites (Base 65)
A10: Line No. | C10: Dallas/ Fort Worth (MX) | D10: Lufkin (LU) | E10: Austin (AU) | F10: Killeen (KI) | G10: Longview (LO) | H10: Waco (WO) | I10: Abilene (AE) | J10: Wichita Falls (WF) | K10: Midland/ Odessa (MO) | L10: Denison (DE)
A11: 1 | B11: =+Base40h!B11 -> 44197 | C11: 0 | D11: 3.3 | E11: 2.8 | F11: 0.2 | G11: 0 | H11: 0 | I11: 0 | J11: 0 | K11: 0 | L11: 0
A12: =+A11+1 -> 2 | B12: =+Base40h!B12 -> 44228 | C12: 0 | D12: 17.7 | E12: 18.7 | F12: 3.3 | G12: 6.3 | H12: 1.5 | I12: 0 | J12: 0 | K12: 0 | L12: 0
A13: =+A12+1 -> 3 | B13: =+Base40h!B13 -> 44256 | C13: 38.2 | D13: 52.7 | E13: 56.4 | F13: 35.1 | G13: 32.8 | H13: 37.6 | I13: 17.2 | J13: 13.2 | K13: 11.9 | L13: 21.1
A14: =+A13+1 -> 4 | B14: =+Base40h!B14 -> 44287 | C14: 78.2 | D14: 94.6 | E14: 99.2 | F14: 93.5 | G14: 56.7 | H14: 92.9 | I14: 73.9 | J14: 36.3 | K14: 72.5 | L14: 34.7
A15: =+A14+1 -> 5 | B15: =+Base40h!B15 -> 44317 | C15: 209.3 | D15: 236.6 | E15: 215.7 | F15: 197.9 | G15: 171.1 | H15: 219.5 | I15: 179.9 | J15: 139.2 | K15: 206.8 | L15: 129.2
A16: =+A15+1 -> 6 | B16: =+Base40h!B16 -> 44348 | C16: 507 | D16: 480.2 | E16: 438.4 | F16: 447.1 | G16: 426.9 | H16: 484.4 | I16: 444.2 | J16: 420.8 | K16: 440.4 | L16: 428.8
A17: =+A16+1 -> 7 | B17: =+Base40h!B17 -> 44378 | C17: 602.6 | D17: 507.2 | E17: 460 | F17: 487.8 | G17: 474.8 | H17: 539.8 | I17: 518.4 | J17: 515.7 | K17: 432.2 | L17: 523.2
A18: =+A17+1 -> 8 | B18: =+Base40h!B18 -> 44409 | C18: 609.4 | D18: 559.9 | E18: 509.1 | F18: 560.9 | G18: 499.3 | H18: 590 | I18: 554.6 | J18: 533.4 | K18: 435.2 | L18: 528.3
A19: =+A18+1 -> 9 | B19: =+Base40h!B19 -> 44440 | C19: 464.4 | D19: 390.7 | E19: 391.6 | F19: 430.8 | G19: 333.1 | H19: 436 | I19: 425.9 | J19: 392.2 | K19: 375.4 | L19: 386
A20: =+A19+1 -> 10 | B20: =+Base40h!B20 -> 44470 | C20: 227 | D20: 244.5 | E20: 211.7 | F20: 210.6 | G20: 214 | H20: 225.9 | I20: 185.9 | J20: 139.8 | K20: 154 | L20: 141.7
A21: =+A20+1 -> 11 | B21: =+Base40h!B21 -> 44501 | C21: 12.7 | D21: 9.9 | E21: 17.1 | F21: 13.5 | G21: 10.5 | H21: 18.2 | I21: 10.1 | J21: 4.4 | K21: 1.3 | L21: 5.2
A22: =+A21+1 -> 12 | B22: =+Base40h!B22 -> 44531 | C22: 57.5 | D22: 102.8 | E22: 70.2 | F22: 68 | G22: 79.5 | H22: 77.1 | I22: 40.3 | J22: 19.4 | K22: 3.7 | L22: 24.8
A23: =+A22+1 -> 13 | B23: Annual | C23: =SUM(C11:C22) -> 2806.3 | D23: =SUM(D11:D22) -> 2700.1 | E23: =SUM(E11:E22) -> 2490.9 | F23: =SUM(F11:F22) -> 2548.7 | G23: =SUM(G11:G22) -> 2305 | H23: =SUM(H11:H22) -> 2722.9 | I23: =SUM(I11:I22) -> 2450.4 | J23: =SUM(J11:J22) -> 2214.4 | ... L23: =SUM(L11:L22) -> 2223
A24: =+A23+1 -> 14
A25: =+A24+1 -> 15
A26: =+A25+1 -> 16 | B26: Calendar Normal Cooling Degree Days by Weather Sites (Base 65)
A27: =+A26+1 -> 17 | C27: Dallas/ Fort Worth (MX) | D27: Lufkin (LU) | E27: Austin (AU) | F27: Killeen (KI) | G27: Longview (LO) | H27: Waco (WO) | I27: Abilene (AE) | J27: Wichita Falls (WF) | K27: Midland/ Odessa (MO) | L27: Denison (DE)
A28: =+A27+1 -> 18 | B28: =+Base40h!B28 -> 44197 | C28: 3.4345833 | D28: 8.6408333 | E28: 7.9408333 | F28: 4.7654167 | G28: 5.3925 | H28: 3.5295833 | I28: 0.37916667 | J28: 0.50333333 | K28: 0 | L28: 0.91041667
A29: =+A28+1 -> 19 | B29: =+Base40h!B29 -> 44228 | C29: 8.9045833 | D29: 13.10625 | E29: 17.33875 | F29: 10.512083 | G29: 9.2391667 | H29: 8.0916667 | I29: 4.0941667 | J29: 2.9483333 | K29: 2.26 | L29: 3.3029167
A30: =+A29+1 -> 20 | B30: =+Base40h!B30 -> 44256 | C30: 42.8025 | D30: 49.291667 | E30: 58.866667 | F30: 45.27875 | G30: 36.629167 | H30: 40.106667 | I30: 33.183333 | J30: 26.204583 | K30: 30.530417 | L30: 21.307083
A31: =+A30+1 -> 21 | B31: =+Base40h!B31 -> 44287 | C31: 118.9125 | D31: 126.58833 | E31: 149.52292 | F31: 131.66958 | G31: 102.66292 | H31: 123.15 | I31: 108.88833 | J31: 86.59875 | K31: 123.69458 | L31: 73.900833
A32: =+A31+1 -> 22 | B32: =+Base40h!B32 -> 44317 | C32: 304.54125 | D32: 294.42583 | E32: 333.17833 | F32: 301.83458 | G32: 269.6925 | H32: 303.74125 | I32: 267.755 | J32: 250.79167 | K32: 312.67833 | L32: 222.72917
A33: =+A32+1 -> 23 | B33: =+Base40h!B33 -> 44348 | C33: 526.7675 | D33: 461.6175 | E33: 507.34792 | F33: 495.775 | G33: 455.61333 | H33: 514.25417 | I33: 465.5775 | J33: 477.98458 | K33: 517.6154 | L33: 454.12292
A34: =+A33+1 -> 24 | B34: =+Base40h!B34 -> 44378 | C34: 646.95833 | D34: 532.52125 | E34: 574.95958 | F34: 592.315 | G34: 553.38875 | H34: 626.35708 | I34: 567.44042 | J34: 612.77958 | K34: 567.69417 | L34: 582.51583
A35: =+A34+1 -> 25 | B35: =+Base40h!B35 -> 44409 | C35: 658.51417 | D35: 547.0125 | E35: 604.18042 | F35: 613.58375 | G35: 561.13292 | H35: 640.62708 | I35: 562.05417 | J35: 596.89083 | K35: 548.75542 | L35: 580.59
A36: =+A35+1 -> 26 | B36: =+Base40h!B36 -> 44440 | C36: 424.90833 | D36: 375.3575 | E36: 405.85792 | F36: 391.72292 | G36: 364.83917 | H36: 411.15083 | I36: 320.9525 | J36: 336.3025 | K36: 314.12458 | L36: 344.41292
A37: =+A36+1 -> 27 | B37: =+Base40h!B37 -> 44470 | C37: 162.48708 | D37: 149.24333 | E37: 183.98167 | F37: 166.64792 | G37: 125.92292 | H37: 166.995 | I37: 120.19292 | J37: 102.73125 | K37: 112.62792 | L37: 115.54583
A38: =+A37+1 -> 28 | B38: =+Base40h!B38 -> 44501 | C38: 30.291667 | D38: 36.779583 | E38: 50.725417 | F38: 36.467083 | G38: 27.057083 | H38: 34.957083 | I38: 16.340417 | J38: 11.929167 | K38: 8.13875 | L38: 16.7675
A39: =+A38+1 -> 29 | B39: =+Base40h!B39 -> 44531 | C39: 5.8579167 | D39: 13.21 | E39: 11.725 | F39: 7.0558333 | G39: 7.6229167 | H39: 6.085 | I39: 1.0420833 | J39: 0.76458333 | K39: 0.066666667 | L39: 2.2895833
A40: =+A39+1 -> 30 | B40: Annual | C40: =SUM(C28:C39) -> 2934.3804 | D40: =SUM(D28:D39) -> 2607.7946 | E40: =SUM(E28:E39) -> 2905.6254 | F40: =SUM(F28:F39) -> 2797.6279 | G40: =SUM(G28:G39) -> 2519.1933 | H40: =SUM(H28:H39) -> 2879.0454 | I40: =SUM(I28:I39) -> 2467.9 | J40: =SUM(J28:J39) -> 2506.4292 | ... L40: =SUM(L28:L39) -> 2418.395

Sheet Base70c
B1: =+Base40h!B1 -> PUC DOCKET NO.
B2: =+Base40h!B2 -> ONCOR ELECTRIC DELIVERY COMPANY LLC
B3: =+Base40h!B3 -> WEATHER STATION DATA
B4: =+Base40h!B4 -> FOR THE TEST YEAR ENDING DECEMBER 31, 2021
B6: =+Base40h!B6 -> SPONSOR: D. E. NELSON
B9: Calendar Actual Cooling Degree Days by Weather Sites (Base 70)
A10: Line No. | C10: Dallas/ Fort Worth (MX) | D10: Lufkin (LU) | E10: Austin (AU) | F10: Killeen (KI) | G10: Longview (LO) | H10: Waco (WO) | I10: Abilene (AE) | J10: Wichita Falls (WF) | K10: Midland/ Odessa (MO) | L10: Denison (DE)
A11: 1 | B11: =+Base40h!B11 -> 44197 | C11: 0 | D11: 0 | E11: 0 | F11: 0 | G11: 0 | H11: 0 | I11: 0 | J11: 0 | K11: 0 | L11: 0
A12: =+A11+1 -> 2 | B12: =+Base40h!B12 -> 44228 | C12: 0 | D12: 4.3 | E12: 3.8 | F12: 0 | G12: 1.3 | H12: 0 | I12: 0 | J12: 0 | K12: 0 | L12: 0
A13: =+A12+1 -> 3 | B13: =+Base40h!B13 -> 44256 | C13: 5.9 | D13: 10.7 | E13: 15.5 | F13: 4.1 | G13: 2.7 | H13: 7.1 | I13: 0.3 | J13: 0 | K13: 0 | L13: 1.4
A14: =+A13+1 -> 4 | B14: =+Base40h!B14 -> 44287 | C14: 24.1 | D14: 28 | E14: 32.3 | F14: 28.2 | G14: 15.8 | H14: 29.8 | I14: 29.7 | J14: 6.3 | K14: 30.4 | L14: 2.1
A15: =+A14+1 -> 5 | B15: =+Base40h!B15 -> 44317 | C15: 87.8 | D15: 98 | E15: 90.1 | F15: 79.3 | G15: 60.4 | H15: 94.7 | I15: 69.5 | J15: 38.8 | K15: 91.9 | L15: 34.5
A16: =+A15+1 -> 6 | B16: =+Base40h!B16 -> 44348 | C16: 358.7 | D16: 330.2 | E16: 292.4 | F16: 299.8 | G16: 276.9 | H16: 334.4 | I16: 298.3 | J16: 276.8 | K16: 298.2 | L16: 286.1
A17: =+A16+1 -> 7 | B17: =+Base40h!B17 -> 44378 | C17: 447.6 | D17: 352.2 | E17: 305 | F17: 332.8 | G17: 319.8 | H17: 384.8 | I17: 363.4 | J17: 360.7 | K17: 277.2 | L17: 368.2
A18: =+A17+1 -> 8 | B18: =+Base40h!B18 -> 44409 | C18: 454.4 | D18: 404.9 | E18: 354.1 | F18: 405.9 | G18: 344.3 | H18: 435 | I18: 399.6 | J18: 378.4 | K18: 280.2 | L18: 373.3
A19: =+A18+1 -> 9 | B19: =+Base40h!B19 -> 44440 | C19: 314.4 | D19: 244.1 | E19: 247.3 | F19: 281.3 | G19: 192.2 | H19: 289 | I19: 278.4 | J19: 245.4 | K19: 231.2 | L19: 240.4
A20: =+A19+1 -> 10 | B20: =+Base40h!B20 -> 44470 | C20: 110.7 | D20: 129.4 | E20: 95.3 | F20: 93.8 | G20: 100.5 | H20: 108.3 | I20: 81.5 | J20: 51.7 | K20: 64.9 | L20: 44.7
A21: =+A20+1 -> 11 | B21: =+Base40h!B21 -> 44501 | C21: 0.4 | D21: 0.6 | E21: 0 | F21: 0.8 | G21: 0.8 | H21: 1.8 | I21: 0.3 | J21: 0 | K21: 0 | L21: 0
A22: =+A21+1 -> 12 | B22: =+Base40h!B22 -> 44531 | C22: 9.5 | D22: 27.9 | E22: 18.1 | F22: 11.2 | G22: 16.1 | H22: 16.7 | I22: 6.7 | J22: 3.8 | K22: 0 | L22: 3.3
A23: =+A22+1 -> 13 | B23: Annual | C23: =SUM(C11:C22) -> 1813.5 | D23: =SUM(D11:D22) -> 1630.3 | E23: =SUM(E11:E22) -> 1453.9 | F23: =SUM(F11:F22) -> 1537.2 | G23: =SUM(G11:G22) -> 1330.8 | H23: =SUM(H11:H22) -> 1701.6 | I23: =SUM(I11:I22) -> 1527.7 | J23: =SUM(J11:J22) -> 1361.9 | ... L23: =SUM(L11:L22) -> 1354
A24: =+A23+1 -> 14
A25: =+A24+1 -> 15
A26: =+A25+1 -> 16 | B26: Calendar Normal Cooling Degree Days by Weather Sites (Base 70)
A27: =+A26+1 -> 17 | C27: Dallas/ Fort Worth (MX) | D27: Lufkin (LU) | E27: Austin (AU) | F27: Killeen (KI) | G27: Longview (LO) | H27: Waco (WO) | I27: Abilene (AE) | J27: Wichita Falls (WF) | K27: Midland/ Odessa (MO) | L27: Denison (DE)
A28: =+A27+1 -> 18 | B28: =+Base40h!B28 -> 44197 | C28: 0.32958333 | D28: 1.1266667 | E28: 1.1983333 | F28: 0.36875 | G28: 0.2675 | H28: 0.13083333 | I28: 0 | J28: 0 | K28: 0 | L28: 0
A29: =+A28+1 -> 19 | B29: =+Base40h!B29 -> 44228 | C29: 1.4991667 | D29: 1.6125 | E29: 2.75125 | F29: 0.785 | G29: 1.2675 | H29: 0.575 | I29: 0.32 | J29: 0.2 | K29: 0.01 | L29: 0.215
A30: =+A29+1 -> 20 | B30: =+Base40h!B30 -> 44256 | C30: 10.568333 | D30: 10.83625 | E30: 15 | F30: 7.5683333 | G30: 7.1954167 | H30: 7.5483333 | I30: 6.29875 | J30: 5.5833333 | K30: 5.6904167 | L30: 3.17625
A31: =+A30+1 -> 21 | B31: =+Base40h!B31 -> 44287 | C31: 43.405417 | D31: 45.694583 | E31: 61.047917 | F31: 49.834583 | G31: 34.16 | H31: 45.091667 | I31: 42.368333 | J31: 30.560833 | K31: 48.590833 | L31: 21.42625
A32: =+A31+1 -> 22 | B32: =+Base40h!B32 -> 44317 | C32: 169.63958 | D32: 157.86167 | E32: 191.11375 | F32: 165.81042 | G32: 139.71708 | H32: 169.68833 | I32: 148.22792 | J32: 133.72292 | K32: 187.5725 | L32: 108.51208
A33: =+A32+1 -> 23 | B33: =+Base40h!B33 -> 44348 | C33: 376.7675 | D33: 311.6175 | E33: 357.34792 | F33: 345.775 | G33: 305.61333 | H33: 364.25417 | I33: 316.535 | J33: 328.35792 | K33: 367.99623 | L33: 304.62958
A34: =+A33+1 -> 24 | B34: =+Base40h!B34 -> 44378 | C34: 491.95833 | D34: 377.52125 | E34: 419.95958 | F34: 437.34 | G34: 398.49375 | H34: 471.35708 | I34: 412.88167 | J34: 458.29958 | K34: 413.95375 | L34: 427.93708
A35: =+A34+1 -> 25 | B35: =+Base40h!B35 -> 44409 | C35: 503.51417 | D35: 392.0625 | E35: 449.18042 | F35: 458.58375 | G35: 406.13292 | H35: 485.62708 | I35: 407.23 | J35: 441.91792 | K35: 393.98458 | L35: 425.59
A36: =+A35+1 -> 26 | B36: =+Base40h!B36 -> 44440 | C36: 280.41625 | D36: 230.29917 | E36: 260.27583 | F36: 247.25 | G36: 222.72292 | H36: 266.81542 | I36: 188.84125 | J36: 201.6675 | K36: 181.04917 | L36: 209.72917
A37: =+A36+1 -> 27 | B37: =+Base40h!B37 -> 44470 | C37: 78.070833 | D37: 65.948333 | E37: 88.687917 | F37: 74.83 | G37: 53.818333 | H37: 78.710417 | I37: 47.670417 | J37: 41.989583 | K37: 44.012917 | L37: 49.544583
A38: =+A37+1 -> 28 | B38: =+Base40h!B38 -> 44501 | C38: 8.5383333 | D38: 8.70375 | E38: 15.688333 | F38: 9.2758333 | G38: 6.23625 | H38: 8.71875 | I38: 2.6916667 | J38: 2.3591667 | K38: 1.1470833 | L38: 3.06
A39: =+A38+1 -> 29 | B39: =+Base40h!B39 -> 44531 | C39: 0.99333333 | D39: 1.98375 | E39: 2.2591667 | F39: 0.93083333 | G39: 0.6025 | H39: 0.6625 | I39: 0 | J39: 0 | K39: 0 | L39: 0.055
A40: =+A39+1 -> 30 | B40: Annual | C40: =SUM(C28:C39) -> 1965.7008 | D40: =SUM(D28:D39) -> 1605.2679 | E40: =SUM(E28:E39) -> 1864.5104 | F40: =SUM(F28:F39) -> 1798.3525 | G40: =SUM(G28:G39) -> 1576.2275 | H40: =SUM(H28:H39) -> 1899.1796 | I40: =SUM(I28:I39) -> 1573.065 | J40: =SUM(J28:J39) -> 1644.6588 | ... L40: =SUM(L28:L39) -> 1553.875

Sheet Base75c
B1: =+Base40h!B1 -> PUC DOCKET NO.
B2: =+Base40h!B2 -> ONCOR ELECTRIC DELIVERY COMPANY LLC
B3: =+Base40h!B3 -> WEATHER STATION DATA
B4: =+Base40h!B4 -> FOR THE TEST YEAR ENDING DECEMBER 31, 2021
B6: =+Base40h!B6 -> SPONSOR: D. E. NELSON
B9: Calendar Actual Cooling Degree Days by Weather Sites (Base 75)
A10: Line No. | C10: Dallas/ Fort Worth (MX) | D10: Lufkin (LU) | E10: Austin (AU) | F10: Killeen (KI) | G10: Longview (LO) | H10: Waco (WO) | I10: Abilene (AE) | J10: Wichita Falls (WF) | K10: Midland/ Odessa (MO) | L10: Denison (DE)
A11: 1 | B11: =+Base40h!B11 -> 44197 | C11: 0 | D11: 0 | E11: 0 | F11: 0 | G11: 0 | H11: 0 | I11: 0 | J11: 0 | K11: 0 | L11: 0
A12: =+A11+1 -> 2 | B12: =+Base40h!B12 -> 44228 | C12: 0 | D12: 0 | E12: 0 | F12: 0 | G12: 0 | H12: 0 | I12: 0 | J12: 0 | K12: 0 | L12: 0
A13: =+A12+1 -> 3 | B13: =+Base40h!B13 -> 44256 | C13: 0 | D13: 0 | E13: 0 | F13: 0 | G13: 0 | H13: 0 | I13: 0 | J13: 0 | K13: 0 | L13: 0
A14: =+A13+1 -> 4 | B14: =+Base40h!B14 -> 44287 | C14: 1.2 | D14: 5.4 | E14: 2.1 | F14: 3.5 | G14: 3.2 | H14: 3.1 | I14: 6.7 | J14: 0 | K14: 6.3 | L14: 0
A15: =+A14+1 -> 5 | B15: =+Base40h!B15 -> 44317 | C15: 20.2 | D15: 17.4 | E15: 19.4 | F15: 14.2 | G15: 8.7 | H15: 22.1 | I15: 11.2 | J15: 8.8 | K15: 18.3 | L15: 6.1
A16: =+A15+1 -> 6 | B16: =+Base40h!B16 -> 44348 | C16: 218.3 | D16: 182.5 | E16: 155.7 | F16: 167.2 | G16: 142.9 | H16: 194.1 | I16: 169.5 | J16: 149.2 | K16: 180.5 | L16: 161
A17: =+A16+1 -> 7 | B17: =+Base40h!B17 -> 44378 | C17: 292.6 | D17: 199.4 | E17: 150.4 | F17: 178.7 | G17: 165.5 | H17: 229.8 | I17: 208.4 | J17: 205.7 | K17: 124.5 | L17: 213.2
A18: =+A17+1 -> 8 | B18: =+Base40h!B18 -> 44409 | C18: 299.4 | D18: 249.9 | E18: 199.2 | F18: 250.9 | G18: 189.3 | H18: 280 | I18: 245 | J18: 223.6 | K18: 134.5 | L18: 219.1
A19: =+A18+1 -> 9 | B19: =+Base40h!B19 -> 44440 | C19: 172.4 | D19: 113.7 | E19: 119.3 | F19: 144 | G19: 72.8 | H19: 154.7 | I19: 143.8 | J19: 117.2 | K19: 107.6 | L19: 107.9
A20: =+A19+1 -> 10 | B20: =+Base40h!B20 -> 44470 | C20: 24.7 | D20: 30.2 | E20: 21.2 | F20: 13.6 | G20: 22.1 | H20: 28.1 | I20: 21.8 | J20: 12.3 | K20: 17.1 | L20: 10.6
A21: =+A20+1 -> 11 | B21: =+Base40h!B21 -> 44501 | C21: 0 | D21: 0 | E21: 0 | F21: 0 | G21: 0 | H21: 0 | I21: 0 | J21: 0 | K21: 0 | L21: 0
A22: =+A21+1 -> 12 | B22: =+Base40h!B22 -> 44531 | C22: 0 | D22: 1.4 | E22: 0 | F22: 0 | G22: 0.8 | H22: 0 | I22: 0 | J22: 0 | K22: 0 | L22: 0
A23: =+A22+1 -> 13 | B23: Annual | C23: =SUM(C11:C22) -> 1028.8 | D23: =SUM(D11:D22) -> 799.9 | E23: =SUM(E11:E22) -> 667.3 | F23: =SUM(F11:F22) -> 772.1 | G23: =SUM(G11:G22) -> 605.3 | H23: =SUM(H11:H22) -> 911.9 | I23: =SUM(I11:I22) -> 806.4 | J23: =SUM(J11:J22) -> 716.8 | ... L23: =SUM(L11:L22) -> 717.9
A24: =+A23+1 -> 14
A25: =+A24+1 -> 15
A26: =+A25+1 -> 16 | B26: Calendar Normal Cooling Degree Days by Weather Sites (Base 75)
A27: =+A26+1 -> 17 | C27: Dallas/ Fort Worth (MX) | D27: Lufkin (LU) | E27: Austin (AU) | F27: Killeen (KI) | G27: Longview (LO) | H27: Waco (WO) | I27: Abilene (AE) | J27: Wichita Falls (WF) | K27: Midland/ Odessa (MO) | L27: Denison (DE)
A28: =+A27+1 -> 18 | B28: =+Base40h!B28 -> 44197 | C28: 0 | D28: 0 | E28: 0 | F28: 0 | G28: 0 | H28: 0 | I28: 0 | J28: 0 | K28: 0 | L28: 0
A29: =+A28+1 -> 19 | B29: =+Base40h!B29 -> 44228 | C29: 0.005 | D29: 0 | E29: 0 | F29: 0 | G29: 0 | H29: 0 | I29: 0 | J29: 0 | K29: 0 | L29: 0
A30: =+A29+1 -> 20 | B30: =+Base40h!B30 -> 44256 | C30: 0.67708333 | D30: 0.34458333 | E30: 0.57291667 | F30: 0.15708333 | G30: 0.17208333 | H30: 0.18041667 | I30: 0.30291667 | J30: 0.37333333 | K30: 0.305 | L30: 0.0675
A31: =+A30+1 -> 21 | B31: =+Base40h!B31 -> 44287 | C31: 7.8704167 | D31: 7.7341667 | E31: 13.86625 | F31: 9.6841667 | G31: 5.77625 | H31: 8.8033333 | I31: 10.29375 | J31: 6.27625 | K31: 10.849167 | L31: 2.4170833
A32: =+A31+1 -> 22 | B32: =+Base40h!B32 -> 44317 | C32: 68.900833 | D32: 53.83 | E32: 79.512083 | F32: 63.63625 | G32: 46.610833 | H32: 67.802917 | I32: 62.42 | J32: 53.4325 | K32: 89.584583 | L32: 34.23375
A33: =+A32+1 -> 23 | B33: =+Base40h!B33 -> 44348 | C33: 229.91125 | D33: 164.97583 | E33: 208.08042 | F33: 198.66 | G33: 160.81875 | H33: 216.72833 | I33: 177.0525 | J33: 188.71875 | K33: 223.81417 | L33: 165.38875
A34: =+A33+1 -> 24 | B34: =+Base40h!B34 -> 44378 | C34: 337.75833 | D34: 222.88375 | E34: 265.40708 | F34: 283.00042 | G34: 244.80125 | H34: 316.84417 | I34: 260.95875 | J34: 305.77958 | K34: 262.52875 | L34: 275.32958
A35: =+A34+1 -> 25 | B35: =+Base40h!B35 -> 44409 | C35: 349.17 | D35: 238.94917 | E35: 295.0925 | F35: 304.47375 | G35: 252.99667 | H35: 331.30917 | I35: 257.2925 | J35: 289.79125 | K35: 243.11125 | L35: 272.62417
A36: =+A35+1 -> 26 | B36: =+Base40h!B36 -> 44440 | C36: 152.88667 | D36: 102.37958 | E36: 128.63125 | F36: 121.18417 | G36: 102.70458 | H36: 140.07583 | I36: 85.336667 | J36: 94.566667 | K36: 76.941667 | L36: 101.16958
A37: =+A36+1 -> 27 | B37: =+Base40h!B37 -> 44470 | C37: 26.86125 | D37: 17.564583 | E37: 29.339583 | F37: 22.410833 | G37: 12.802917 | H37: 27.737917 | I37: 12.559583 | J37: 11.873333 | K37: 10.419583 | L37: 14.560417
A38: =+A37+1 -> 28 | B38: =+Base40h!B38 -> 44501 | C38: 0.92041667 | D38: 0.40333333 | E38: 2.0666667 | F38: 0.515 | G38: 0.235 | H38: 0.80291667 | I38: 0 | J38: 0 | K38: 0.015 | L38: 0.20458333
A39: =+A38+1 -> 29 | B39: =+Base40h!B39 -> 44531 | C39: 0 | D39: 0 | E39: 0 | F39: 0 | G39: 0 | H39: 0 | I39: 0 | J39: 0 | K39: 0 | L39: 0
A40: =+A39+1 -> 30 | B40: Annual | C40: =SUM(C28:C39) -> 1174.9613 | D40: =SUM(D28:D39) -> 809.065 | E40: =SUM(E28:E39) -> 1022.5688 | F40: =SUM(F28:F39) -> 1003.7217 | G40: =SUM(G28:G39) -> 826.91833 | H40: =SUM(H28:H39) -> 1110.285 | I40: =SUM(I28:I39) -> 866.21667 | J40: =SUM(J28:J39) -> 950.81167 | ... L40: =SUM(L28:L39) -> 865.99542

Sheet Base80c
B1: =+Base40h!B1 -> PUC DOCKET NO.
B2: =+Base40h!B2 -> ONCOR ELECTRIC DELIVERY COMPANY LLC
B3: =+Base40h!B3 -> WEATHER STATION DATA
B4: =+Base40h!B4 -> FOR THE TEST YEAR ENDING DECEMBER 31, 2021
B6: =+Base40h!B6 -> SPONSOR: D. E. NELSON
B9: Calendar Actual Cooling Degree Days by Weather Sites (Base 80)
A10: Line No. | C10: Dallas/ Fort Worth (MX) | D10: Lufkin (LU) | E10: Austin (AU) | F10: Killeen (KI) | G10: Longview (LO) | H10: Waco (WO) | I10: Abilene (AE) | J10: Wichita Falls (WF) | K10: Midland/ Odessa (MO) | L10: Denison (DE)
A11: 1 | B11: =+Base40h!B11 -> 44197 | C11: 0 | D11: 0 | E11: 0 | F11: 0 | G11: 0 | H11: 0 | I11: 0 | J11: 0 | K11: 0 | L11: 0
A12: =+A11+1 -> 2 | B12: =+Base40h!B12 -> 44228 | C12: 0 | D12: 0 | E12: 0 | F12: 0 | G12: 0 | H12: 0 | I12: 0 | J12: 0 | K12: 0 | L12: 0
A13: =+A12+1 -> 3 | B13: =+Base40h!B13 -> 44256 | C13: 0 | D13: 0 | E13: 0 | F13: 0 | G13: 0 | H13: 0 | I13: 0 | J13: 0 | K13: 0 | L13: 0
A14: =+A13+1 -> 4 | B14: =+Base40h!B14 -> 44287 | C14: 0 | D14: 0 | E14: 0 | F14: 0 | G14: 0 | H14: 0 | I14: 0 | J14: 0 | K14: 0 | L14: 0
A15: =+A14+1 -> 5 | B15: =+Base40h!B15 -> 44317 | C15: 3 | D15: 0 | E15: 0 | F15: 0 | G15: 0 | H15: 1.8 | I15: 0 | J15: 0 | K15: 0 | L15: 0
A16: =+A15+1 -> 6 | B16: =+Base40h!B16 -> 44348 | C16: 105.4 | D16: 67.9 | E16: 44.9 | F16: 62 | G16: 42.6 | H16: 82 | I16: 62.5 | J16: 56.2 | K16: 77.8 | L16: 59.7
A17: =+A16+1 -> 7 | B17: =+Base40h!B17 -> 44378 | C17: 137.6 | D17: 62.9 | E17: 30.8 | F17: 54.1 | G17: 45.2 | H17: 88.7 | I17: 74.6 | J17: 66.7 | K17: 29.7 | L17: 78.4
A18: =+A17+1 -> 8 | B18: =+Base40h!B18 -> 44409 | C18: 150.1 | D18: 97.6 | E18: 58.2 | F18: 102.7 | G18: 53.7 | H18: 130.7 | I18: 107 | J18: 91.1 | K18: 27.2 | L18: 88.1
A19: =+A18+1 -> 9 | B19: =+Base40h!B19 -> 44440 | C19: 60.1 | D19: 31 | E19: 31.2 | F19: 50.6 | G19: 16.4 | H19: 52.5 | I19: 47.9 | J19: 31.6 | K19: 25.1 | L19: 27.5
A20: =+A19+1 -> 10 | B20: =+Base40h!B20 -> 44470 | C20: 1 | D20: 0.3 | E20: 0.3 | F20: 0 | G20: 0.8 | H20: 0 | I20: 0.7 | J20: 1.7 | K20: 0 | L20: 0
A21: =+A20+1 -> 11 | B21: =+Base40h!B21 -> 44501 | C21: 0 | D21: 0 | E21: 0 | F21: 0 | G21: 0 | H21: 0 | I21: 0 | J21: 0 | K21: 0 | L21: 0
A22: =+A21+1 -> 12 | B22: =+Base40h!B22 -> 44531 | C22: 0 | D22: 0 | E22: 0 | F22: 0 | G22: 0 | H22: 0 | I22: 0 | J22: 0 | K22: 0 | L22: 0
A23: =+A22+1 -> 13 | B23: Annual | C23: =SUM(C11:C22) -> 457.2 | D23: =SUM(D11:D22) -> 259.7 | E23: =SUM(E11:E22) -> 165.4 | F23: =SUM(F11:F22) -> 269.4 | G23: =SUM(G11:G22) -> 158.7 | H23: =SUM(H11:H22) -> 355.7 | I23: =SUM(I11:I22) -> 292.7 | J23: =SUM(J11:J22) -> 247.3 | ... L23: =SUM(L11:L22) -> 253.7
A24: =+A23+1 -> 14
A25: =+A24+1 -> 15
A26: =+A25+1 -> 16 | B26: Calendar Normal Cooling Degree Days by Weather Sites (Base 80)
A27: =+A26+1 -> 17 | C27: Dallas/ Fort Worth (MX) | D27: Lufkin (LU) | E27: Austin (AU) | F27: Killeen (KI) | G27: Longview (LO) | H27: Waco (WO) | I27: Abilene (AE) | J27: Wichita Falls (WF) | K27: Midland/ Odessa (MO) | L27: Denison (DE)
A28: =+A27+1 -> 18 | B28: =+Base40h!B28 -> 44197 | C28: 0 | D28: 0 | E28: 0 | F28: 0 | G28: 0 | H28: 0 | I28: 0 | J28: 0 | K28: 0 | L28: 0
A29: =+A28+1 -> 19 | B29: =+Base40h!B29 -> 44228 | C29: 0 | D29: 0 | E29: 0 | F29: 0 | G29: 0 | H29: 0 | I29: 0 | J29: 0 | K29: 0 | L29: 0
A30: =+A29+1 -> 20 | B30: =+Base40h!B30 -> 44256 | C30: 0 | D30: 0 | E30: 0 | F30: 0 | G30: 0 | H30: 0 | I30: 0 | J30: 0 | K30: 0 | L30: 0
A31: =+A30+1 -> 21 | B31: =+Base40h!B31 -> 44287 | C31: 0.63958333 | D31: 0.18458333 | E31: 0.72458333 | F31: 0.54208333 | G31: 0.18083333 | H31: 0.67875 | I31: 1.3204167 | J31: 0.54458333 | K31: 0.98166667 | L31: 0.10833333
A32: =+A31+1 -> 22 | B32: =+Base40h!B32 -> 44317 | C32: 14.50875 | D32: 5.2108333 | E32: 15.234583 | F32: 11.13375 | G32: 5.6208333 | H32: 13.625833 | I32: 16.215417 | J32: 13.519583 | K32: 29.3 | L32: 3.8975
A33: =+A32+1 -> 23 | B33: =+Base40h!B33 -> 44348 | C33: 102.20333 | D33: 51.520833 | E33: 78.1 | F33: 74.887083 | G33: 51.629167 | H33: 90.736667 | I33: 66.265417 | J33: 78.289583 | K33: 101.62208 | L33: 61.085833
A34: =+A33+1 -> 24 | B34: =+Base40h!B34 -> 44378 | C34: 188.75875 | D34: 84.24125 | E34: 121.12833 | F34: 138.72667 | G34: 103.50208 | H34: 168.21333 | I34: 125.49208 | J34: 164.53875 | K34: 126.795 | L34: 136.87167
A35: =+A34+1 -> 25 | B35: =+Base40h!B35 -> 44409 | C35: 202.33708 | D35: 100.50292 | E35: 147.93042 | F35: 159.58083 | G35: 116.53333 | H35: 185.42208 | I35: 127.89875 | J35: 155.00667 | K35: 113.52042 | L35: 139.55417
A36: =+A35+1 -> 26 | B36: =+Base40h!B36 -> 44440 | C36: 58.227083 | D36: 21.625833 | E36: 38.657083 | F36: 36.035833 | G36: 26.475 | H36: 49.13375 | I36: 23.253333 | J36: 27.70875 | K36: 18.317917 | L36: 33.852917
A37: =+A36+1 -> 27 | B37: =+Base40h!B37 -> 44470 | C37: 4.74125 | D37: 0.78791667 | E37: 3.3970833 | F37: 2.3179167 | G37: 0.21333333 | H37: 4.7666667 | I37: 0.85333333 | J37: 1.0225 | K37: 0.36083333 | L37: 0.94166667
A38: =+A37+1 -> 28 | B38: =+Base40h!B38 -> 44501 | C38: 0.015 | D38: 0 | E38: 0 | F38: 0 | G38: 0 | H38: 0 | I38: 0 | J38: 0 | K38: 0 | L38: 0
A39: =+A38+1 -> 29 | B39: =+Base40h!B39 -> 44531 | C39: 0 | D39: 0 | E39: 0 | F39: 0 | G39: 0 | H39: 0 | I39: 0 | J39: 0 | K39: 0 | L39: 0
A40: =+A39+1 -> 30 | B40: Annual | C40: =SUM(C28:C39) -> 571.43083 | D40: =SUM(D28:D39) -> 264.07417 | E40: =SUM(E28:E39) -> 405.17208 | F40: =SUM(F28:F39) -> 423.22417 | G40: =SUM(G28:G39) -> 304.15458 | H40: =SUM(H28:H39) -> 512.57708 | I40: =SUM(I28:I39) -> 361.29875 | J40: =SUM(J28:J39) -> 440.63042 | ... L40: =SUM(L28:L39) -> 376.31208

Sheet Base85c
B1: =+Base40h!B1 -> PUC DOCKET NO.
B2: =+Base40h!B2 -> ONCOR ELECTRIC DELIVERY COMPANY LLC
B3: =+Base40h!B3 -> WEATHER STATION DATA
B4: =+Base40h!B4 -> FOR THE TEST YEAR ENDING DECEMBER 31, 2021
B6: =+Base40h!B6 -> SPONSOR: D. E. NELSON
B9: Calendar Actual Cooling Degree Days by Weather Sites (Base 85)
A10: Line No. | C10: Dallas/ Fort Worth (MX) | D10: Lufkin (LU) | E10: Austin (AU) | F10: Killeen (KI) | G10: Longview (LO) | H10: Waco (WO) | I10: Abilene (AE) | J10: Wichita Falls (WF) | K10: Midland/ Odessa (MO) | L10: Denison (DE)
A11: 1 | B11: =+Base40h!B11 -> 44197 | C11: 0 | D11: 0 | E11: 0 | F11: 0 | G11: 0 | H11: 0 | I11: 0 | J11: 0 | K11: 0 | L11: 0
A12: =+A11+1 -> 2 | B12: =+Base40h!B12 -> 44228 | C12: 0 | D12: 0 | E12: 0 | F12: 0 | G12: 0 | H12: 0 | I12: 0 | J12: 0 | K12: 0 | L12: 0
A13: =+A12+1 -> 3 | B13: =+Base40h!B13 -> 44256 | C13: 0 | D13: 0 | E13: 0 | F13: 0 | G13: 0 | H13: 0 | I13: 0 | J13: 0 | K13: 0 | L13: 0
A14: =+A13+1 -> 4 | B14: =+Base40h!B14 -> 44287 | C14: 0 | D14: 0 | E14: 0 | F14: 0 | G14: 0 | H14: 0 | I14: 0 | J14: 0 | K14: 0 | L14: 0
A15: =+A14+1 -> 5 | B15: =+Base40h!B15 -> 44317 | C15: 0 | D15: 0 | E15: 0 | F15: 0 | G15: 0 | H15: 0 | I15: 0 | J15: 0 | K15: 0 | L15: 0
A16: =+A15+1 -> 6 | B16: =+Base40h!B16 -> 44348 | C16: 24.2 | D16: 0.4 | E16: 0 | F16: 0 | G16: 0 | H16: 8.9 | I16: 3.5 | J16: 3.2 | K16: 7.8 | L16: 2.8
A17: =+A16+1 -> 7 | B17: =+Base40h!B17 -> 44378 | C17: 33.1 | D17: 1.8 | E17: 0 | F17: 0.6 | G17: 0.1 | H17: 10.8 | I17: 14.4 | J17: 8.6 | K17: 0 | L17: 9.6
A18: =+A17+1 -> 8 | B18: =+Base40h!B18 -> 44409 | C18: 36.1 | D18: 2.4 | E18: 0 | F18: 5.7 | G18: 0 | H18: 24.3 | I18: 16.4 | J18: 14.6 | K18: 0.3 | L18: 10.4
A19: =+A18+1 -> 9 | B19: =+Base40h!B19 -> 44440 | C19: 14 | D19: 1.8 | E19: 0 | F19: 4.7 | G19: 0 | H19: 10.1 | I19: 5.3 | J19: 2.5 | K19: 1.3 | L19: 1.3
A20: =+A19+1 -> 10 | B20: =+Base40h!B20 -> 44470 | C20: 0 | D20: 0 | E20: 0 | F20: 0 | G20: 0 | H20: 0 | I20: 0 | J20: 0 | K20: 0 | L20: 0
A21: =+A20+1 -> 11 | B21: =+Base40h!B21 -> 44501 | C21: 0 | D21: 0 | E21: 0 | F21: 0 | G21: 0 | H21: 0 | I21: 0 | J21: 0 | K21: 0 | L21: 0
A22: =+A21+1 -> 12 | B22: =+Base40h!B22 -> 44531 | C22: 0 | D22: 0 | E22: 0 | F22: 0 | G22: 0 | H22: 0 | I22: 0 | J22: 0 | K22: 0 | L22: 0
A23: =+A22+1 -> 13 | B23: Annual | C23: =SUM(C11:C22) -> 107.4 | D23: =SUM(D11:D22) -> 6.4 | E23: =SUM(E11:E22) -> 0 | F23: =SUM(F11:F22) -> 11 | G23: =SUM(G11:G22) -> 0.1 | H23: =SUM(H11:H22) -> 54.1 | I23: =SUM(I11:I22) -> 39.6 | J23: =SUM(J11:J22) -> 28.9 | ... L23: =SUM(L11:L22) -> 24.1
A24: =+A23+1 -> 14
A25: =+A24+1 -> 15
A26: =+A25+1 -> 16 | B26: Calendar Normal Cooling Degree Days by Weather Sites (Base 85)
A27: =+A26+1 -> 17 | C27: Dallas/ Fort Worth (MX) | D27: Lufkin (LU) | E27: Austin (AU) | F27: Killeen (KI) | G27: Longview (LO) | H27: Waco (WO) | I27: Abilene (AE) | J27: Wichita Falls (WF) | K27: Midland/ Odessa (MO) | L27: Denison (DE)
A28: =+A27+1 -> 18 | B28: =+Base40h!B28 -> 44197 | C28: 0 | D28: 0 | E28: 0 | F28: 0 | G28: 0 | H28: 0 | I28: 0 | J28: 0 | K28: 0 | L28: 0
A29: =+A28+1 -> 19 | B29: =+Base40h!B29 -> 44228 | C29: 0 | D29: 0 | E29: 0 | F29: 0 | G29: 0 | H29: 0 | I29: 0 | J29: 0 | K29: 0 | L29: 0
A30: =+A29+1 -> 20 | B30: =+Base40h!B30 -> 44256 | C30: 0 | D30: 0 | E30: 0 | F30: 0 | G30: 0 | H30: 0 | I30: 0 | J30: 0 | K30: 0 | L30: 0
A31: =+A30+1 -> 21 | B31: =+Base40h!B31 -> 44287 | C31: 0 | D31: 0 | E31: 0 | F31: 0 | G31: 0 | H31: 0 | I31: 0 | J31: 0 | K31: 0 | L31: 0
A32: =+A31+1 -> 22 | B32: =+Base40h!B32 -> 44317 | C32: 0.64666667 | D32: 0 | E32: 0.2175 | F32: 0.13208333 | G32: 0.005 | H32: 0.245 | I32: 1.8270833 | J32: 1.1541667 | K32: 4.8483333 | L32: 0.025
A33: =+A32+1 -> 23 | B33: =+Base40h!B33 -> 44348 | C33: 21.923333 | D33: 3.9583333 | E33: 9.28 | F33: 8.5808333 | G33: 6.2720833 | H33: 17.439583 | I33: 11.329583 | J33: 18.322917 | K33: 25.034167 | L33: 8.3070833
A34: =+A33+1 -> 24 | B34: =+Base40h!B34 -> 44378 | C34: 65.645 | D34: 7.3145833 | E34: 20.829167 | F34: 32.657083 | G34: 17.862083 | H34: 51.746667 | I34: 32.819167 | J34: 58.722917 | K34: 33.483333 | L34: 41.880417
A35: =+A34+1 -> 25 | B35: =+Base40h!B35 -> 44409 | C35: 81.516667 | D35: 16.527917 | E35: 34.973333 | F35: 47.505 | G35: 27.574583 | H35: 67.52375 | I35: 38.751667 | J35: 59.225417 | K35: 29.143333 | L35: 47.039167
A36: =+A35+1 -> 26 | B36: =+Base40h!B36 -> 44440 | C36: 9.82375 | D36: 1.2108333 | E36: 3.92375 | F36: 3.8375 | G36: 1.9704167 | H36: 7.0825 | I36: 2.425 | J36: 3.9333333 | K36: 1.5570833 | L36: 4.8366667
A37: =+A36+1 -> 27 | B37: =+Base40h!B37 -> 44470 | C37: 0 | D37: 0 | E37: 0.005 | F37: 0 | G37: 0 | H37: 0.03 | I37: 0 | J37: 0 | K37: 0 | L37: 0
A38: =+A37+1 -> 28 | B38: =+Base40h!B38 -> 44501 | C38: 0 | D38: 0 | E38: 0 | F38: 0 | G38: 0 | H38: 0 | I38: 0 | J38: 0 | K38: 0 | L38: 0
A39: =+A38+1 -> 29 | B39: =+Base40h!B39 -> 44531 | C39: 0 | D39: 0 | E39: 0 | F39: 0 | G39: 0 | H39: 0 | I39: 0 | J39: 0 | K39: 0 | L39: 0
A40: =+A39+1 -> 30 | B40: Annual | C40: =SUM(C28:C39) -> 179.55542 | D40: =SUM(D28:D39) -> 29.011667 | E40: =SUM(E28:E39) -> 69.22875 | F40: =SUM(F28:F39) -> 92.7125 | G40: =SUM(G28:G39) -> 53.684167 | H40: =SUM(H28:H39) -> 144.0675 | I40: =SUM(I28:I39) -> 87.1525 | J40: =SUM(J28:J39) -> 141.35875 | ... L40: =SUM(L28:L39) -> 102.08833

Sheet Abilene (AE) Jan 2020
B1: =+Base40h!B1 -> PUC DOCKET NO.
B2: =+Base40h!B2 -> ONCOR ELECTRIC DELIVERY COMPANY LLC
B3: =+Base40h!B3 -> WEATHER STATION DATA
B4: =+Base40h!B4 -> FOR THE TEST YEAR ENDING DECEMBER 31, 2021
B6: =+Base40h!B6 -> SPONSOR: D. E. NELSON
A7: Line No.
A9: 1 | B9: Abilene Daily Actual Weather Calculation for January 2020
A10: =+A9+1 -> 2 | B10: DATE | C10: HR1 | D10: HR2 | E10: HR3 | F10: HR4 | G10: HR5 | H10: HR6 | I10: HR7 | J10: HR8 | K10: HR9 | L10: HR10 | M10: HR11 | N10: HR12 | O10: HR13 | P10: HR14 | Q10: HR15 | R10: HR16 | S10: HR17 | T10: HR18 | U10: HR19 | V10: HR20
A11: =+A10+1 -> 3 | B11: 43831 | C11: 42 | D11: 42 | E11: 42 | F11: 44 | G11: 47 | H11: 47 | I11: 47 | J11: 48 | K11: 47 | L11: 48 | M11: 49 | N11: 51 | O11: 53 | P11: 54 | Q11: 55 | R11: 55 | S11: 56 | T11: 55 | U11: 54 | V11: 54
A12: =+A11+1 -> 4 | B12: =+B11+1 -> 43832 | C12: 50 | D12: 51 | E12: 50 | F12: 50 | G12: 50 | H12: 50 | I12: 49 | J12: 49 | K12: 47 | L12: 51 | M12: 55 | N12: 60 | O12: 63 | P12: 63 | Q12: 68 | R12: 69 | S12: 66 | T12: 64 | U12: 58 | V12: 55
A13: =+A12+1 -> 5 | B13: =+B12+1 -> 43833 | C13: 49 | D13: 49 | E13: 47 | F13: 47 | G13: 47 | H13: 46 | I13: 45 | J13: 44 | K13: 44 | L13: 45 | M13: 48 | N13: 49 | O13: 52 | P13: 54 | Q13: 56 | R13: 58 | S13: 59 | T13: 57 | U13: 53 | V13: 50
A14: =+A13+1 -> 6 | B14: =+B13+1 -> 43834 | C14: 41 | D14: 37 | E14: 36 | F14: 36 | G14: 37 | H14: 37 | I14: 39 | J14: 37 | K14: 38 | L14: 44 | M14: 53 | N14: 56 | O14: 58 | P14: 62 | Q14: 64 | R14: 67 | S14: 68 | T14: 67 | U14: 60 | V14: 54
A15: =+A14+1 -> 7 | B15: =+B14+1 -> 43835 | C15: 48 | D15: 50 | E15: 52 | F15: 49 | G15: 48 | H15: 50 | I15: 50 | J15: 49 | K15: 50 | L15: 55 | M15: 58 | N15: 60 | O15: 63 | P15: 65 | Q15: 64 | R15: 65 | S15: 65 | T15: 64 | U15: 58 | V15: 55
A16: =+A15+1 -> 8 | B16: =+B15+1 -> 43836 | C16: 35 | D16: 36 | E16: 35 | F16: 34 | G16: 35 | H16: 37 | I16: 36 | J16: 33 | K16: 33 | L16: 37 | M16: 45 | N16: 51 | O16: 61 | P16: 63 | Q16: 62 | R16: 61 | S16: 59 | T16: 59 | U16: 55 | V16: 51
A17: =+A16+1 -> 9 | B17: =+B16+1 -> 43837 | C17: 33 | D17: 32 | E17: 31 | F17: 30 | G17: 30 | H17: 30 | I17: 27 | J17: 29 | K17: 26 | L17: 36 | M17: 48 | N17: 57 | O17: 59 | P17: 60 | Q17: 62 | R17: 63 | S17: 63 | T17: 62 | U17: 56 | V17: 51
A18: =+A17+1 -> 10 | B18: =+B17+1 -> 43838 | C18: 44 | D18: 40 | E18: 41 | F18: 43 | G18: 40 | H18: 43 | I18: 42 | J18: 41 | K18: 41 | L18: 45 | M18: 52 | N18: 57 | O18: 59 | P18: 62 | Q18: 62 | R18: 64 | S18: 65 | T18: 63 | U18: 61 | V18: 60
A19: =+A18+1 -> 11 | B19: =+B18+1 -> 43839 | C19: 58 | D19: 57 | E19: 56 | F19: 56 | G19: 58 | H19: 57 | I19: 59 | J19: 60 | K19: 60 | L19: 61 | M19: 63 | N19: 64 | O19: 67 | P19: 70 | Q19: 72 | R19: 73 | S19: 74 | T19: 73 | U19: 68 | V19: 61
A20: =+A19+1 -> 12 | B20: =+B19+1 -> 43840 | C20: 60 | D20: 57 | E20: 57 | F20: 60 | G20: 61 | H20: 63 | I20: 64 | J20: 63 | K20: 62 | L20: 65 | M20: 66 | N20: 67 | O20: 68 | P20: 69 | Q20: 69 | R20: 70 | S20: 69 | T20: 69 | U20: 66 | V20: 63
A21: =+A20+1 -> 13 | B21: =+B20+1 -> 43841 | C21: 39 | D21: 39 | E21: 38 | F21: 37 | G21: 32 | H21: 31 | I21: 32 | J21: 32 | K21: 31 | L21: 32 | M21: 34 | N21: 34 | O21: 36 | P21: 41 | Q21: 43 | R21: 45 | S21: 48 | T21: 50 | U21: 49 | V21: 43
A22: =+A21+1 -> 14 | B22: =+B21+1 -> 43842 | C22: 41 | D22: 43 | E22: 41 | F22: 40 | G22: 42 | H22: 43 | I22: 43 | J22: 43 | K22: 42 | L22: 43 | M22: 46 | N22: 50 | O22: 55 | P22: 60 | Q22: 64 | R22: 68 | S22: 65 | T22: 64 | U22: 60 | V22: 56
A23: =+A22+1 -> 15 | B23: =+B22+1 -> 43843 | C23: 45 | D23: 45 | E23: 44 | F23: 44 | G23: 44 | H23: 43 | I23: 47 | J23: 47 | K23: 47 | L23: 51 | M23: 54 | N23: 58 | O23: 62 | P23: 67 | Q23: 72 | R23: 72 | S23: 71 | T23: 69 | U23: 66 | V23: 64
... A41: =+A40+1 -> 33 | B41: =+B40+1 -> 43861 | C41: 30 | D41: 29 | E41: 29 | F41: 26 | G41: 29 | H41: 28 | I41: 26 | J41: 26 | K41: 29 | L41: 32 | M41: 37 | N41: 44 | O41: 48 | P41: 51 | Q41: 53 | R41: 54 | S41: 55 | T41: 55 | U41: 51 | V41: 49
A42: =+A41+1 -> 34
A43: =+A42+1 -> 35
A44: =+A43+1 -> 36 | B44: DATE | C44: HR21 | D44: HR22 | E44: HR23 | F44: HR24 | G44: DAILY AVG | H44: HDD40 | I44: HDD45 | J44: HDD50 | K44: HDD55 | L44: HDD60 | M44: HDD65 | N44: CDD50 | O44: CDD55 | P44: CDD60 | Q44: CDD65 | R44: CDD70 | S44: CDD75 | T44: CDD80 | U44: CDD85
A45: =+A44+1 -> 37 | B45: =+B11 -> 43831 | C45: 53 | D45: 53 | E45: 52 | F45: 51 | G45: =ROUND(AVERAGE(C11:V11,C45:F45),1) -> 50 | H45: =MAX(40-$G45,0) -> 0 | I45: =MAX(45-$G45,0) -> 0 | J45: =MAX(50-$G45,0) -> 0 | K45: =MAX(55-$G45,0) -> 5 | L45: =MAX(60-$G45,0) -> 10 | M45: =MAX(65-$G45,0) -> 15 | N45: =MAX($G45-50,0) -> 0 | O45: =MAX($G45-55,0) -> 0 | P45: =MAX($G45-60,0) -> 0 | Q45: =MAX($G45-65,0) -> 0 | R45: =MAX($G45-70,0) -> 0 | S45: =MAX($G45-75,0) -> 0 | T45: =MAX($G45-80,0) -> 0 | U45: =MAX($G45-85,0) -> 0
A46: =+A45+1 -> 38 | B46: =+B12 -> 43832 | C46: 55 | D46: 53 | E46: 51 | F46: 50 | G46: =ROUND(AVERAGE(C12:V12,C46:F46),1) -> 55.3 | H46: =MAX(40-$G46,0) -> 0 | I46: =MAX(45-$G46,0) -> 0 | J46: =MAX(50-$G46,0) -> 0 | K46: =MAX(55-$G46,0) -> 0 | L46: =MAX(60-$G46,0) -> 4.7 | M46: =MAX(65-$G46,0) -> 9.7 | N46: =MAX($G46-50,0) -> 5.3 | O46: =MAX($G46-55,0) -> 0.3 | P46: =MAX($G46-60,0) -> 0 | Q46: =MAX($G46-65,0) -> 0 | R46: =MAX($G46-70,0) -> 0 | S46: =MAX($G46-75,0) -> 0 | T46: =MAX($G46-80,0) -> 0 | U46: =MAX($G46-85,0) -> 0
A47: =+A46+1 -> 39 | B47: =+B13 -> 43833 | C47: 47 | D47: 44 | E47: 42 | F47: 40 | G47: =ROUND(AVERAGE(C13:V13,C47:F47),1) -> 48.8 | H47: =MAX(40-$G47,0) -> 0 | I47: =MAX(45-$G47,0) -> 0 | J47: =MAX(50-$G47,0) -> 1.2 | K47: =MAX(55-$G47,0) -> 6.2 | L47: =MAX(60-$G47,0) -> 11.2 | M47: =MAX(65-$G47,0) -> 16.2 | N47: =MAX($G47-50,0) -> 0 | O47: =MAX($G47-55,0) -> 0 | P47: =MAX($G47-60,0) -> 0 | Q47: =MAX($G47-65,0) -> 0 | R47: =MAX($G47-70,0) -> 0 | S47: =MAX($G47-75,0) -> 0 | T47: =MAX($G47-80,0) -> 0 | U47: =MAX($G47-85,0) -> 0
A48: =+A47+1 -> 40 | B48: =+B14 -> 43834 | C48: 49 | D48: 48 | E48: 46 | F48: 48 | G48: =ROUND(AVERAGE(C14:V14,C48:F48),1) -> 49.3 | H48: =MAX(40-$G48,0) -> 0 | I48: =MAX(45-$G48,0) -> 0 | J48: =MAX(50-$G48,0) -> 0.7 | K48: =MAX(55-$G48,0) -> 5.7 | L48: =MAX(60-$G48,0) -> 10.7 | M48: =MAX(65-$G48,0) -> 15.7 | N48: =MAX($G48-50,0) -> 0 | O48: =MAX($G48-55,0) -> 0 | P48: =MAX($G48-60,0) -> 0 | Q48: =MAX($G48-65,0) -> 0 | R48: =MAX($G48-70,0) -> 0 | S48: =MAX($G48-75,0) -> 0 | T48: =MAX($G48-80,0) -> 0 | U48: =MAX($G48-85,0) -> 0
A49: =+A48+1 -> 41 | B49: =+B15 -> 43835 | C49: 52 | D49: 50 | E49: 40 | F49: 42 | G49: =ROUND(AVERAGE(C15:V15,C49:F49),1) -> 54.3 | H49: =MAX(40-$G49,0) -> 0 | I49: =MAX(45-$G49,0) -> 0 | J49: =MAX(50-$G49,0) -> 0 | K49: =MAX(55-$G49,0) -> 0.7 | L49: =MAX(60-$G49,0) -> 5.7 | M49: =MAX(65-$G49,0) -> 10.7 | N49: =MAX($G49-50,0) -> 4.3 | O49: =MAX($G49-55,0) -> 0 | P49: =MAX($G49-60,0) -> 0 | Q49: =MAX($G49-65,0) -> 0 | R49: =MAX($G49-70,0) -> 0 | S49: =MAX($G49-75,0) -> 0 | T49: =MAX($G49-80,0) -> 0 | U49: =MAX($G49-85,0) -> 0
A50: =+A49+1 -> 42 | B50: =+B16 -> 43836 | C50: 48 | D50: 46 | E50: 43 | F50: 41 | G50: =ROUND(AVERAGE(C16:V16,C50:F50),1) -> 45.7 | H50: =MAX(40-$G50,0) -> 0 | I50: =MAX(45-$G50,0) -> 0 | J50: =MAX(50-$G50,0) -> 4.3 | K50: =MAX(55-$G50,0) -> 9.3 | L50: =MAX(60-$G50,0) -> 14.3 | M50: =MAX(65-$G50,0) -> 19.3 | N50: =MAX($G50-50,0) -> 0 | O50: =MAX($G50-55,0) -> 0 | P50: =MAX($G50-60,0) -> 0 | Q50: =MAX($G50-65,0) -> 0 | R50: =MAX($G50-70,0) -> 0 | S50: =MAX($G50-75,0) -> 0 | T50: =MAX($G50-80,0) -> 0 | U50: =MAX($G50-85,0) -> 0
A51: =+A50+1 -> 43 | B51: =+B17 -> 43837 | C51: 46 | D51: 42 | E51: 42 | F51: 42 | G51: =ROUND(AVERAGE(C17:V17,C51:F51),1) -> 44 | H51: =MAX(40-$G51,0) -> 0 | I51: =MAX(45-$G51,0) -> 1 | J51: =MAX(50-$G51,0) -> 6 | K51: =MAX(55-$G51,0) -> 11 | L51: =MAX(60-$G51,0) -> 16 | M51: =MAX(65-$G51,0) -> 21 | N51: =MAX($G51-50,0) -> 0 | O51: =MAX($G51-55,0) -> 0 | P51: =MAX($G51-60,0) -> 0 | Q51: =MAX($G51-65,0) -> 0 | R51: =MAX($G51-70,0) -> 0 | S51: =MAX($G51-75,0) -> 0 | T51: =MAX($G51-80,0) -> 0 | U51: =MAX($G51-85,0) -> 0
A52: =+A51+1 -> 44 | B52: =+B18 -> 43838 | C52: 60 | D52: 59 | E52: 59 | F52: 58 | G52: =ROUND(AVERAGE(C18:V18,C52:F52),1) -> 52.5 | H52: =MAX(40-$G52,0) -> 0 | I52: =MAX(45-$G52,0) -> 0 | J52: =MAX(50-$G52,0) -> 0 | K52: =MAX(55-$G52,0) -> 2.5 | L52: =MAX(60-$G52,0) -> 7.5 | M52: =MAX(65-$G52,0) -> 12.5 | N52: =MAX($G52-50,0) -> 2.5 | O52: =MAX($G52-55,0) -> 0 | P52: =MAX($G52-60,0) -> 0 | Q52: =MAX($G52-65,0) -> 0 | R52: =MAX($G52-70,0) -> 0 | S52: =MAX($G52-75,0) -> 0 | T52: =MAX($G52-80,0) -> 0 | U52: =MAX($G52-85,0) -> 0
A53: =+A52+1 -> 45 | B53: =+B19 -> 43839 | C53: 60 | D53: 60 | E53: 61 | F53: 60 | G53: =ROUND(AVERAGE(C19:V19,C53:F53),1) -> 62.8 | H53: =MAX(40-$G53,0) -> 0 | I53: =MAX(45-$G53,0) -> 0 | J53: =MAX(50-$G53,0) -> 0 | K53: =MAX(55-$G53,0) -> 0 | L53: =MAX(60-$G53,0) -> 0 | M53: =MAX(65-$G53,0) -> 2.2 | N53: =MAX($G53-50,0) -> 12.8 | O53: =MAX($G53-55,0) -> 7.8 | P53: =MAX($G53-60,0) -> 2.8 | Q53: =MAX($G53-65,0) -> 0 | R53: =MAX($G53-70,0) -> 0 | S53: =MAX($G53-75,0) -> 0 | T53: =MAX($G53-80,0) -> 0 | U53: =MAX($G53-85,0) -> 0
A54: =+A53+1 -> 46 | B54: =+B20 -> 43840 | C54: 56 | D54: 48 | E54: 44 | F54: 41 | G54: =ROUND(AVERAGE(C20:V20,C54:F54),1) -> 61.5 | H54: =MAX(40-$G54,0) -> 0 | I54: =MAX(45-$G54,0) -> 0 | J54: =MAX(50-$G54,0) -> 0 | K54: =MAX(55-$G54,0) -> 0 | L54: =MAX(60-$G54,0) -> 0 | M54: =MAX(65-$G54,0) -> 3.5 | N54: =MAX($G54-50,0) -> 11.5 | O54: =MAX($G54-55,0) -> 6.5 | P54: =MAX($G54-60,0) -> 1.5 | Q54: =MAX($G54-65,0) -> 0 | R54: =MAX($G54-70,0) -> 0 | S54: =MAX($G54-75,0) -> 0 | T54: =MAX($G54-80,0) -> 0 | U54: =MAX($G54-85,0) -> 0
A55: =+A54+1 -> 47 | B55: =+B21 -> 43841 | C55: 40 | D55: 40 | E55: 41 | F55: 42 | G55: =ROUND(AVERAGE(C21:V21,C55:F55),1) -> 38.7 | H55: =MAX(40-$G55,0) -> 1.3 | I55: =MAX(45-$G55,0) -> 6.3 | J55: =MAX(50-$G55,0) -> 11.3 | K55: =MAX(55-$G55,0) -> 16.3 | L55: =MAX(60-$G55,0) -> 21.3 | M55: =MAX(65-$G55,0) -> 26.3 | N55: =MAX($G55-50,0) -> 0 | O55: =MAX($G55-55,0) -> 0 | P55: =MAX($G55-60,0) -> 0 | Q55: =MAX($G55-65,0) -> 0 | R55: =MAX($G55-70,0) -> 0 | S55: =MAX($G55-75,0) -> 0 | T55: =MAX($G55-80,0) -> 0 | U55: =MAX($G55-85,0) -> 0
A56: =+A55+1 -> 48 | B56: =+B22 -> 43842 | C56: 50 | D56: 50 | E56: 47 | F56: 45 | G56: =ROUND(AVERAGE(C22:V22,C56:F56),1) -> 50 | H56: =MAX(40-$G56,0) -> 0 | I56: =MAX(45-$G56,0) -> 0 | J56: =MAX(50-$G56,0) -> 0 | K56: =MAX(55-$G56,0) -> 5 | L56: =MAX(60-$G56,0) -> 10 | M56: =MAX(65-$G56,0) -> 15 | N56: =MAX($G56-50,0) -> 0 | O56: =MAX($G56-55,0) -> 0 | P56: =MAX($G56-60,0) -> 0 | Q56: =MAX($G56-65,0) -> 0 | R56: =MAX($G56-70,0) -> 0 | S56: =MAX($G56-75,0) -> 0 | T56: =MAX($G56-80,0) -> 0 | U56: =MAX($G56-85,0) -> 0
... A75: =+A74+1 -> 67 | B75: =+B41 -> 43861 | C75: 45 | D75: 40 | E75: 37 | F75: 37 | G75: =ROUND(AVERAGE(C41:V41,C75:F75),1) -> 39.2 | H75: =MAX(40-$G75,0) -> 0.8 | I75: =MAX(45-$G75,0) -> 5.8 | J75: =MAX(50-$G75,0) -> 10.8 | K75: =MAX(55-$G75,0) -> 15.8 | L75: =MAX(60-$G75,0) -> 20.8 | M75: =MAX(65-$G75,0) -> 25.8 | N75: =MAX($G75-50,0) -> 0 | O75: =MAX($G75-55,0) -> 0 | P75: =MAX($G75-60,0) -> 0 | Q75: =MAX($G75-65,0) -> 0 | R75: =MAX($G75-70,0) -> 0 | S75: =MAX($G75-75,0) -> 0 | T75: =MAX($G75-80,0) -> 0 | U75: =MAX($G75-85,0) -> 0
G77: JANUARY | H77: =SUM(H45:H75) -> 5.9 | I77: =SUM(I45:I75) -> 40.1 | J77: =SUM(J45:J75) -> 103.4 | K77: =SUM(K45:K75) -> 206.5 | L77: =SUM(L45:L75) -> 340.4 | M77: =SUM(M45:M75) -> 489.6 | N77: =SUM(N45:N75) -> 78.8 | O77: =SUM(O45:O75) -> 26.9 | ... U77: =SUM(U45:U75) -> 0

Sheet Abilene (AE) Jul 2020
B1: =+Base40h!B1 -> PUC DOCKET NO.
B2: =+Base40h!B2 -> ONCOR ELECTRIC DELIVERY COMPANY LLC
B3: =+Base40h!B3 -> WEATHER STATION DATA
B4: =+Base40h!B4 -> FOR THE TEST YEAR ENDING DECEMBER 31, 2021
B6: =+Base40h!B6 -> SPONSOR: D. E. NELSON
A7: Line No.
A9: 1 | B9: Abilene Daily Actual Weather Calculation for July 2020
A10: =+A9+1 -> 2 | B10: DATE | C10: HR1 | D10: HR2 | E10: HR3 | F10: HR4 | G10: HR5 | H10: HR6 | I10: HR7 | J10: HR8 | K10: HR9 | L10: HR10 | M10: HR11 | N10: HR12 | O10: HR13 | P10: HR14 | Q10: HR15 | R10: HR16 | S10: HR17 | T10: HR18 | U10: HR19 | V10: HR20
A11: =+A10+1 -> 3 | B11: 44013 | C11: 81 | D11: 80 | E11: 81 | F11: 80 | G11: 79 | H11: 78 | I11: 79 | J11: 80 | K11: 82 | L11: 84 | M11: 86 | N11: 88 | O11: 91 | P11: 94 | Q11: 97 | R11: 98 | S11: 97 | T11: 94 | U11: 85 | V11: 84
A12: =+A11+1 -> 4 | B12: =+B11+1 -> 44014 | C12: 78 | D12: 76 | E12: 73 | F12: 74 | G12: 71 | H12: 69 | I12: 69 | J12: 73 | K12: 76 | L12: 83 | M12: 85 | N12: 85 | O12: 84 | P12: 85 | Q12: 89 | R12: 92 | S12: 92 | T12: 91 | U12: 91 | V12: 90
A13: =+A12+1 -> 5 | B13: =+B12+1 -> 44015 | C13: 80 | D13: 77 | E13: 76 | F13: 76 | G13: 76 | H13: 76 | I13: 74 | J13: 77 | K13: 80 | L13: 83 | M13: 87 | N13: 89 | O13: 92 | P13: 93 | Q13: 95 | R13: 95 | S13: 95 | T13: 96 | U13: 96 | V13: 94
A14: =+A13+1 -> 6 | B14: =+B13+1 -> 44016 | C14: 78 | D14: 77 | E14: 76 | F14: 74 | G14: 73 | H14: 74 | I14: 75 | J14: 77 | K14: 81 | L14: 85 | M14: 89 | N14: 92 | O14: 95 | P14: 98 | Q14: 98 | R14: 99 | S14: 97 | T14: 97 | U14: 97 | V14: 94
A15: =+A14+1 -> 7 | B15: =+B14+1 -> 44017 | C15: 82 | D15: 78 | E15: 78 | F15: 78 | G15: 78 | H15: 79 | I15: 78 | J15: 79 | K15: 80 | L15: 81 | M15: 81 | N15: 82 | O15: 86 | P15: 86 | Q15: 88 | R15: 89 | S15: 90 | T15: 90 | U15: 90 | V15: 89
A16: =+A15+1 -> 8 | B16: =+B15+1 -> 44018 | C16: 73 | D16: 69 | E16: 70 | F16: 70 | G16: 72 | H16: 69 | I16: 70 | J16: 72 | K16: 76 | L16: 78 | M16: 79 | N16: 83 | O16: 85 | P16: 86 | Q16: 87 | R16: 89 | S16: 85 | T16: 83 | U16: 85 | V16: 84
A17: =+A16+1 -> 9 | B17: =+B16+1 -> 44019 | C17: 76 | D17: 72 | E17: 73 | F17: 73 | G17: 74 | H17: 74 | I17: 73 | J17: 73 | K17: 77 | L17: 79 | M17: 84 | N17: 87 | O17: 89 | P17: 90 | Q17: 90 | R17: 93 | S17: 90 | T17: 89 | U17: 79 | V17: 80
A18: =+A17+1 -> 10 | B18: =+B17+1 -> 44020 | C18: 72 | D18: 71 | E18: 71 | F18: 71 | G18: 73 | H18: 73 | I18: 73 | J18: 75 | K18: 80 | L18: 83 | M18: 86 | N18: 89 | O18: 92 | P18: 94 | Q18: 94 | R18: 97 | S18: 96 | T18: 96 | U18: 96 | V18: 93
A19: =+A18+1 -> 11 | B19: =+B18+1 -> 44021 | C19: 84 | D19: 84 | E19: 82 | F19: 81 | G19: 80 | H19: 78 | I19: 77 | J19: 78 | K19: 81 | L19: 84 | M19: 87 | N19: 89 | O19: 92 | P19: 95 | Q19: 97 | R19: 98 | S19: 99 | T19: 98 | U19: 97 | V19: 94
A20: =+A19+1 -> 12 | B20: =+B19+1 -> 44022 | C20: 85 | D20: 83 | E20: 82 | F20: 79 | G20: 77 | H20: 75 | I20: 75 | J20: 77 | K20: 80 | L20: 85 | M20: 88 | N20: 90 | O20: 92 | P20: 95 | Q20: 96 | R20: 97 | S20: 98 | T20: 98 | U20: 96 | V20: 94
A21: =+A20+1 -> 13 | B21: =+B20+1 -> 44023 | C21: 82 | D21: 80 | E21: 80 | F21: 78 | G21: 78 | H21: 80 | I21: 80 | J21: 81 | K21: 84 | L21: 87 | M21: 90 | N21: 94 | O21: 96 | P21: 98 | Q21: 99 | R21: 101 | S21: 101 | T21: 101 | U21: 100 | V21: 99
A22: =+A21+1 -> 14 | B22: =+B21+1 -> 44024 | C22: 81 | D22: 83 | E22: 83 | F22: 82 | G22: 81 | H22: 81 | I22: 80 | J22: 80 | K22: 82 | L22: 85 | M22: 88 | N22: 91 | O22: 93 | P22: 96 | Q22: 98 | R22: 101 | S22: 99 | T22: 101 | U22: 102 | V22: 99
A23: =+A22+1 -> 15 | B23: =+B22+1 -> 44025 | C23: 86 | D23: 83 | E23: 80 | F23: 78 | G23: 81 | H23: 80 | I23: 79 | J23: 82 | K23: 85 | L23: 90 | M23: 92 | N23: 97 | O23: 98 | P23: 102 | Q23: 107 | R23: 107 | S23: 105 | T23: 108 | U23: 105 | V23: 102
... A41: =+A40+1 -> 33 | B41: =+B40+1 -> 44043 | C41: 80 | D41: 77 | E41: 75 | F41: 76 | G41: 75 | H41: 74 | I41: 74 | J41: 74 | K41: 73 | L41: 73 | M41: 75 | N41: 79 | O41: 80 | P41: 84 | Q41: 86 | R41: 89 | S41: 90 | T41: 90 | U41: 90 | V41: 89
A42: =+A41+1 -> 34
A43: =+A42+1 -> 35
A44: =+A43+1 -> 36 | B44: DATE | C44: HR21 | D44: HR22 | E44: HR23 | F44: HR24 | G44: DAILY AVG | H44: HDD40 | I44: HDD45 | J44: HDD50 | K44: HDD55 | L44: HDD60 | M44: HDD65 | N44: CDD50 | O44: CDD55 | P44: CDD60 | Q44: CDD65 | R44: CDD70 | S44: CDD75 | T44: CDD80 | U44: CDD85
A45: =+A44+1 -> 37 | B45: =+B11 -> 44013 | C45: 83 | D45: 80 | E45: 78 | F45: 80 | G45: =ROUND(AVERAGE(C11:V11,C45:F45),1) -> 85 | H45: =MAX(40-$G45,0) -> 0 | I45: =MAX(45-$G45,0) -> 0 | J45: =MAX(50-$G45,0) -> 0 | K45: =MAX(55-$G45,0) -> 0 | L45: =MAX(60-$G45,0) -> 0 | M45: =MAX(65-$G45,0) -> 0 | N45: =MAX($G45-50,0) -> 35 | O45: =MAX($G45-55,0) -> 30 | P45: =MAX($G45-60,0) -> 25 | Q45: =MAX($G45-65,0) -> 20 | R45: =MAX($G45-70,0) -> 15 | S45: =MAX($G45-75,0) -> 10 | T45: =MAX($G45-80,0) -> 5 | U45: =MAX($G45-85,0) -> 0
A46: =+A45+1 -> 38 | B46: =+B12 -> 44014 | C46: 87 | D46: 84 | E46: 83 | F46: 81 | G46: =ROUND(AVERAGE(C12:V12,C46:F46),1) -> 81.7 | H46: =MAX(40-$G46,0) -> 0 | I46: =MAX(45-$G46,0) -> 0 | J46: =MAX(50-$G46,0) -> 0 | K46: =MAX(55-$G46,0) -> 0 | L46: =MAX(60-$G46,0) -> 0 | M46: =MAX(65-$G46,0) -> 0 | N46: =MAX($G46-50,0) -> 31.7 | O46: =MAX($G46-55,0) -> 26.7 | P46: =MAX($G46-60,0) -> 21.7 | Q46: =MAX($G46-65,0) -> 16.7 | R46: =MAX($G46-70,0) -> 11.7 | S46: =MAX($G46-75,0) -> 6.7 | T46: =MAX($G46-80,0) -> 1.7 | U46: =MAX($G46-85,0) -> 0
A47: =+A46+1 -> 39 | B47: =+B13 -> 44015 | C47: 90 | D47: 83 | E47: 82 | F47: 79 | G47: =ROUND(AVERAGE(C13:V13,C47:F47),1) -> 85 | H47: =MAX(40-$G47,0) -> 0 | I47: =MAX(45-$G47,0) -> 0 | J47: =MAX(50-$G47,0) -> 0 | K47: =MAX(55-$G47,0) -> 0 | L47: =MAX(60-$G47,0) -> 0 | M47: =MAX(65-$G47,0) -> 0 | N47: =MAX($G47-50,0) -> 35 | O47: =MAX($G47-55,0) -> 30 | P47: =MAX($G47-60,0) -> 25 | Q47: =MAX($G47-65,0) -> 20 | R47: =MAX($G47-70,0) -> 15 | S47: =MAX($G47-75,0) -> 10 | T47: =MAX($G47-80,0) -> 5 | U47: =MAX($G47-85,0) -> 0
A48: =+A47+1 -> 40 | B48: =+B14 -> 44016 | C48: 93 | D48: 87 | E48: 82 | F48: 82 | G48: =ROUND(AVERAGE(C14:V14,C48:F48),1) -> 86.3 | H48: =MAX(40-$G48,0) -> 0 | I48: =MAX(45-$G48,0) -> 0 | J48: =MAX(50-$G48,0) -> 0 | K48: =MAX(55-$G48,0) -> 0 | L48: =MAX(60-$G48,0) -> 0 | M48: =MAX(65-$G48,0) -> 0 | N48: =MAX($G48-50,0) -> 36.3 | O48: =MAX($G48-55,0) -> 31.3 | P48: =MAX($G48-60,0) -> 26.3 | Q48: =MAX($G48-65,0) -> 21.3 | R48: =MAX($G48-70,0) -> 16.3 | S48: =MAX($G48-75,0) -> 11.3 | T48: =MAX($G48-80,0) -> 6.3 | U48: =MAX($G48-85,0) -> 1.3
A49: =+A48+1 -> 41 | B49: =+B15 -> 44017 | C49: 86 | D49: 83 | E49: 81 | F49: 78 | G49: =ROUND(AVERAGE(C15:V15,C49:F49),1) -> 82.9 | H49: =MAX(40-$G49,0) -> 0 | I49: =MAX(45-$G49,0) -> 0 | J49: =MAX(50-$G49,0) -> 0 | K49: =MAX(55-$G49,0) -> 0 | L49: =MAX(60-$G49,0) -> 0 | M49: =MAX(65-$G49,0) -> 0 | N49: =MAX($G49-50,0) -> 32.9 | O49: =MAX($G49-55,0) -> 27.9 | P49: =MAX($G49-60,0) -> 22.9 | Q49: =MAX($G49-65,0) -> 17.9 | R49: =MAX($G49-70,0) -> 12.9 | S49: =MAX($G49-75,0) -> 7.9 | T49: =MAX($G49-80,0) -> 2.9 | U49: =MAX($G49-85,0) -> 0
A50: =+A49+1 -> 42 | B50: =+B16 -> 44018 | C50: 80 | D50: 78 | E50: 77 | F50: 76 | G50: =ROUND(AVERAGE(C16:V16,C50:F50),1) -> 78.2 | H50: =MAX(40-$G50,0) -> 0 | I50: =MAX(45-$G50,0) -> 0 | J50: =MAX(50-$G50,0) -> 0 | K50: =MAX(55-$G50,0) -> 0 | L50: =MAX(60-$G50,0) -> 0 | M50: =MAX(65-$G50,0) -> 0 | N50: =MAX($G50-50,0) -> 28.2 | O50: =MAX($G50-55,0) -> 23.2 | P50: =MAX($G50-60,0) -> 18.2 | Q50: =MAX($G50-65,0) -> 13.2 | R50: =MAX($G50-70,0) -> 8.2 | S50: =MAX($G50-75,0) -> 3.2 | T50: =MAX($G50-80,0) -> 0 | U50: =MAX($G50-85,0) -> 0
A51: =+A50+1 -> 43 | B51: =+B17 -> 44019 | C51: 79 | D51: 76 | E51: 74 | F51: 73 | G51: =ROUND(AVERAGE(C17:V17,C51:F51),1) -> 79.9 | H51: =MAX(40-$G51,0) -> 0 | I51: =MAX(45-$G51,0) -> 0 | J51: =MAX(50-$G51,0) -> 0 | K51: =MAX(55-$G51,0) -> 0 | L51: =MAX(60-$G51,0) -> 0 | M51: =MAX(65-$G51,0) -> 0 | N51: =MAX($G51-50,0) -> 29.9 | O51: =MAX($G51-55,0) -> 24.9 | P51: =MAX($G51-60,0) -> 19.9 | Q51: =MAX($G51-65,0) -> 14.9 | R51: =MAX($G51-70,0) -> 9.9 | S51: =MAX($G51-75,0) -> 4.9 | T51: =MAX($G51-80,0) -> 0 | U51: =MAX($G51-85,0) -> 0
A52: =+A51+1 -> 44 | B52: =+B18 -> 44020 | C52: 87 | D52: 84 | E52: 84 | F52: 83 | G52: =ROUND(AVERAGE(C18:V18,C52:F52),1) -> 83.9 | H52: =MAX(40-$G52,0) -> 0 | I52: =MAX(45-$G52,0) -> 0 | J52: =MAX(50-$G52,0) -> 0 | K52: =MAX(55-$G52,0) -> 0 | L52: =MAX(60-$G52,0) -> 0 | M52: =MAX(65-$G52,0) -> 0 | N52: =MAX($G52-50,0) -> 33.9 | O52: =MAX($G52-55,0) -> 28.9 | P52: =MAX($G52-60,0) -> 23.9 | Q52: =MAX($G52-65,0) -> 18.9 | R52: =MAX($G52-70,0) -> 13.9 | S52: =MAX($G52-75,0) -> 8.9 | T52: =MAX($G52-80,0) -> 3.9 | U52: =MAX($G52-85,0) -> 0
A53: =+A52+1 -> 45 | B53: =+B19 -> 44021 | C53: 90 | D53: 87 | E53: 87 | F53: 86 | G53: =ROUND(AVERAGE(C19:V19,C53:F53),1) -> 87.7 | H53: =MAX(40-$G53,0) -> 0 | I53: =MAX(45-$G53,0) -> 0 | J53: =MAX(50-$G53,0) -> 0 | K53: =MAX(55-$G53,0) -> 0 | L53: =MAX(60-$G53,0) -> 0 | M53: =MAX(65-$G53,0) -> 0 | N53: =MAX($G53-50,0) -> 37.7 | O53: =MAX($G53-55,0) -> 32.7 | P53: =MAX($G53-60,0) -> 27.7 | Q53: =MAX($G53-65,0) -> 22.7 | R53: =MAX($G53-70,0) -> 17.7 | S53: =MAX($G53-75,0) -> 12.7 | T53: =MAX($G53-80,0) -> 7.7 | U53: =MAX($G53-85,0) -> 2.7
A54: =+A53+1 -> 46 | B54: =+B20 -> 44022 | C54: 91 | D54: 87 | E54: 84 | F54: 84 | G54: =ROUND(AVERAGE(C20:V20,C54:F54),1) -> 87 | H54: =MAX(40-$G54,0) -> 0 | I54: =MAX(45-$G54,0) -> 0 | J54: =MAX(50-$G54,0) -> 0 | K54: =MAX(55-$G54,0) -> 0 | L54: =MAX(60-$G54,0) -> 0 | M54: =MAX(65-$G54,0) -> 0 | N54: =MAX($G54-50,0) -> 37 | O54: =MAX($G54-55,0) -> 32 | P54: =MAX($G54-60,0) -> 27 | Q54: =MAX($G54-65,0) -> 22 | R54: =MAX($G54-70,0) -> 17 | S54: =MAX($G54-75,0) -> 12 | T54: =MAX($G54-80,0) -> 7 | U54: =MAX($G54-85,0) -> 2
A55: =+A54+1 -> 47 | B55: =+B21 -> 44023 | C55: 92 | D55: 87 | E55: 85 | F55: 83 | G55: =ROUND(AVERAGE(C21:V21,C55:F55),1) -> 89 | H55: =MAX(40-$G55,0) -> 0 | I55: =MAX(45-$G55,0) -> 0 | J55: =MAX(50-$G55,0) -> 0 | K55: =MAX(55-$G55,0) -> 0 | L55: =MAX(60-$G55,0) -> 0 | M55: =MAX(65-$G55,0) -> 0 | N55: =MAX($G55-50,0) -> 39 | O55: =MAX($G55-55,0) -> 34 | P55: =MAX($G55-60,0) -> 29 | Q55: =MAX($G55-65,0) -> 24 | R55: =MAX($G55-70,0) -> 19 | S55: =MAX($G55-75,0) -> 14 | T55: =MAX($G55-80,0) -> 9 | U55: =MAX($G55-85,0) -> 4
A56: =+A55+1 -> 48 | B56: =+B22 -> 44024 | C56: 94 | D56: 87 | E56: 87 | F56: 87 | G56: =ROUND(AVERAGE(C22:V22,C56:F56),1) -> 89.2 | H56: =MAX(40-$G56,0) -> 0 | I56: =MAX(45-$G56,0) -> 0 | J56: =MAX(50-$G56,0) -> 0 | K56: =MAX(55-$G56,0) -> 0 | L56: =MAX(60-$G56,0) -> 0 | M56: =MAX(65-$G56,0) -> 0 | N56: =MAX($G56-50,0) -> 39.2 | O56: =MAX($G56-55,0) -> 34.2 | P56: =MAX($G56-60,0) -> 29.2 | Q56: =MAX($G56-65,0) -> 24.2 | R56: =MAX($G56-70,0) -> 19.2 | S56: =MAX($G56-75,0) -> 14.2 | T56: =MAX($G56-80,0) -> 9.2 | U56: =MAX($G56-85,0) -> 4.2
... A75: =+A74+1 -> 67 | B75: =+B41 -> 44043 | C75: 85 | D75: 80 | E75: 77 | F75: 74 | G75: =ROUND(AVERAGE(C41:V41,C75:F75),1) -> 80 | H75: =MAX(40-$G75,0) -> 0 | I75: =MAX(45-$G75,0) -> 0 | J75: =MAX(50-$G75,0) -> 0 | K75: =MAX(55-$G75,0) -> 0 | L75: =MAX(60-$G75,0) -> 0 | M75: =MAX(65-$G75,0) -> 0 | N75: =MAX($G75-50,0) -> 30 | O75: =MAX($G75-55,0) -> 25 | P75: =MAX($G75-60,0) -> 20 | Q75: =MAX($G75-65,0) -> 15 | R75: =MAX($G75-70,0) -> 10 | S75: =MAX($G75-75,0) -> 5 | T75: =MAX($G75-80,0) -> 0 | U75: =MAX($G75-85,0) -> 0
G77: JULY | H77: =SUM(H45:H75) -> 0 | I77: =SUM(I45:I75) -> 0 | J77: =SUM(J45:J75) -> 0 | K77: =SUM(K45:K75) -> 0 | L77: =SUM(L45:L75) -> 0 | M77: =SUM(M45:M75) -> 0 | N77: =SUM(N45:N75) -> 1093.6 | O77: =SUM(O45:O75) -> 938.6 | ... U77: =SUM(U45:U75) -> 48.4

Sheet Abilene (AE) Jan 2021
B1: =+Base40h!B1 -> PUC DOCKET NO.
B2: =+Base40h!B2 -> ONCOR ELECTRIC DELIVERY COMPANY LLC
B3: =+Base40h!B3 -> WEATHER STATION DATA
B4: =+Base40h!B4 -> FOR THE TEST YEAR ENDING DECEMBER 31, 2021
B6: =+Base40h!B6 -> SPONSOR: D. E. NELSON
A7: Line No.
A9: 1 | B9: Abilene Daily Actual Weather Calculation for January 2021
A10: =+A9+1 -> 2 | B10: DATE | C10: HR1 | D10: HR2 | E10: HR3 | F10: HR4 | G10: HR5 | H10: HR6 | I10: HR7 | J10: HR8 | K10: HR9 | L10: HR10 | M10: HR11 | N10: HR12 | O10: HR13 | P10: HR14 | Q10: HR15 | R10: HR16 | S10: HR17 | T10: HR18 | U10: HR19 | V10: HR20
A11: =+A10+1 -> 3 | B11: 44197 | C11: 32 | D11: 32 | E11: 33 | F11: 33 | G11: 33 | H11: 32 | I11: 32 | J11: 32 | K11: 33 | L11: 34 | M11: 35 | N11: 37 | O11: 39 | P11: 41 | Q11: 43 | R11: 45 | S11: 46 | T11: 45 | U11: 43 | V11: 39
A12: =+A11+1 -> 4 | B12: =+B11+1 -> 44198 | C12: 39 | D12: 38 | E12: 37 | F12: 38 | G12: 36 | H12: 36 | I12: 36 | J12: 35 | K12: 35 | L12: 38 | M12: 44 | N12: 49 | O12: 55 | P12: 56 | Q12: 57 | R12: 57 | S12: 57 | T12: 56 | U12: 49 | V12: 45
A13: =+A12+1 -> 5 | B13: =+B12+1 -> 44199 | C13: 43 | D13: 42 | E13: 41 | F13: 40 | G13: 40 | H13: 39 | I13: 39 | J13: 38 | K13: 38 | L13: 42 | M13: 50 | N13: 55 | O13: 56 | P13: 58 | Q13: 58 | R13: 59 | S13: 60 | T13: 59 | U13: 54 | V13: 49
A14: =+A13+1 -> 6 | B14: =+B13+1 -> 44200 | C14: 44 | D14: 46 | E14: 47 | F14: 46 | G14: 44 | H14: 43 | I14: 42 | J14: 41 | K14: 42 | L14: 46 | M14: 46 | N14: 49 | O14: 53 | P14: 56 | Q14: 58 | R14: 62 | S14: 63 | T14: 61 | U14: 56 | V14: 54
A15: =+A14+1 -> 7 | B15: =+B14+1 -> 44201 | C15: 37 | D15: 39 | E15: 34 | F15: 35 | G15: 36 | H15: 32 | I15: 33 | J15: 36 | K15: 33 | L15: 38 | M15: 48 | N15: 57 | O15: 59 | P15: 62 | Q15: 63 | R15: 65 | S15: 66 | T15: 64 | U15: 58 | V15: 55
A16: =+A15+1 -> 8 | B16: =+B15+1 -> 44202 | C16: 55 | D16: 55 | E16: 54 | F16: 53 | G16: 50 | H16: 49 | I16: 47 | J16: 45 | K16: 45 | L16: 46 | M16: 48 | N16: 50 | O16: 53 | P16: 55 | Q16: 56 | R16: 56 | S16: 55 | T16: 54 | U16: 53 | V16: 52
A17: =+A16+1 -> 9 | B17: =+B16+1 -> 44203 | C17: 40 | D17: 38 | E17: 35 | F17: 38 | G17: 36 | H17: 35 | I17: 34 | J17: 33 | K17: 32 | L17: 39 | M17: 44 | N17: 47 | O17: 49 | P17: 51 | Q17: 52 | R17: 53 | S17: 52 | T17: 51 | U17: 47 | V17: 44
A18: =+A17+1 -> 10 | B18: =+B17+1 -> 44204 | C18: 37 | D18: 36 | E18: 35 | F18: 34 | G18: 34 | H18: 30 | I18: 29 | J18: 30 | K18: 30 | L18: 32 | M18: 36 | N18: 39 | O18: 40 | P18: 39 | Q18: 40 | R18: 40 | S18: 40 | T18: 40 | U18: 39 | V18: 39
A19: =+A18+1 -> 11 | B19: =+B18+1 -> 44205 | C19: 37 | D19: 36 | E19: 36 | F19: 36 | G19: 35 | H19: 33 | I19: 31 | J19: 28 | K19: 28 | L19: 29 | M19: 35 | N19: 39 | O19: 43 | P19: 45 | Q19: 48 | R19: 49 | S19: 48 | T19: 47 | U19: 46 | V19: 45
A20: =+A19+1 -> 12 | B20: =+B19+1 -> 44206 | C20: 42 | D20: 41 | E20: 40 | F20: 39 | G20: 38 | H20: 35 | I20: 33 | J20: 32 | K20: 32 | L20: 32 | M20: 33 | N20: 33 | O20: 33 | P20: 33 | Q20: 33 | R20: 33 | S20: 33 | T20: 33 | U20: 33 | V20: 32
A21: =+A20+1 -> 13 | B21: =+B20+1 -> 44207 | C21: 32 | D21: 32 | E21: 33 | F21: 33 | G21: 33 | H21: 33 | I21: 33 | J21: 33 | K21: 33 | L21: 33 | M21: 34 | N21: 35 | O21: 37 | P21: 40 | Q21: 40 | R21: 40 | S21: 40 | T21: 40 | U21: 39 | V21: 38
A22: =+A21+1 -> 14 | B22: =+B21+1 -> 44208 | C22: 30 | D22: 26 | E22: 27 | F22: 28 | G22: 26 | H22: 26 | I22: 26 | J22: 25 | K22: 25 | L22: 30 | M22: 32 | N22: 37 | O22: 39 | P22: 41 | Q22: 42 | R22: 44 | S22: 44 | T22: 45 | U22: 44 | V22: 39
A23: =+A22+1 -> 15 | B23: =+B22+1 -> 44209 | C23: 35 | D23: 34 | E23: 35 | F23: 34 | G23: 34 | H23: 32 | I23: 32 | J23: 33 | K23: 33 | L23: 36 | M23: 41 | N23: 47 | O23: 54 | P23: 58 | Q23: 62 | R23: 61 | S23: 61 | T23: 60 | U23: 56 | V23: 50
... A41: =+A40+1 -> 33 | B41: =+B40+1 -> 44227 | C41: 51 | D41: 51 | E41: 48 | F41: 45 | G41: 44 | H41: 45 | I41: 42 | J41: 42 | K41: 40 | L41: 44 | M41: 47 | N41: 49 | O41: 52 | P41: 55 | Q41: 57 | R41: 58 | S41: 60 | T41: 58 | U41: 55 | V41: 50
A42: =+A41+1 -> 34
A43: =+A42+1 -> 35
A44: =+A43+1 -> 36 | B44: DATE | C44: HR21 | D44: HR22 | E44: HR23 | F44: HR24 | G44: DAILY AVG | H44: HDD40 | I44: HDD45 | J44: HDD50 | K44: HDD55 | L44: HDD60 | M44: HDD65 | N44: CDD50 | O44: CDD55 | P44: CDD60 | Q44: CDD65 | R44: CDD70 | S44: CDD75 | T44: CDD80 | U44: CDD85
A45: =+A44+1 -> 37 | B45: =+B11 -> 44197 | C45: 39 | D45: 36 | E45: 36 | F45: 38 | G45: =ROUND(AVERAGE(C11:V11,C45:F45),1) -> 37 | H45: =MAX(40-$G45,0) -> 3 | I45: =MAX(45-$G45,0) -> 8 | J45: =MAX(50-$G45,0) -> 13 | K45: =MAX(55-$G45,0) -> 18 | L45: =MAX(60-$G45,0) -> 23 | M45: =MAX(65-$G45,0) -> 28 | N45: =MAX($G45-50,0) -> 0 | O45: =MAX($G45-55,0) -> 0 | P45: =MAX($G45-60,0) -> 0 | Q45: =MAX($G45-65,0) -> 0 | R45: =MAX($G45-70,0) -> 0 | S45: =MAX($G45-75,0) -> 0 | T45: =MAX($G45-80,0) -> 0 | U45: =MAX($G45-85,0) -> 0
A46: =+A45+1 -> 38 | B46: =+B12 -> 44198 | C46: 45 | D46: 45 | E46: 44 | F46: 45 | G46: =ROUND(AVERAGE(C12:V12,C46:F46),1) -> 44.7 | H46: =MAX(40-$G46,0) -> 0 | I46: =MAX(45-$G46,0) -> 0.3 | J46: =MAX(50-$G46,0) -> 5.3 | K46: =MAX(55-$G46,0) -> 10.3 | L46: =MAX(60-$G46,0) -> 15.3 | M46: =MAX(65-$G46,0) -> 20.3 | N46: =MAX($G46-50,0) -> 0 | O46: =MAX($G46-55,0) -> 0 | P46: =MAX($G46-60,0) -> 0 | Q46: =MAX($G46-65,0) -> 0 | R46: =MAX($G46-70,0) -> 0 | S46: =MAX($G46-75,0) -> 0 | T46: =MAX($G46-80,0) -> 0 | U46: =MAX($G46-85,0) -> 0
A47: =+A46+1 -> 39 | B47: =+B13 -> 44199 | C47: 43 | D47: 44 | E47: 43 | F47: 43 | G47: =ROUND(AVERAGE(C13:V13,C47:F47),1) -> 47.2 | H47: =MAX(40-$G47,0) -> 0 | I47: =MAX(45-$G47,0) -> 0 | J47: =MAX(50-$G47,0) -> 2.8 | K47: =MAX(55-$G47,0) -> 7.8 | L47: =MAX(60-$G47,0) -> 12.8 | M47: =MAX(65-$G47,0) -> 17.8 | N47: =MAX($G47-50,0) -> 0 | O47: =MAX($G47-55,0) -> 0 | P47: =MAX($G47-60,0) -> 0 | Q47: =MAX($G47-65,0) -> 0 | R47: =MAX($G47-70,0) -> 0 | S47: =MAX($G47-75,0) -> 0 | T47: =MAX($G47-80,0) -> 0 | U47: =MAX($G47-85,0) -> 0
A48: =+A47+1 -> 40 | B48: =+B14 -> 44200 | C48: 47 | D48: 44 | E48: 42 | F48: 39 | G48: =ROUND(AVERAGE(C14:V14,C48:F48),1) -> 48.8 | H48: =MAX(40-$G48,0) -> 0 | I48: =MAX(45-$G48,0) -> 0 | J48: =MAX(50-$G48,0) -> 1.2 | K48: =MAX(55-$G48,0) -> 6.2 | L48: =MAX(60-$G48,0) -> 11.2 | M48: =MAX(65-$G48,0) -> 16.2 | N48: =MAX($G48-50,0) -> 0 | O48: =MAX($G48-55,0) -> 0 | P48: =MAX($G48-60,0) -> 0 | Q48: =MAX($G48-65,0) -> 0 | R48: =MAX($G48-70,0) -> 0 | S48: =MAX($G48-75,0) -> 0 | T48: =MAX($G48-80,0) -> 0 | U48: =MAX($G48-85,0) -> 0
A49: =+A48+1 -> 41 | B49: =+B15 -> 44201 | C49: 54 | D49: 51 | E49: 56 | F49: 57 | G49: =ROUND(AVERAGE(C15:V15,C49:F49),1) -> 48.7 | H49: =MAX(40-$G49,0) -> 0 | I49: =MAX(45-$G49,0) -> 0 | J49: =MAX(50-$G49,0) -> 1.3 | K49: =MAX(55-$G49,0) -> 6.3 | L49: =MAX(60-$G49,0) -> 11.3 | M49: =MAX(65-$G49,0) -> 16.3 | N49: =MAX($G49-50,0) -> 0 | O49: =MAX($G49-55,0) -> 0 | P49: =MAX($G49-60,0) -> 0 | Q49: =MAX($G49-65,0) -> 0 | R49: =MAX($G49-70,0) -> 0 | S49: =MAX($G49-75,0) -> 0 | T49: =MAX($G49-80,0) -> 0 | U49: =MAX($G49-85,0) -> 0
A50: =+A49+1 -> 42 | B50: =+B16 -> 44202 | C50: 49 | D50: 46 | E50: 46 | F50: 45 | G50: =ROUND(AVERAGE(C16:V16,C50:F50),1) -> 50.7 | H50: =MAX(40-$G50,0) -> 0 | I50: =MAX(45-$G50,0) -> 0 | J50: =MAX(50-$G50,0) -> 0 | K50: =MAX(55-$G50,0) -> 4.3 | L50: =MAX(60-$G50,0) -> 9.3 | M50: =MAX(65-$G50,0) -> 14.3 | N50: =MAX($G50-50,0) -> 0.7 | O50: =MAX($G50-55,0) -> 0 | P50: =MAX($G50-60,0) -> 0 | Q50: =MAX($G50-65,0) -> 0 | R50: =MAX($G50-70,0) -> 0 | S50: =MAX($G50-75,0) -> 0 | T50: =MAX($G50-80,0) -> 0 | U50: =MAX($G50-85,0) -> 0
A51: =+A50+1 -> 43 | B51: =+B17 -> 44203 | C51: 43 | D51: 40 | E51: 39 | F51: 37 | G51: =ROUND(AVERAGE(C17:V17,C51:F51),1) -> 42 | H51: =MAX(40-$G51,0) -> 0 | I51: =MAX(45-$G51,0) -> 3 | J51: =MAX(50-$G51,0) -> 8 | K51: =MAX(55-$G51,0) -> 13 | L51: =MAX(60-$G51,0) -> 18 | M51: =MAX(65-$G51,0) -> 23 | N51: =MAX($G51-50,0) -> 0 | O51: =MAX($G51-55,0) -> 0 | P51: =MAX($G51-60,0) -> 0 | Q51: =MAX($G51-65,0) -> 0 | R51: =MAX($G51-70,0) -> 0 | S51: =MAX($G51-75,0) -> 0 | T51: =MAX($G51-80,0) -> 0 | U51: =MAX($G51-85,0) -> 0
A52: =+A51+1 -> 44 | B52: =+B18 -> 44204 | C52: 38 | D52: 38 | E52: 38 | F52: 37 | G52: =ROUND(AVERAGE(C18:V18,C52:F52),1) -> 36.3 | H52: =MAX(40-$G52,0) -> 3.7 | I52: =MAX(45-$G52,0) -> 8.7 | J52: =MAX(50-$G52,0) -> 13.7 | K52: =MAX(55-$G52,0) -> 18.7 | L52: =MAX(60-$G52,0) -> 23.7 | M52: =MAX(65-$G52,0) -> 28.7 | N52: =MAX($G52-50,0) -> 0 | O52: =MAX($G52-55,0) -> 0 | P52: =MAX($G52-60,0) -> 0 | Q52: =MAX($G52-65,0) -> 0 | R52: =MAX($G52-70,0) -> 0 | S52: =MAX($G52-75,0) -> 0 | T52: =MAX($G52-80,0) -> 0 | U52: =MAX($G52-85,0) -> 0
A53: =+A52+1 -> 45 | B53: =+B19 -> 44205 | C53: 44 | D53: 44 | E53: 43 | F53: 43 | G53: =ROUND(AVERAGE(C19:V19,C53:F53),1) -> 39.5 | H53: =MAX(40-$G53,0) -> 0.5 | I53: =MAX(45-$G53,0) -> 5.5 | J53: =MAX(50-$G53,0) -> 10.5 | K53: =MAX(55-$G53,0) -> 15.5 | L53: =MAX(60-$G53,0) -> 20.5 | M53: =MAX(65-$G53,0) -> 25.5 | N53: =MAX($G53-50,0) -> 0 | O53: =MAX($G53-55,0) -> 0 | P53: =MAX($G53-60,0) -> 0 | Q53: =MAX($G53-65,0) -> 0 | R53: =MAX($G53-70,0) -> 0 | S53: =MAX($G53-75,0) -> 0 | T53: =MAX($G53-80,0) -> 0 | U53: =MAX($G53-85,0) -> 0
A54: =+A53+1 -> 46 | B54: =+B20 -> 44206 | C54: 32 | D54: 32 | E54: 31 | F54: 31 | G54: =ROUND(AVERAGE(C20:V20,C54:F54),1) -> 34.1 | H54: =MAX(40-$G54,0) -> 5.9 | I54: =MAX(45-$G54,0) -> 10.9 | J54: =MAX(50-$G54,0) -> 15.9 | K54: =MAX(55-$G54,0) -> 20.9 | L54: =MAX(60-$G54,0) -> 25.9 | M54: =MAX(65-$G54,0) -> 30.9 | N54: =MAX($G54-50,0) -> 0 | O54: =MAX($G54-55,0) -> 0 | P54: =MAX($G54-60,0) -> 0 | Q54: =MAX($G54-65,0) -> 0 | R54: =MAX($G54-70,0) -> 0 | S54: =MAX($G54-75,0) -> 0 | T54: =MAX($G54-80,0) -> 0 | U54: =MAX($G54-85,0) -> 0
A55: =+A54+1 -> 47 | B55: =+B21 -> 44207 | C55: 33 | D55: 31 | E55: 30 | F55: 28 | G55: =ROUND(AVERAGE(C21:V21,C55:F55),1) -> 34.7 | H55: =MAX(40-$G55,0) -> 5.3 | I55: =MAX(45-$G55,0) -> 10.3 | J55: =MAX(50-$G55,0) -> 15.3 | K55: =MAX(55-$G55,0) -> 20.3 | L55: =MAX(60-$G55,0) -> 25.3 | M55: =MAX(65-$G55,0) -> 30.3 | N55: =MAX($G55-50,0) -> 0 | O55: =MAX($G55-55,0) -> 0 | P55: =MAX($G55-60,0) -> 0 | Q55: =MAX($G55-65,0) -> 0 | R55: =MAX($G55-70,0) -> 0 | S55: =MAX($G55-75,0) -> 0 | T55: =MAX($G55-80,0) -> 0 | U55: =MAX($G55-85,0) -> 0
A56: =+A55+1 -> 48 | B56: =+B22 -> 44208 | C56: 36 | D56: 36 | E56: 35 | F56: 34 | G56: =ROUND(AVERAGE(C22:V22,C56:F56),1) -> 34 | H56: =MAX(40-$G56,0) -> 6 | I56: =MAX(45-$G56,0) -> 11 | J56: =MAX(50-$G56,0) -> 16 | K56: =MAX(55-$G56,0) -> 21 | L56: =MAX(60-$G56,0) -> 26 | M56: =MAX(65-$G56,0) -> 31 | N56: =MAX($G56-50,0) -> 0 | O56: =MAX($G56-55,0) -> 0 | P56: =MAX($G56-60,0) -> 0 | Q56: =MAX($G56-65,0) -> 0 | R56: =MAX($G56-70,0) -> 0 | S56: =MAX($G56-75,0) -> 0 | T56: =MAX($G56-80,0) -> 0 | U56: =MAX($G56-85,0) -> 0
... A75: =+A74+1 -> 67 | B75: =+B41 -> 44227 | C75: 49 | D75: 44 | E75: 40 | F75: 39 | G75: =ROUND(AVERAGE(C41:V41,C75:F75),1) -> 48.5 | H75: =MAX(40-$G75,0) -> 0 | I75: =MAX(45-$G75,0) -> 0 | J75: =MAX(50-$G75,0) -> 1.5 | K75: =MAX(55-$G75,0) -> 6.5 | L75: =MAX(60-$G75,0) -> 11.5 | M75: =MAX(65-$G75,0) -> 16.5 | N75: =MAX($G75-50,0) -> 0 | O75: =MAX($G75-55,0) -> 0 | P75: =MAX($G75-60,0) -> 0 | Q75: =MAX($G75-65,0) -> 0 | R75: =MAX($G75-70,0) -> 0 | S75: =MAX($G75-75,0) -> 0 | T75: =MAX($G75-80,0) -> 0 | U75: =MAX($G75-85,0) -> 0
G77: JANUARY | H77: =SUM(H45:H75) -> 24.4 | I77: =SUM(I45:I75) -> 74.3 | J77: =SUM(J45:J75) -> 169.1 | K77: =SUM(K45:K75) -> 305.6 | L77: =SUM(L45:L75) -> 450.9 | M77: =SUM(M45:M75) -> 605.3 | N77: =SUM(N45:N75) -> 28.8 | O77: =SUM(O45:O75) -> 10.3 | ... U77: =SUM(U45:U75) -> 0

Sheet Abilene (AE) Jul 2021
B1: =+Base40h!B1 -> PUC DOCKET NO.
B2: =+Base40h!B2 -> ONCOR ELECTRIC DELIVERY COMPANY LLC
B3: =+Base40h!B3 -> WEATHER STATION DATA
B4: =+Base40h!B4 -> FOR THE TEST YEAR ENDING DECEMBER 31, 2021
B6: =+Base40h!B6 -> SPONSOR: D. E. NELSON
A7: Line No.
A9: 1 | B9: Abilene Daily Actual Weather Calculation for July 2021
A10: =+A9+1 -> 2 | B10: DATE | C10: HR1 | D10: HR2 | E10: HR3 | F10: HR4 | G10: HR5 | H10: HR6 | I10: HR7 | J10: HR8 | K10: HR9 | L10: HR10 | M10: HR11 | N10: HR12 | O10: HR13 | P10: HR14 | Q10: HR15 | R10: HR16 | S10: HR17 | T10: HR18 | U10: HR19 | V10: HR20
A11: =+A10+1 -> 3 | B11: 44378 | C11: 77 | D11: 76 | E11: 74 | F11: 74 | G11: 74 | H11: 74 | I11: 73 | J11: 75 | K11: 79 | L11: 83 | M11: 85 | N11: 88 | O11: 89 | P11: 91 | Q11: 91 | R11: 92 | S11: 91 | T11: 92 | U11: 90 | V11: 90
A12: =+A11+1 -> 4 | B12: =+B11+1 -> 44379 | C12: 78 | D12: 78 | E12: 77 | F12: 75 | G12: 75 | H12: 75 | I12: 75 | J12: 76 | K12: 78 | L12: 78 | M12: 80 | N12: 81 | O12: 81 | P12: 84 | Q12: 86 | R12: 88 | S12: 86 | T12: 87 | U12: 88 | V12: 86
A13: =+A12+1 -> 5 | B13: =+B12+1 -> 44380 | C13: 78 | D13: 77 | E13: 76 | F13: 76 | G13: 71 | H13: 70 | I13: 70 | J13: 71 | K13: 72 | L13: 73 | M13: 75 | N13: 74 | O13: 75 | P13: 75 | Q13: 79 | R13: 81 | S13: 82 | T13: 80 | U13: 76 | V13: 77
A14: =+A13+1 -> 6 | B14: =+B13+1 -> 44381 | C14: 73 | D14: 74 | E14: 75 | F14: 74 | G14: 74 | H14: 74 | I14: 74 | J14: 74 | K14: 76 | L14: 78 | M14: 82 | N14: 84 | O14: 87 | P14: 88 | Q14: 86 | R14: 81 | S14: 81 | T14: 86 | U14: 82 | V14: 82
A15: =+A14+1 -> 7 | B15: =+B14+1 -> 44382 | C15: 75 | D15: 75 | E15: 74 | F15: 74 | G15: 74 | H15: 74 | I15: 74 | J15: 75 | K15: 77 | L15: 78 | M15: 79 | N15: 77 | O15: 76 | P15: 71 | Q15: 73 | R15: 77 | S15: 82 | T15: 81 | U15: 81 | V15: 78
A16: =+A15+1 -> 8 | B16: =+B15+1 -> 44383 | C16: 72 | D16: 72 | E16: 71 | F16: 72 | G16: 72 | H16: 73 | I16: 73 | J16: 74 | K16: 75 | L16: 77 | M16: 78 | N16: 80 | O16: 81 | P16: 83 | Q16: 84 | R16: 84 | S16: 87 | T16: 87 | U16: 86 | V16: 84
A17: =+A16+1 -> 9 | B17: =+B16+1 -> 44384 | C17: 74 | D17: 73 | E17: 72 | F17: 71 | G17: 70 | H17: 71 | I17: 71 | J17: 73 | K17: 75 | L17: 79 | M17: 82 | N17: 83 | O17: 84 | P17: 85 | Q17: 86 | R17: 89 | S17: 89 | T17: 89 | U17: 88 | V17: 86
A18: =+A17+1 -> 10 | B18: =+B17+1 -> 44385 | C18: 74 | D18: 74 | E18: 72 | F18: 72 | G18: 72 | H18: 71 | I18: 72 | J18: 73 | K18: 78 | L18: 82 | M18: 83 | N18: 87 | O18: 88 | P18: 89 | Q18: 88 | R18: 90 | S18: 90 | T18: 91 | U18: 90 | V18: 87
A19: =+A18+1 -> 11 | B19: =+B18+1 -> 44386 | C19: 73 | D19: 72 | E19: 72 | F19: 72 | G19: 71 | H19: 72 | I19: 73 | J19: 74 | K19: 75 | L19: 76 | M19: 77 | N19: 79 | O19: 80 | P19: 85 | Q19: 87 | R19: 87 | S19: 89 | T19: 87 | U19: 86 | V19: 83
A20: =+A19+1 -> 12 | B20: =+B19+1 -> 44387 | C20: 75 | D20: 75 | E20: 75 | F20: 75 | G20: 73 | H20: 72 | I20: 72 | J20: 74 | K20: 77 | L20: 78 | M20: 80 | N20: 82 | O20: 84 | P20: 85 | Q20: 89 | R20: 90 | S20: 91 | T20: 91 | U20: 90 | V20: 88
A21: =+A20+1 -> 13 | B21: =+B20+1 -> 44388 | C21: 78 | D21: 77 | E21: 76 | F21: 75 | G21: 75 | H21: 75 | I21: 73 | J21: 75 | K21: 76 | L21: 78 | M21: 80 | N21: 80 | O21: 82 | P21: 85 | Q21: 86 | R21: 87 | S21: 87 | T21: 85 | U21: 83 | V21: 81
A22: =+A21+1 -> 14 | B22: =+B21+1 -> 44389 | C22: 69 | D22: 69 | E22: 67 | F22: 67 | G22: 67 | H22: 68 | I22: 69 | J22: 71 | K22: 74 | L22: 79 | M22: 82 | N22: 86 | O22: 86 | P22: 89 | Q22: 89 | R22: 85 | S22: 80 | T22: 81 | U22: 80 | V22: 80
A23: =+A22+1 -> 15 | B23: =+B22+1 -> 44390 | C23: 70 | D23: 69 | E23: 69 | F23: 69 | G23: 69 | H23: 70 | I23: 71 | J23: 73 | K23: 76 | L23: 79 | M23: 81 | N23: 83 | O23: 85 | P23: 88 | Q23: 89 | R23: 90 | S23: 91 | T23: 90 | U23: 89 | V23: 86
... A41: =+A40+1 -> 33 | B41: =+B40+1 -> 44408 | C41: 80 | D41: 79 | E41: 79 | F41: 79 | G41: 76 | H41: 75 | I41: 74 | J41: 77 | K41: 82 | L41: 86 | M41: 89 | N41: 91 | O41: 94 | P41: 95 | Q41: 97 | R41: 98 | S41: 97 | T41: 98 | U41: 97 | V41: 94
A42: =+A41+1 -> 34
A43: =+A42+1 -> 35
A44: =+A43+1 -> 36 | B44: DATE | C44: HR21 | D44: HR22 | E44: HR23 | F44: HR24 | G44: DAILY AVG | H44: HDD40 | I44: HDD45 | J44: HDD50 | K44: HDD55 | L44: HDD60 | M44: HDD65 | N44: CDD50 | O44: CDD55 | P44: CDD60 | Q44: CDD65 | R44: CDD70 | S44: CDD75 | T44: CDD80 | U44: CDD85
A45: =+A44+1 -> 37 | B45: =+B11 -> 44378 | C45: 87 | D45: 84 | E45: 81 | F45: 80 | G45: =ROUND(AVERAGE(C11:V11,C45:F45),1) -> 82.9 | H45: =MAX(40-$G45,0) -> 0 | I45: =MAX(45-$G45,0) -> 0 | J45: =MAX(50-$G45,0) -> 0 | K45: =MAX(55-$G45,0) -> 0 | L45: =MAX(60-$G45,0) -> 0 | M45: =MAX(65-$G45,0) -> 0 | N45: =MAX($G45-50,0) -> 32.9 | O45: =MAX($G45-55,0) -> 27.9 | P45: =MAX($G45-60,0) -> 22.9 | Q45: =MAX($G45-65,0) -> 17.9 | R45: =MAX($G45-70,0) -> 12.9 | S45: =MAX($G45-75,0) -> 7.9 | T45: =MAX($G45-80,0) -> 2.9 | U45: =MAX($G45-85,0) -> 0
A46: =+A45+1 -> 38 | B46: =+B12 -> 44379 | C46: 83 | D46: 81 | E46: 80 | F46: 79 | G46: =ROUND(AVERAGE(C12:V12,C46:F46),1) -> 80.6 | H46: =MAX(40-$G46,0) -> 0 | I46: =MAX(45-$G46,0) -> 0 | J46: =MAX(50-$G46,0) -> 0 | K46: =MAX(55-$G46,0) -> 0 | L46: =MAX(60-$G46,0) -> 0 | M46: =MAX(65-$G46,0) -> 0 | N46: =MAX($G46-50,0) -> 30.6 | O46: =MAX($G46-55,0) -> 25.6 | P46: =MAX($G46-60,0) -> 20.6 | Q46: =MAX($G46-65,0) -> 15.6 | R46: =MAX($G46-70,0) -> 10.6 | S46: =MAX($G46-75,0) -> 5.6 | T46: =MAX($G46-80,0) -> 0.6 | U46: =MAX($G46-85,0) -> 0
A47: =+A46+1 -> 39 | B47: =+B13 -> 44380 | C47: 77 | D47: 76 | E47: 74 | F47: 74 | G47: =ROUND(AVERAGE(C13:V13,C47:F47),1) -> 75.4 | H47: =MAX(40-$G47,0) -> 0 | I47: =MAX(45-$G47,0) -> 0 | J47: =MAX(50-$G47,0) -> 0 | K47: =MAX(55-$G47,0) -> 0 | L47: =MAX(60-$G47,0) -> 0 | M47: =MAX(65-$G47,0) -> 0 | N47: =MAX($G47-50,0) -> 25.4 | O47: =MAX($G47-55,0) -> 20.4 | P47: =MAX($G47-60,0) -> 15.4 | Q47: =MAX($G47-65,0) -> 10.4 | R47: =MAX($G47-70,0) -> 5.4 | S47: =MAX($G47-75,0) -> 0.4 | T47: =MAX($G47-80,0) -> 0 | U47: =MAX($G47-85,0) -> 0
A48: =+A47+1 -> 40 | B48: =+B14 -> 44381 | C48: 79 | D48: 77 | E48: 76 | F48: 75 | G48: =ROUND(AVERAGE(C14:V14,C48:F48),1) -> 78.8 | H48: =MAX(40-$G48,0) -> 0 | I48: =MAX(45-$G48,0) -> 0 | J48: =MAX(50-$G48,0) -> 0 | K48: =MAX(55-$G48,0) -> 0 | L48: =MAX(60-$G48,0) -> 0 | M48: =MAX(65-$G48,0) -> 0 | N48: =MAX($G48-50,0) -> 28.8 | O48: =MAX($G48-55,0) -> 23.8 | P48: =MAX($G48-60,0) -> 18.8 | Q48: =MAX($G48-65,0) -> 13.8 | R48: =MAX($G48-70,0) -> 8.8 | S48: =MAX($G48-75,0) -> 3.8 | T48: =MAX($G48-80,0) -> 0 | U48: =MAX($G48-85,0) -> 0
A49: =+A48+1 -> 41 | B49: =+B15 -> 44382 | C49: 76 | D49: 76 | E49: 75 | F49: 73 | G49: =ROUND(AVERAGE(C15:V15,C49:F49),1) -> 76 | H49: =MAX(40-$G49,0) -> 0 | I49: =MAX(45-$G49,0) -> 0 | J49: =MAX(50-$G49,0) -> 0 | K49: =MAX(55-$G49,0) -> 0 | L49: =MAX(60-$G49,0) -> 0 | M49: =MAX(65-$G49,0) -> 0 | N49: =MAX($G49-50,0) -> 26 | O49: =MAX($G49-55,0) -> 21 | P49: =MAX($G49-60,0) -> 16 | Q49: =MAX($G49-65,0) -> 11 | R49: =MAX($G49-70,0) -> 6 | S49: =MAX($G49-75,0) -> 1 | T49: =MAX($G49-80,0) -> 0 | U49: =MAX($G49-85,0) -> 0
A50: =+A49+1 -> 42 | B50: =+B16 -> 44383 | C50: 80 | D50: 78 | E50: 76 | F50: 75 | G50: =ROUND(AVERAGE(C16:V16,C50:F50),1) -> 78.1 | H50: =MAX(40-$G50,0) -> 0 | I50: =MAX(45-$G50,0) -> 0 | J50: =MAX(50-$G50,0) -> 0 | K50: =MAX(55-$G50,0) -> 0 | L50: =MAX(60-$G50,0) -> 0 | M50: =MAX(65-$G50,0) -> 0 | N50: =MAX($G50-50,0) -> 28.1 | O50: =MAX($G50-55,0) -> 23.1 | P50: =MAX($G50-60,0) -> 18.1 | Q50: =MAX($G50-65,0) -> 13.1 | R50: =MAX($G50-70,0) -> 8.1 | S50: =MAX($G50-75,0) -> 3.1 | T50: =MAX($G50-80,0) -> 0 | U50: =MAX($G50-85,0) -> 0
A51: =+A50+1 -> 43 | B51: =+B17 -> 44384 | C51: 84 | D51: 81 | E51: 78 | F51: 77 | G51: =ROUND(AVERAGE(C17:V17,C51:F51),1) -> 79.6 | H51: =MAX(40-$G51,0) -> 0 | I51: =MAX(45-$G51,0) -> 0 | J51: =MAX(50-$G51,0) -> 0 | K51: =MAX(55-$G51,0) -> 0 | L51: =MAX(60-$G51,0) -> 0 | M51: =MAX(65-$G51,0) -> 0 | N51: =MAX($G51-50,0) -> 29.6 | O51: =MAX($G51-55,0) -> 24.6 | P51: =MAX($G51-60,0) -> 19.6 | Q51: =MAX($G51-65,0) -> 14.6 | R51: =MAX($G51-70,0) -> 9.6 | S51: =MAX($G51-75,0) -> 4.6 | T51: =MAX($G51-80,0) -> 0 | U51: =MAX($G51-85,0) -> 0
A52: =+A51+1 -> 44 | B52: =+B18 -> 44385 | C52: 82 | D52: 79 | E52: 78 | F52: 75 | G52: =ROUND(AVERAGE(C18:V18,C52:F52),1) -> 80.7 | H52: =MAX(40-$G52,0) -> 0 | I52: =MAX(45-$G52,0) -> 0 | J52: =MAX(50-$G52,0) -> 0 | K52: =MAX(55-$G52,0) -> 0 | L52: =MAX(60-$G52,0) -> 0 | M52: =MAX(65-$G52,0) -> 0 | N52: =MAX($G52-50,0) -> 30.7 | O52: =MAX($G52-55,0) -> 25.7 | P52: =MAX($G52-60,0) -> 20.7 | Q52: =MAX($G52-65,0) -> 15.7 | R52: =MAX($G52-70,0) -> 10.7 | S52: =MAX($G52-75,0) -> 5.7 | T52: =MAX($G52-80,0) -> 0.7 | U52: =MAX($G52-85,0) -> 0
A53: =+A52+1 -> 45 | B53: =+B19 -> 44386 | C53: 80 | D53: 77 | E53: 77 | F53: 76 | G53: =ROUND(AVERAGE(C19:V19,C53:F53),1) -> 78.3 | H53: =MAX(40-$G53,0) -> 0 | I53: =MAX(45-$G53,0) -> 0 | J53: =MAX(50-$G53,0) -> 0 | K53: =MAX(55-$G53,0) -> 0 | L53: =MAX(60-$G53,0) -> 0 | M53: =MAX(65-$G53,0) -> 0 | N53: =MAX($G53-50,0) -> 28.3 | O53: =MAX($G53-55,0) -> 23.3 | P53: =MAX($G53-60,0) -> 18.3 | Q53: =MAX($G53-65,0) -> 13.3 | R53: =MAX($G53-70,0) -> 8.3 | S53: =MAX($G53-75,0) -> 3.3 | T53: =MAX($G53-80,0) -> 0 | U53: =MAX($G53-85,0) -> 0
A54: =+A53+1 -> 46 | B54: =+B20 -> 44387 | C54: 85 | D54: 83 | E54: 81 | F54: 79 | G54: =ROUND(AVERAGE(C20:V20,C54:F54),1) -> 81 | H54: =MAX(40-$G54,0) -> 0 | I54: =MAX(45-$G54,0) -> 0 | J54: =MAX(50-$G54,0) -> 0 | K54: =MAX(55-$G54,0) -> 0 | L54: =MAX(60-$G54,0) -> 0 | M54: =MAX(65-$G54,0) -> 0 | N54: =MAX($G54-50,0) -> 31 | O54: =MAX($G54-55,0) -> 26 | P54: =MAX($G54-60,0) -> 21 | Q54: =MAX($G54-65,0) -> 16 | R54: =MAX($G54-70,0) -> 11 | S54: =MAX($G54-75,0) -> 6 | T54: =MAX($G54-80,0) -> 1 | U54: =MAX($G54-85,0) -> 0
A55: =+A54+1 -> 47 | B55: =+B21 -> 44388 | C55: 79 | D55: 77 | E55: 73 | F55: 71 | G55: =ROUND(AVERAGE(C21:V21,C55:F55),1) -> 78.9 | H55: =MAX(40-$G55,0) -> 0 | I55: =MAX(45-$G55,0) -> 0 | J55: =MAX(50-$G55,0) -> 0 | K55: =MAX(55-$G55,0) -> 0 | L55: =MAX(60-$G55,0) -> 0 | M55: =MAX(65-$G55,0) -> 0 | N55: =MAX($G55-50,0) -> 28.9 | O55: =MAX($G55-55,0) -> 23.9 | P55: =MAX($G55-60,0) -> 18.9 | Q55: =MAX($G55-65,0) -> 13.9 | R55: =MAX($G55-70,0) -> 8.9 | S55: =MAX($G55-75,0) -> 3.9 | T55: =MAX($G55-80,0) -> 0 | U55: =MAX($G55-85,0) -> 0
A56: =+A55+1 -> 48 | B56: =+B22 -> 44389 | C56: 78 | D56: 73 | E56: 72 | F56: 71 | G56: =ROUND(AVERAGE(C22:V22,C56:F56),1) -> 76.3 | H56: =MAX(40-$G56,0) -> 0 | I56: =MAX(45-$G56,0) -> 0 | J56: =MAX(50-$G56,0) -> 0 | K56: =MAX(55-$G56,0) -> 0 | L56: =MAX(60-$G56,0) -> 0 | M56: =MAX(65-$G56,0) -> 0 | N56: =MAX($G56-50,0) -> 26.3 | O56: =MAX($G56-55,0) -> 21.3 | P56: =MAX($G56-60,0) -> 16.3 | Q56: =MAX($G56-65,0) -> 11.3 | R56: =MAX($G56-70,0) -> 6.3 | S56: =MAX($G56-75,0) -> 1.3 | T56: =MAX($G56-80,0) -> 0 | U56: =MAX($G56-85,0) -> 0
... A75: =+A74+1 -> 67 | B75: =+B41 -> 44408 | C75: 90 | D75: 86 | E75: 85 | F75: 83 | G75: =ROUND(AVERAGE(C41:V41,C75:F75),1) -> 86.7 | H75: =MAX(40-$G75,0) -> 0 | I75: =MAX(45-$G75,0) -> 0 | J75: =MAX(50-$G75,0) -> 0 | K75: =MAX(55-$G75,0) -> 0 | L75: =MAX(60-$G75,0) -> 0 | M75: =MAX(65-$G75,0) -> 0 | N75: =MAX($G75-50,0) -> 36.7 | O75: =MAX($G75-55,0) -> 31.7 | P75: =MAX($G75-60,0) -> 26.7 | Q75: =MAX($G75-65,0) -> 21.7 | R75: =MAX($G75-70,0) -> 16.7 | S75: =MAX($G75-75,0) -> 11.7 | T75: =MAX($G75-80,0) -> 6.7 | U75: =MAX($G75-85,0) -> 1.7
G77: JULY | H77: =SUM(H45:H75) -> 0 | I77: =SUM(I45:I75) -> 0 | J77: =SUM(J45:J75) -> 0 | K77: =SUM(K45:K75) -> 0 | L77: =SUM(L45:L75) -> 0 | M77: =SUM(M45:M75) -> 0 | N77: =SUM(N45:N75) -> 983.4 | O77: =SUM(O45:O75) -> 828.4 | ... U77: =SUM(U45:U75) -> 14.4

Sheet January 21 20 bySite
B1: =+Base40h!B1 -> PUC DOCKET NO.
B2: =+Base40h!B2 -> ONCOR ELECTRIC DELIVERY COMPANY LLC
B3: =+Base40h!B3 -> WEATHER STATION DATA
B4: =+Base40h!B4 -> FOR THE TEST YEAR ENDING DECEMBER 31, 2021
B6: =+Base40h!B6 -> SPONSOR: D. E. NELSON
A7: Line No.
A9: 1 | B9: Daily Actual Weather Calculation By Site for January 21, 2020
A10: =+A9+1 -> 2 | B10: Station | C10: HR1 | D10: HR2 | E10: HR3 | F10: HR4 | G10: HR5 | H10: HR6 | I10: HR7 | J10: HR8 | K10: HR9 | L10: HR10 | M10: HR11 | N10: HR12 | O10: HR13 | P10: HR14 | Q10: HR15 | R10: HR16 | S10: HR17 | T10: HR18 | U10: HR19 | V10: HR20
A11: =+A10+1 -> 3 | B11: Abilene | C11: 43 | D11: 42 | E11: 42 | F11: 45 | G11: 45 | H11: 44 | I11: 42 | J11: 43 | K11: 44 | L11: 45 | M11: 48 | N11: 51 | O11: 53 | P11: 56 | Q11: 57 | R11: 55 | S11: 55 | T11: 54 | U11: 53 | V11: 52
A12: =+A11+1 -> 4 | B12: Austin | C12: 45 | D12: 40 | E12: 45 | F12: 41 | G12: 39 | H12: 39 | I12: 42 | J12: 40 | K12: 40 | L12: 46 | M12: 51 | N12: 56 | O12: 60 | P12: 61 | Q12: 61 | R12: 62 | S12: 61 | T12: 59 | U12: 58 | V12: 57
A13: =+A12+1 -> 5 | B13: Dallas-Ft. Worth | C13: 41 | D13: 42 | E13: 39 | F13: 40 | G13: 37 | H13: 34 | I13: 36 | J13: 37 | K13: 37 | L13: 41 | M13: 44 | N13: 47 | O13: 49 | P13: 49 | Q13: 50 | R13: 51 | S13: 51 | T13: 50 | U13: 48 | V13: 47
A14: =+A13+1 -> 6 | B14: Kileen-Temple | C14: 38 | D14: 41 | E14: 42 | F14: 39 | G14: 38 | H14: 40 | I14: 39 | J14: 42 | K14: 39 | L14: 45 | M14: 48 | N14: 52 | O14: 55 | P14: 56 | Q14: 59 | R14: 58 | S14: 59 | T14: 57 | U14: 55 | V14: 55
A15: =+A14+1 -> 7 | B15: Longview | C15: 36 | D15: 33 | E15: 32 | F15: 33 | G15: 31 | H15: 31 | I15: 33 | J15: 32 | K15: 32 | L15: 33 | M15: 36 | N15: 40 | O15: 43 | P15: 44 | Q15: 46 | R15: 47 | S15: 47 | T15: 45 | U15: 44 | V15: 43
A16: =+A15+1 -> 8 | B16: Lufkin | C16: 36 | D16: 34 | E16: 34 | F16: 33 | G16: 33 | H16: 33 | I16: 33 | J16: 33 | K16: 34 | L16: 38 | M16: 42 | N16: 45 | O16: 48 | P16: 51 | Q16: 52 | R16: 52 | S16: 50 | T16: 49 | U16: 47 | V16: 44
A17: =+A16+1 -> 9 | B17: Midland-Odessa | C17: 43 | D17: 41 | E17: 41 | F17: 41 | G17: 42 | H17: 40 | I17: 41 | J17: 41 | K17: 41 | L17: 43 | M17: 45 | N17: 47 | O17: 50 | P17: 52 | Q17: 52 | R17: 52 | S17: 52 | T17: 52 | U17: 49 | V17: 47
A18: =+A17+1 -> 10 | B18: Sherman-Denison | C18: 39 | D18: 33 | E18: 33 | F18: 32 | G18: 30 | H18: 31 | I18: 31 | J18: 32 | K18: 32 | L18: 32 | M18: 36 | N18: 39 | O18: 41 | P18: 41 | Q18: 45 | R18: 45 | S18: 45 | T18: 45 | U18: 43 | V18: 41
A19: =+A18+1 -> 11 | B19: Waco | C19: 35 | D19: 34 | E19: 33 | F19: 33 | G19: 30 | H19: 30 | I19: 33 | J19: 34 | K19: 33 | L19: 39 | M19: 47 | N19: 51 | O19: 55 | P19: 57 | Q19: 59 | R19: 59 | S19: 58 | T19: 58 | U19: 56 | V19: 53
A20: =+A19+1 -> 12 | B20: Wichita Falls | C20: 37 | D20: 36 | E20: 35 | F20: 34 | G20: 33 | H20: 31 | I20: 31 | J20: 31 | K20: 31 | L20: 33 | M20: 37 | N20: 42 | O20: 47 | P20: 50 | Q20: 51 | R20: 53 | S20: 53 | T20: 51 | U20: 48 | V20: 47
A21: =+A20+1 -> 13
A22: =+A21+1 -> 14
A23: =+A22+1 -> 15 | B23: Station | C23: HR21 | D23: HR22 | E23: HR23 | F23: HR24 | G23: DAILY AVG | H23: HDD40 | I23: HDD45 | J23: HDD50 | K23: HDD55 | L23: HDD60 | M23: HDD65 | N23: CDD50 | O23: CDD55 | P23: CDD60 | Q23: CDD65 | R23: CDD70 | S23: CDD75 | T23: CDD80 | U23: CDD85
A24: =+A23+1 -> 16 | B24: Abilene | C24: 49 | D24: 46 | E24: 45 | F24: 45 | G24: =ROUND(AVERAGE(C11:V11,C24:F24),1) -> 48.1 | H24: =MAX(40-$G24,0) -> 0 | I24: =MAX(45-$G24,0) -> 0 | J24: =MAX(50-$G24,0) -> 1.9 | K24: =MAX(55-$G24,0) -> 6.9 | L24: =MAX(60-$G24,0) -> 11.9 | M24: =MAX(65-$G24,0) -> 16.9 | N24: =MAX($G24-50,0) -> 0 | O24: =MAX($G24-55,0) -> 0 | P24: =MAX($G24-60,0) -> 0 | Q24: =MAX($G24-65,0) -> 0 | R24: =MAX($G24-70,0) -> 0 | S24: =MAX($G24-75,0) -> 0 | T24: =MAX($G24-80,0) -> 0 | U24: =MAX($G24-85,0) -> 0
A25: =+A24+1 -> 17 | B25: Austin | C25: 56 | D25: 55 | E25: 54 | F25: 52 | G25: =ROUND(AVERAGE(C12:V12,C25:F25),1) -> 50.8 | H25: =MAX(40-$G25,0) -> 0 | I25: =MAX(45-$G25,0) -> 0 | J25: =MAX(50-$G25,0) -> 0 | K25: =MAX(55-$G25,0) -> 4.2 | L25: =MAX(60-$G25,0) -> 9.2 | M25: =MAX(65-$G25,0) -> 14.2 | N25: =MAX($G25-50,0) -> 0.8 | O25: =MAX($G25-55,0) -> 0 | P25: =MAX($G25-60,0) -> 0 | Q25: =MAX($G25-65,0) -> 0 | R25: =MAX($G25-70,0) -> 0 | S25: =MAX($G25-75,0) -> 0 | T25: =MAX($G25-80,0) -> 0 | U25: =MAX($G25-85,0) -> 0
A26: =+A25+1 -> 18 | B26: Dallas-Ft. Worth | C26: 46 | D26: 46 | E26: 44 | F26: 43 | G26: =ROUND(AVERAGE(C13:V13,C26:F26),1) -> 43.7 | H26: =MAX(40-$G26,0) -> 0 | I26: =MAX(45-$G26,0) -> 1.3 | J26: =MAX(50-$G26,0) -> 6.3 | K26: =MAX(55-$G26,0) -> 11.3 | L26: =MAX(60-$G26,0) -> 16.3 | M26: =MAX(65-$G26,0) -> 21.3 | N26: =MAX($G26-50,0) -> 0 | O26: =MAX($G26-55,0) -> 0 | P26: =MAX($G26-60,0) -> 0 | Q26: =MAX($G26-65,0) -> 0 | R26: =MAX($G26-70,0) -> 0 | S26: =MAX($G26-75,0) -> 0 | T26: =MAX($G26-80,0) -> 0 | U26: =MAX($G26-85,0) -> 0
A27: =+A26+1 -> 19 | B27: Kileen-Temple | C27: 54 | D27: 53 | E27: 49 | F27: 49 | G27: =ROUND(AVERAGE(C14:V14,C27:F27),1) -> 48.4 | H27: =MAX(40-$G27,0) -> 0 | I27: =MAX(45-$G27,0) -> 0 | J27: =MAX(50-$G27,0) -> 1.6 | K27: =MAX(55-$G27,0) -> 6.6 | L27: =MAX(60-$G27,0) -> 11.6 | M27: =MAX(65-$G27,0) -> 16.6 | N27: =MAX($G27-50,0) -> 0 | O27: =MAX($G27-55,0) -> 0 | P27: =MAX($G27-60,0) -> 0 | Q27: =MAX($G27-65,0) -> 0 | R27: =MAX($G27-70,0) -> 0 | S27: =MAX($G27-75,0) -> 0 | T27: =MAX($G27-80,0) -> 0 | U27: =MAX($G27-85,0) -> 0
A28: =+A27+1 -> 20 | B28: Longview | C28: 43 | D28: 43 | E28: 42 | F28: 41 | G28: =ROUND(AVERAGE(C15:V15,C28:F28),1) -> 38.8 | H28: =MAX(40-$G28,0) -> 1.2 | I28: =MAX(45-$G28,0) -> 6.2 | J28: =MAX(50-$G28,0) -> 11.2 | K28: =MAX(55-$G28,0) -> 16.2 | L28: =MAX(60-$G28,0) -> 21.2 | M28: =MAX(65-$G28,0) -> 26.2 | N28: =MAX($G28-50,0) -> 0 | O28: =MAX($G28-55,0) -> 0 | P28: =MAX($G28-60,0) -> 0 | Q28: =MAX($G28-65,0) -> 0 | R28: =MAX($G28-70,0) -> 0 | S28: =MAX($G28-75,0) -> 0 | T28: =MAX($G28-80,0) -> 0 | U28: =MAX($G28-85,0) -> 0
A29: =+A28+1 -> 21 | B29: Lufkin | C29: 43 | D29: 44 | E29: 44 | F29: 43 | G29: =ROUND(AVERAGE(C16:V16,C29:F29),1) -> 41.5 | H29: =MAX(40-$G29,0) -> 0 | I29: =MAX(45-$G29,0) -> 3.5 | J29: =MAX(50-$G29,0) -> 8.5 | K29: =MAX(55-$G29,0) -> 13.5 | L29: =MAX(60-$G29,0) -> 18.5 | M29: =MAX(65-$G29,0) -> 23.5 | N29: =MAX($G29-50,0) -> 0 | O29: =MAX($G29-55,0) -> 0 | P29: =MAX($G29-60,0) -> 0 | Q29: =MAX($G29-65,0) -> 0 | R29: =MAX($G29-70,0) -> 0 | S29: =MAX($G29-75,0) -> 0 | T29: =MAX($G29-80,0) -> 0 | U29: =MAX($G29-85,0) -> 0
A30: =+A29+1 -> 22 | B30: Midland-Odessa | C30: 47 | D30: 47 | E30: 47 | F30: 47 | G30: =ROUND(AVERAGE(C17:V17,C30:F30),1) -> 45.8 | H30: =MAX(40-$G30,0) -> 0 | I30: =MAX(45-$G30,0) -> 0 | J30: =MAX(50-$G30,0) -> 4.2 | K30: =MAX(55-$G30,0) -> 9.2 | L30: =MAX(60-$G30,0) -> 14.2 | M30: =MAX(65-$G30,0) -> 19.2 | N30: =MAX($G30-50,0) -> 0 | O30: =MAX($G30-55,0) -> 0 | P30: =MAX($G30-60,0) -> 0 | Q30: =MAX($G30-65,0) -> 0 | R30: =MAX($G30-70,0) -> 0 | S30: =MAX($G30-75,0) -> 0 | T30: =MAX($G30-80,0) -> 0 | U30: =MAX($G30-85,0) -> 0
A31: =+A30+1 -> 23 | B31: Sherman-Denison | C31: 41 | D31: 42 | E31: 42 | F31: 41 | G31: =ROUND(AVERAGE(C18:V18,C31:F31),1) -> 38 | H31: =MAX(40-$G31,0) -> 2 | I31: =MAX(45-$G31,0) -> 7 | J31: =MAX(50-$G31,0) -> 12 | K31: =MAX(55-$G31,0) -> 17 | L31: =MAX(60-$G31,0) -> 22 | M31: =MAX(65-$G31,0) -> 27 | N31: =MAX($G31-50,0) -> 0 | O31: =MAX($G31-55,0) -> 0 | P31: =MAX($G31-60,0) -> 0 | Q31: =MAX($G31-65,0) -> 0 | R31: =MAX($G31-70,0) -> 0 | S31: =MAX($G31-75,0) -> 0 | T31: =MAX($G31-80,0) -> 0 | U31: =MAX($G31-85,0) -> 0
A32: =+A31+1 -> 24 | B32: Waco | C32: 51 | D32: 51 | E32: 50 | F32: 47 | G32: =ROUND(AVERAGE(C19:V19,C32:F32),1) -> 45.3 | H32: =MAX(40-$G32,0) -> 0 | I32: =MAX(45-$G32,0) -> 0 | J32: =MAX(50-$G32,0) -> 4.7 | K32: =MAX(55-$G32,0) -> 9.7 | L32: =MAX(60-$G32,0) -> 14.7 | M32: =MAX(65-$G32,0) -> 19.7 | N32: =MAX($G32-50,0) -> 0 | O32: =MAX($G32-55,0) -> 0 | P32: =MAX($G32-60,0) -> 0 | Q32: =MAX($G32-65,0) -> 0 | R32: =MAX($G32-70,0) -> 0 | S32: =MAX($G32-75,0) -> 0 | T32: =MAX($G32-80,0) -> 0 | U32: =MAX($G32-85,0) -> 0
A33: =+A32+1 -> 25 | B33: Wichita Falls | C33: 44 | D33: 43 | E33: 43 | F33: 42 | G33: =ROUND(AVERAGE(C20:V20,C33:F33),1) -> 41 | H33: =MAX(40-$G33,0) -> 0 | I33: =MAX(45-$G33,0) -> 4 | J33: =MAX(50-$G33,0) -> 9 | K33: =MAX(55-$G33,0) -> 14 | L33: =MAX(60-$G33,0) -> 19 | M33: =MAX(65-$G33,0) -> 24 | N33: =MAX($G33-50,0) -> 0 | O33: =MAX($G33-55,0) -> 0 | P33: =MAX($G33-60,0) -> 0 | Q33: =MAX($G33-65,0) -> 0 | R33: =MAX($G33-70,0) -> 0 | S33: =MAX($G33-75,0) -> 0 | T33: =MAX($G33-80,0) -> 0 | U33: =MAX($G33-85,0) -> 0

Sheet July 20 20 bySite
B1: =+Base40h!B1 -> PUC DOCKET NO.
B2: =+Base40h!B2 -> ONCOR ELECTRIC DELIVERY COMPANY LLC
B3: =+Base40h!B3 -> WEATHER STATION DATA
B4: =+Base40h!B4 -> FOR THE TEST YEAR ENDING DECEMBER 31, 2021
B6: =+Base40h!B6 -> SPONSOR: D. E. NELSON
A7: Line No.
A9: 1 | B9: Daily Actual Weather Calculation By Site for July 20, 2020
A10: =+A9+1 -> 2 | B10: Station | C10: HR1 | D10: HR2 | E10: HR3 | F10: HR4 | G10: HR5 | H10: HR6 | I10: HR7 | J10: HR8 | K10: HR9 | L10: HR10 | M10: HR11 | N10: HR12 | O10: HR13 | P10: HR14 | Q10: HR15 | R10: HR16 | S10: HR17 | T10: HR18 | U10: HR19 | V10: HR20
A11: =+A10+1 -> 3 | B11: Abilene | C11: 81 | D11: 80 | E11: 80 | F11: 78 | G11: 78 | H11: 75 | I11: 74 | J11: 77 | K11: 79 | L11: 82 | M11: 86 | N11: 90 | O11: 91 | P11: 94 | Q11: 94 | R11: 96 | S11: 95 | T11: 94 | U11: 95 | V11: 93
A12: =+A11+1 -> 4 | B12: Austin | C12: 78 | D12: 77 | E12: 75 | F12: 73 | G12: 73 | H12: 73 | I12: 73 | J12: 78 | K12: 82 | L12: 84 | M12: 87 | N12: 89 | O12: 91 | P12: 94 | Q12: 96 | R12: 95 | S12: 98 | T12: 97 | U12: 96 | V12: 93
A13: =+A12+1 -> 5 | B13: Dallas-Ft. Worth | C13: 84 | D13: 83 | E13: 82 | F13: 81 | G13: 79 | H13: 78 | I13: 78 | J13: 81 | K13: 84 | L13: 86 | M13: 88 | N13: 91 | O13: 92 | P13: 93 | Q13: 95 | R13: 94 | S13: 95 | T13: 94 | U13: 93 | V13: 91
A14: =+A13+1 -> 6 | B14: Kileen-Temple | C14: 82 | D14: 81 | E14: 79 | F14: 79 | G14: 77 | H14: 75 | I14: 75 | J14: 78 | K14: 82 | L14: 85 | M14: 88 | N14: 89 | O14: 91 | P14: 94 | Q14: 96 | R14: 97 | S14: 97 | T14: 96 | U14: 95 | V14: 93
A15: =+A14+1 -> 7 | B15: Longview | C15: 78 | D15: 79 | E15: 77 | F15: 75 | G15: 75 | H15: 73 | I15: 73 | J15: 80 | K15: 84 | L15: 87 | M15: 88 | N15: 88 | O15: 91 | P15: 91 | Q15: 92 | R15: 91 | S15: 81 | T15: 79 | U15: 82 | V15: 81
A16: =+A15+1 -> 8 | B16: Lufkin | C16: 78 | D16: 76 | E16: 75 | F16: 75 | G16: 74 | H16: 74 | I16: 75 | J16: 79 | K16: 83 | L16: 84 | M16: 86 | N16: 88 | O16: 88 | P16: 89 | Q16: 86 | R16: 85 | S16: 81 | T16: 81 | U16: 81 | V16: 80
A17: =+A16+1 -> 9 | B17: Midland-Odessa | C17: 83 | D17: 81 | E17: 80 | F17: 78 | G17: 77 | H17: 75 | I17: 74 | J17: 74 | K17: 77 | L17: 80 | M17: 83 | N17: 85 | O17: 89 | P17: 92 | Q17: 94 | R17: 94 | S17: 96 | T17: 93 | U17: 94 | V17: 92
A18: =+A17+1 -> 10 | B18: Sherman-Denison | C18: 82 | D18: 81 | E18: 80 | F18: 78 | G18: 79 | H18: 78 | I18: 77 | J18: 79 | K18: 84 | L18: 86 | M18: 90 | N18: 90 | O18: 91 | P18: 91 | Q18: 93 | R18: 93 | S18: 93 | T18: 95 | U18: 95 | V18: 91
A19: =+A18+1 -> 11 | B19: Waco | C19: 84 | D19: 82 | E19: 80 | F19: 79 | G19: 78 | H19: 77 | I19: 75 | J19: 81 | K19: 83 | L19: 85 | M19: 88 | N19: 89 | O19: 93 | P19: 92 | Q19: 94 | R19: 96 | S19: 95 | T19: 95 | U19: 93 | V19: 91
A20: =+A19+1 -> 12 | B20: Wichita Falls | C20: 78 | D20: 79 | E20: 79 | F20: 77 | G20: 76 | H20: 76 | I20: 76 | J20: 77 | K20: 82 | L20: 86 | M20: 91 | N20: 93 | O20: 94 | P20: 94 | Q20: 94 | R20: 95 | S20: 95 | T20: 95 | U20: 94 | V20: 90
A21: =+A20+1 -> 13
A22: =+A21+1 -> 14
A23: =+A22+1 -> 15 | B23: Station | C23: HR21 | D23: HR22 | E23: HR23 | F23: HR24 | G23: DAILY AVG | H23: HDD40 | I23: HDD45 | J23: HDD50 | K23: HDD55 | L23: HDD60 | M23: HDD65 | N23: CDD50 | O23: CDD55 | P23: CDD60 | Q23: CDD65 | R23: CDD70 | S23: CDD75 | T23: CDD80 | U23: CDD85
A24: =+A23+1 -> 16 | B24: Abilene | C24: 91 | D24: 87 | E24: 86 | F24: 84 | G24: =ROUND(AVERAGE(C11:V11,C24:F24),1) -> 85.8 | H24: =MAX(40-$G24,0) -> 0 | I24: =MAX(45-$G24,0) -> 0 | J24: =MAX(50-$G24,0) -> 0 | K24: =MAX(55-$G24,0) -> 0 | L24: =MAX(60-$G24,0) -> 0 | M24: =MAX(65-$G24,0) -> 0 | N24: =MAX($G24-50,0) -> 35.8 | O24: =MAX($G24-55,0) -> 30.8 | P24: =MAX($G24-60,0) -> 25.8 | Q24: =MAX($G24-65,0) -> 20.8 | R24: =MAX($G24-70,0) -> 15.8 | S24: =MAX($G24-75,0) -> 10.8 | T24: =MAX($G24-80,0) -> 5.8 | U24: =MAX($G24-85,0) -> 0.8
A25: =+A24+1 -> 17 | B25: Austin | C25: 89 | D25: 86 | E25: 83 | F25: 82 | G25: =ROUND(AVERAGE(C12:V12,C25:F25),1) -> 85.1 | H25: =MAX(40-$G25,0) -> 0 | I25: =MAX(45-$G25,0) -> 0 | J25: =MAX(50-$G25,0) -> 0 | K25: =MAX(55-$G25,0) -> 0 | L25: =MAX(60-$G25,0) -> 0 | M25: =MAX(65-$G25,0) -> 0 | N25: =MAX($G25-50,0) -> 35.1 | O25: =MAX($G25-55,0) -> 30.1 | P25: =MAX($G25-60,0) -> 25.1 | Q25: =MAX($G25-65,0) -> 20.1 | R25: =MAX($G25-70,0) -> 15.1 | S25: =MAX($G25-75,0) -> 10.1 | T25: =MAX($G25-80,0) -> 5.1 | U25: =MAX($G25-85,0) -> 0.1
A26: =+A25+1 -> 18 | B26: Dallas-Ft. Worth | C26: 88 | D26: 87 | E26: 83 | F26: 81 | G26: =ROUND(AVERAGE(C13:V13,C26:F26),1) -> 86.7 | H26: =MAX(40-$G26,0) -> 0 | I26: =MAX(45-$G26,0) -> 0 | J26: =MAX(50-$G26,0) -> 0 | K26: =MAX(55-$G26,0) -> 0 | L26: =MAX(60-$G26,0) -> 0 | M26: =MAX(65-$G26,0) -> 0 | N26: =MAX($G26-50,0) -> 36.7 | O26: =MAX($G26-55,0) -> 31.7 | P26: =MAX($G26-60,0) -> 26.7 | Q26: =MAX($G26-65,0) -> 21.7 | R26: =MAX($G26-70,0) -> 16.7 | S26: =MAX($G26-75,0) -> 11.7 | T26: =MAX($G26-80,0) -> 6.7 | U26: =MAX($G26-85,0) -> 1.7
A27: =+A26+1 -> 19 | B27: Kileen-Temple | C27: 89 | D27: 86 | E27: 84 | F27: 81 | G27: =ROUND(AVERAGE(C14:V14,C27:F27),1) -> 86.2 | H27: =MAX(40-$G27,0) -> 0 | I27: =MAX(45-$G27,0) -> 0 | J27: =MAX(50-$G27,0) -> 0 | K27: =MAX(55-$G27,0) -> 0 | L27: =MAX(60-$G27,0) -> 0 | M27: =MAX(65-$G27,0) -> 0 | N27: =MAX($G27-50,0) -> 36.2 | O27: =MAX($G27-55,0) -> 31.2 | P27: =MAX($G27-60,0) -> 26.2 | Q27: =MAX($G27-65,0) -> 21.2 | R27: =MAX($G27-70,0) -> 16.2 | S27: =MAX($G27-75,0) -> 11.2 | T27: =MAX($G27-80,0) -> 6.2 | U27: =MAX($G27-85,0) -> 1.2
A28: =+A27+1 -> 20 | B28: Longview | C28: 77 | D28: 77 | E28: 76 | F28: 75 | G28: =ROUND(AVERAGE(C15:V15,C28:F28),1) -> 81.3 | H28: =MAX(40-$G28,0) -> 0 | I28: =MAX(45-$G28,0) -> 0 | J28: =MAX(50-$G28,0) -> 0 | K28: =MAX(55-$G28,0) -> 0 | L28: =MAX(60-$G28,0) -> 0 | M28: =MAX(65-$G28,0) -> 0 | N28: =MAX($G28-50,0) -> 31.3 | O28: =MAX($G28-55,0) -> 26.3 | P28: =MAX($G28-60,0) -> 21.3 | Q28: =MAX($G28-65,0) -> 16.3 | R28: =MAX($G28-70,0) -> 11.3 | S28: =MAX($G28-75,0) -> 6.3 | T28: =MAX($G28-80,0) -> 1.3 | U28: =MAX($G28-85,0) -> 0
A29: =+A28+1 -> 21 | B29: Lufkin | C29: 79 | D29: 78 | E29: 77 | F29: 77 | G29: =ROUND(AVERAGE(C16:V16,C29:F29),1) -> 80.4 | H29: =MAX(40-$G29,0) -> 0 | I29: =MAX(45-$G29,0) -> 0 | J29: =MAX(50-$G29,0) -> 0 | K29: =MAX(55-$G29,0) -> 0 | L29: =MAX(60-$G29,0) -> 0 | M29: =MAX(65-$G29,0) -> 0 | N29: =MAX($G29-50,0) -> 30.4 | O29: =MAX($G29-55,0) -> 25.4 | P29: =MAX($G29-60,0) -> 20.4 | Q29: =MAX($G29-65,0) -> 15.4 | R29: =MAX($G29-70,0) -> 10.4 | S29: =MAX($G29-75,0) -> 5.4 | T29: =MAX($G29-80,0) -> 0.4 | U29: =MAX($G29-85,0) -> 0
A30: =+A29+1 -> 22 | B30: Midland-Odessa | C30: 89 | D30: 87 | E30: 85 | F30: 85 | G30: =ROUND(AVERAGE(C17:V17,C30:F30),1) -> 84.9 | H30: =MAX(40-$G30,0) -> 0 | I30: =MAX(45-$G30,0) -> 0 | J30: =MAX(50-$G30,0) -> 0 | K30: =MAX(55-$G30,0) -> 0 | L30: =MAX(60-$G30,0) -> 0 | M30: =MAX(65-$G30,0) -> 0 | N30: =MAX($G30-50,0) -> 34.9 | O30: =MAX($G30-55,0) -> 29.9 | P30: =MAX($G30-60,0) -> 24.9 | Q30: =MAX($G30-65,0) -> 19.9 | R30: =MAX($G30-70,0) -> 14.9 | S30: =MAX($G30-75,0) -> 9.9 | T30: =MAX($G30-80,0) -> 4.9 | U30: =MAX($G30-85,0) -> 0
A31: =+A30+1 -> 23 | B31: Sherman-Denison | C31: 89 | D31: 87 | E31: 84 | F31: 82 | G31: =ROUND(AVERAGE(C18:V18,C31:F31),1) -> 86.2 | H31: =MAX(40-$G31,0) -> 0 | I31: =MAX(45-$G31,0) -> 0 | J31: =MAX(50-$G31,0) -> 0 | K31: =MAX(55-$G31,0) -> 0 | L31: =MAX(60-$G31,0) -> 0 | M31: =MAX(65-$G31,0) -> 0 | N31: =MAX($G31-50,0) -> 36.2 | O31: =MAX($G31-55,0) -> 31.2 | P31: =MAX($G31-60,0) -> 26.2 | Q31: =MAX($G31-65,0) -> 21.2 | R31: =MAX($G31-70,0) -> 16.2 | S31: =MAX($G31-75,0) -> 11.2 | T31: =MAX($G31-80,0) -> 6.2 | U31: =MAX($G31-85,0) -> 1.2
A32: =+A31+1 -> 24 | B32: Waco | C32: 87 | D32: 84 | E32: 82 | F32: 81 | G32: =ROUND(AVERAGE(C19:V19,C32:F32),1) -> 86 | H32: =MAX(40-$G32,0) -> 0 | I32: =MAX(45-$G32,0) -> 0 | J32: =MAX(50-$G32,0) -> 0 | K32: =MAX(55-$G32,0) -> 0 | L32: =MAX(60-$G32,0) -> 0 | M32: =MAX(65-$G32,0) -> 0 | N32: =MAX($G32-50,0) -> 36 | O32: =MAX($G32-55,0) -> 31 | P32: =MAX($G32-60,0) -> 26 | Q32: =MAX($G32-65,0) -> 21 | R32: =MAX($G32-70,0) -> 16 | S32: =MAX($G32-75,0) -> 11 | T32: =MAX($G32-80,0) -> 6 | U32: =MAX($G32-85,0) -> 1
A33: =+A32+1 -> 25 | B33: Wichita Falls | C33: 86 | D33: 82 | E33: 78 | F33: 80 | G33: =ROUND(AVERAGE(C20:V20,C33:F33),1) -> 85.3 | H33: =MAX(40-$G33,0) -> 0 | I33: =MAX(45-$G33,0) -> 0 | J33: =MAX(50-$G33,0) -> 0 | K33: =MAX(55-$G33,0) -> 0 | L33: =MAX(60-$G33,0) -> 0 | M33: =MAX(65-$G33,0) -> 0 | N33: =MAX($G33-50,0) -> 35.3 | O33: =MAX($G33-55,0) -> 30.3 | P33: =MAX($G33-60,0) -> 25.3 | Q33: =MAX($G33-65,0) -> 20.3 | R33: =MAX($G33-70,0) -> 15.3 | S33: =MAX($G33-75,0) -> 10.3 | T33: =MAX($G33-80,0) -> 5.3 | U33: =MAX($G33-85,0) -> 0.3

Sheet January 14 21 bySite
B1: =+Base40h!B1 -> PUC DOCKET NO.
B2: =+Base40h!B2 -> ONCOR ELECTRIC DELIVERY COMPANY LLC
B3: =+Base40h!B3 -> WEATHER STATION DATA
B4: =+Base40h!B4 -> FOR THE TEST YEAR ENDING DECEMBER 31, 2021
B6: =+Base40h!B6 -> SPONSOR: D. E. NELSON
A7: Line No.
A9: 1 | B9: Daily Actual Weather Calculation By Site for January 14, 2021
A10: =+A9+1 -> 2 | B10: Station | C10: HR1 | D10: HR2 | E10: HR3 | F10: HR4 | G10: HR5 | H10: HR6 | I10: HR7 | J10: HR8 | K10: HR9 | L10: HR10 | M10: HR11 | N10: HR12 | O10: HR13 | P10: HR14 | Q10: HR15 | R10: HR16 | S10: HR17 | T10: HR18 | U10: HR19 | V10: HR20
A11: =+A10+1 -> 3 | B11: Abilene | C11: 49 | D11: 48 | E11: 46 | F11: 46 | G11: 45 | H11: 44 | I11: 44 | J11: 41 | K11: 46 | L11: 48 | M11: 52 | N11: 55 | O11: 57 | P11: 58 | Q11: 58 | R11: 57 | S11: 57 | T11: 55 | U11: 51 | V11: 45
A12: =+A11+1 -> 4 | B12: Austin | C12: 43 | D12: 45 | E12: 46 | F12: 44 | G12: 42 | H12: 41 | I12: 37 | J12: 38 | K12: 40 | L12: 47 | M12: 55 | N12: 61 | O12: 68 | P12: 71 | Q12: 69 | R12: 69 | S12: 68 | T12: 66 | U12: 62 | V12: 58
A13: =+A12+1 -> 5 | B13: Dallas-Ft. Worth | C13: 47 | D13: 44 | E13: 43 | F13: 42 | G13: 42 | H13: 42 | I13: 39 | J13: 36 | K13: 40 | L13: 49 | M13: 52 | N13: 58 | O13: 62 | P13: 62 | Q13: 64 | R13: 62 | S13: 61 | T13: 59 | U13: 55 | V13: 51
A14: =+A13+1 -> 6 | B14: Kileen-Temple | C14: 46 | D14: 46 | E14: 46 | F14: 43 | G14: 42 | H14: 43 | I14: 46 | J14: 45 | K14: 50 | L14: 52 | M14: 54 | N14: 57 | O14: 58 | P14: 60 | Q14: 60 | R14: 66 | S14: 64 | T14: 62 | U14: 58 | V14: 54
A15: =+A14+1 -> 7 | B15: Longview | C15: 45 | D15: 44 | E15: 43 | F15: 44 | G15: 42 | H15: 41 | I15: 42 | J15: 43 | K15: 43 | L15: 49 | M15: 51 | N15: 58 | O15: 59 | P15: 60 | Q15: 60 | R15: 61 | S15: 61 | T15: 60 | U15: 56 | V15: 52
A16: =+A15+1 -> 8 | B16: Lufkin | C16: 41 | D16: 41 | E16: 40 | F16: 40 | G16: 40 | H16: 41 | I16: 42 | J16: 41 | K16: 43 | L16: 49 | M16: 54 | N16: 60 | O16: 63 | P16: 66 | Q16: 66 | R16: 65 | S16: 64 | T16: 62 | U16: 58 | V16: 54
A17: =+A16+1 -> 9 | B17: Midland-Odessa | C17: 45 | D17: 44 | E17: 43 | F17: 45 | G17: 45 | H17: 46 | I17: 48 | J17: 48 | K17: 47 | L17: 47 | M17: 47 | N17: 49 | O17: 50 | P17: 52 | Q17: 54 | R17: 54 | S17: 53 | T17: 51 | U17: 48 | V17: 43
A18: =+A17+1 -> 10 | B18: Sherman-Denison | C18: 46 | D18: 42 | E18: 47 | F18: 45 | G18: 43 | H18: 44 | I18: 43 | J18: 39 | K18: 37 | L18: 39 | M18: 46 | N18: 57 | O18: 59 | P18: 59 | Q18: 60 | R18: 61 | S18: 57 | T18: 55 | U18: 50 | V18: 48
A19: =+A18+1 -> 11 | B19: Waco | C19: 47 | D19: 45 | E19: 44 | F19: 43 | G19: 43 | H19: 43 | I19: 43 | J19: 41 | K19: 42 | L19: 44 | M19: 53 | N19: 60 | O19: 62 | P19: 64 | Q19: 65 | R19: 65 | S19: 64 | T19: 62 | U19: 55 | V19: 52
A20: =+A19+1 -> 12 | B20: Wichita Falls | C20: 44 | D20: 40 | E20: 37 | F20: 40 | G20: 39 | H20: 38 | I20: 39 | J20: 38 | K20: 41 | L20: 50 | M20: 54 | N20: 57 | O20: 56 | P20: 58 | Q20: 58 | R20: 58 | S20: 56 | T20: 53 | U20: 45 | V20: 43
A21: =+A20+1 -> 13
A22: =+A21+1 -> 14
A23: =+A22+1 -> 15 | B23: Station | C23: HR21 | D23: HR22 | E23: HR23 | F23: HR24 | G23: DAILY AVG | H23: HDD40 | I23: HDD45 | J23: HDD50 | K23: HDD55 | L23: HDD60 | M23: HDD65 | N23: CDD50 | O23: CDD55 | P23: CDD60 | Q23: CDD65 | R23: CDD70 | S23: CDD75 | T23: CDD80 | U23: CDD85
A24: =+A23+1 -> 16 | B24: Abilene | C24: 42 | D24: 43 | E24: 35 | F24: 33 | G24: =ROUND(AVERAGE(C11:V11,C24:F24),1) -> 48.1 | H24: =MAX(40-$G24,0) -> 0 | I24: =MAX(45-$G24,0) -> 0 | J24: =MAX(50-$G24,0) -> 1.9 | K24: =MAX(55-$G24,0) -> 6.9 | L24: =MAX(60-$G24,0) -> 11.9 | M24: =MAX(65-$G24,0) -> 16.9 | N24: =MAX($G24-50,0) -> 0 | O24: =MAX($G24-55,0) -> 0 | P24: =MAX($G24-60,0) -> 0 | Q24: =MAX($G24-65,0) -> 0 | R24: =MAX($G24-70,0) -> 0 | S24: =MAX($G24-75,0) -> 0 | T24: =MAX($G24-80,0) -> 0 | U24: =MAX($G24-85,0) -> 0
A25: =+A24+1 -> 17 | B25: Austin | C25: 57 | D25: 55 | E25: 51 | F25: 50 | G25: =ROUND(AVERAGE(C12:V12,C25:F25),1) -> 53.5 | H25: =MAX(40-$G25,0) -> 0 | I25: =MAX(45-$G25,0) -> 0 | J25: =MAX(50-$G25,0) -> 0 | K25: =MAX(55-$G25,0) -> 1.5 | L25: =MAX(60-$G25,0) -> 6.5 | M25: =MAX(65-$G25,0) -> 11.5 | N25: =MAX($G25-50,0) -> 3.5 | O25: =MAX($G25-55,0) -> 0 | P25: =MAX($G25-60,0) -> 0 | Q25: =MAX($G25-65,0) -> 0 | R25: =MAX($G25-70,0) -> 0 | S25: =MAX($G25-75,0) -> 0 | T25: =MAX($G25-80,0) -> 0 | U25: =MAX($G25-85,0) -> 0
A26: =+A25+1 -> 18 | B26: Dallas-Ft. Worth | C26: 50 | D26: 49 | E26: 47 | F26: 46 | G26: =ROUND(AVERAGE(C13:V13,C26:F26),1) -> 50.1 | H26: =MAX(40-$G26,0) -> 0 | I26: =MAX(45-$G26,0) -> 0 | J26: =MAX(50-$G26,0) -> 0 | K26: =MAX(55-$G26,0) -> 4.9 | L26: =MAX(60-$G26,0) -> 9.9 | M26: =MAX(65-$G26,0) -> 14.9 | N26: =MAX($G26-50,0) -> 0.1 | O26: =MAX($G26-55,0) -> 0 | P26: =MAX($G26-60,0) -> 0 | Q26: =MAX($G26-65,0) -> 0 | R26: =MAX($G26-70,0) -> 0 | S26: =MAX($G26-75,0) -> 0 | T26: =MAX($G26-80,0) -> 0 | U26: =MAX($G26-85,0) -> 0
A27: =+A26+1 -> 19 | B27: Kileen-Temple | C27: 51 | D27: 48 | E27: 49 | F27: 45 | G27: =ROUND(AVERAGE(C14:V14,C27:F27),1) -> 51.9 | H27: =MAX(40-$G27,0) -> 0 | I27: =MAX(45-$G27,0) -> 0 | J27: =MAX(50-$G27,0) -> 0 | K27: =MAX(55-$G27,0) -> 3.1 | L27: =MAX(60-$G27,0) -> 8.1 | M27: =MAX(65-$G27,0) -> 13.1 | N27: =MAX($G27-50,0) -> 1.9 | O27: =MAX($G27-55,0) -> 0 | P27: =MAX($G27-60,0) -> 0 | Q27: =MAX($G27-65,0) -> 0 | R27: =MAX($G27-70,0) -> 0 | S27: =MAX($G27-75,0) -> 0 | T27: =MAX($G27-80,0) -> 0 | U27: =MAX($G27-85,0) -> 0
A28: =+A27+1 -> 20 | B28: Longview | C28: 51 | D28: 48 | E28: 46 | F28: 44 | G28: =ROUND(AVERAGE(C15:V15,C28:F28),1) -> 50.1 | H28: =MAX(40-$G28,0) -> 0 | I28: =MAX(45-$G28,0) -> 0 | J28: =MAX(50-$G28,0) -> 0 | K28: =MAX(55-$G28,0) -> 4.9 | L28: =MAX(60-$G28,0) -> 9.9 | M28: =MAX(65-$G28,0) -> 14.9 | N28: =MAX($G28-50,0) -> 0.1 | O28: =MAX($G28-55,0) -> 0 | P28: =MAX($G28-60,0) -> 0 | Q28: =MAX($G28-65,0) -> 0 | R28: =MAX($G28-70,0) -> 0 | S28: =MAX($G28-75,0) -> 0 | T28: =MAX($G28-80,0) -> 0 | U28: =MAX($G28-85,0) -> 0
A29: =+A28+1 -> 21 | B29: Lufkin | C29: 47 | D29: 51 | E29: 51 | F29: 48 | G29: =ROUND(AVERAGE(C16:V16,C29:F29),1) -> 51.1 | H29: =MAX(40-$G29,0) -> 0 | I29: =MAX(45-$G29,0) -> 0 | J29: =MAX(50-$G29,0) -> 0 | K29: =MAX(55-$G29,0) -> 3.9 | L29: =MAX(60-$G29,0) -> 8.9 | M29: =MAX(65-$G29,0) -> 13.9 | N29: =MAX($G29-50,0) -> 1.1 | O29: =MAX($G29-55,0) -> 0 | P29: =MAX($G29-60,0) -> 0 | Q29: =MAX($G29-65,0) -> 0 | R29: =MAX($G29-70,0) -> 0 | S29: =MAX($G29-75,0) -> 0 | T29: =MAX($G29-80,0) -> 0 | U29: =MAX($G29-85,0) -> 0
A30: =+A29+1 -> 22 | B30: Midland-Odessa | C30: 39 | D30: 36 | E30: 33 | F30: 33 | G30: =ROUND(AVERAGE(C17:V17,C30:F30),1) -> 45.8 | H30: =MAX(40-$G30,0) -> 0 | I30: =MAX(45-$G30,0) -> 0 | J30: =MAX(50-$G30,0) -> 4.2 | K30: =MAX(55-$G30,0) -> 9.2 | L30: =MAX(60-$G30,0) -> 14.2 | M30: =MAX(65-$G30,0) -> 19.2 | N30: =MAX($G30-50,0) -> 0 | O30: =MAX($G30-55,0) -> 0 | P30: =MAX($G30-60,0) -> 0 | Q30: =MAX($G30-65,0) -> 0 | R30: =MAX($G30-70,0) -> 0 | S30: =MAX($G30-75,0) -> 0 | T30: =MAX($G30-80,0) -> 0 | U30: =MAX($G30-85,0) -> 0
A31: =+A30+1 -> 23 | B31: Sherman-Denison | C31: 45 | D31: 42 | E31: 40 | F31: 38 | G31: =ROUND(AVERAGE(C18:V18,C31:F31),1) -> 47.6 | H31: =MAX(40-$G31,0) -> 0 | I31: =MAX(45-$G31,0) -> 0 | J31: =MAX(50-$G31,0) -> 2.4 | K31: =MAX(55-$G31,0) -> 7.4 | L31: =MAX(60-$G31,0) -> 12.4 | M31: =MAX(65-$G31,0) -> 17.4 | N31: =MAX($G31-50,0) -> 0 | O31: =MAX($G31-55,0) -> 0 | P31: =MAX($G31-60,0) -> 0 | Q31: =MAX($G31-65,0) -> 0 | R31: =MAX($G31-70,0) -> 0 | S31: =MAX($G31-75,0) -> 0 | T31: =MAX($G31-80,0) -> 0 | U31: =MAX($G31-85,0) -> 0
A32: =+A31+1 -> 24 | B32: Waco | C32: 51 | D32: 48 | E32: 46 | F32: 44 | G32: =ROUND(AVERAGE(C19:V19,C32:F32),1) -> 51.1 | H32: =MAX(40-$G32,0) -> 0 | I32: =MAX(45-$G32,0) -> 0 | J32: =MAX(50-$G32,0) -> 0 | K32: =MAX(55-$G32,0) -> 3.9 | L32: =MAX(60-$G32,0) -> 8.9 | M32: =MAX(65-$G32,0) -> 13.9 | N32: =MAX($G32-50,0) -> 1.1 | O32: =MAX($G32-55,0) -> 0 | P32: =MAX($G32-60,0) -> 0 | Q32: =MAX($G32-65,0) -> 0 | R32: =MAX($G32-70,0) -> 0 | S32: =MAX($G32-75,0) -> 0 | T32: =MAX($G32-80,0) -> 0 | U32: =MAX($G32-85,0) -> 0
A33: =+A32+1 -> 25 | B33: Wichita Falls | C33: 43 | D33: 41 | E33: 39 | F33: 42 | G33: =ROUND(AVERAGE(C20:V20,C33:F33),1) -> 46.2 | H33: =MAX(40-$G33,0) -> 0 | I33: =MAX(45-$G33,0) -> 0 | J33: =MAX(50-$G33,0) -> 3.8 | K33: =MAX(55-$G33,0) -> 8.8 | L33: =MAX(60-$G33,0) -> 13.8 | M33: =MAX(65-$G33,0) -> 18.8 | N33: =MAX($G33-50,0) -> 0 | O33: =MAX($G33-55,0) -> 0 | P33: =MAX($G33-60,0) -> 0 | Q33: =MAX($G33-65,0) -> 0 | R33: =MAX($G33-70,0) -> 0 | S33: =MAX($G33-75,0) -> 0 | T33: =MAX($G33-80,0) -> 0 | U33: =MAX($G33-85,0) -> 0

Sheet July 14 21 bySite
B1: =+Base40h!B1 -> PUC DOCKET NO.
B2: =+Base40h!B2 -> ONCOR ELECTRIC DELIVERY COMPANY LLC
B3: =+Base40h!B3 -> WEATHER STATION DATA
B4: =+Base40h!B4 -> FOR THE TEST YEAR ENDING DECEMBER 31, 2021
B6: =+Base40h!B6 -> SPONSOR: D. E. NELSON
A7: Line No.
A9: 1 | B9: Daily Actual Weather Calculation By Site for July 14, 2021
A10: =+A9+1 -> 2 | B10: Station | C10: HR1 | D10: HR2 | E10: HR3 | F10: HR4 | G10: HR5 | H10: HR6 | I10: HR7 | J10: HR8 | K10: HR9 | L10: HR10 | M10: HR11 | N10: HR12 | O10: HR13 | P10: HR14 | Q10: HR15 | R10: HR16 | S10: HR17 | T10: HR18 | U10: HR19 | V10: HR20
A11: =+A10+1 -> 3 | B11: Abilene | C11: 75 | D11: 73 | E11: 72 | F11: 71 | G11: 71 | H11: 70 | I11: 70 | J11: 73 | K11: 76 | L11: 77 | M11: 79 | N11: 83 | O11: 86 | P11: 88 | Q11: 89 | R11: 89 | S11: 90 | T11: 90 | U11: 89 | V11: 87
A12: =+A11+1 -> 4 | B12: Austin | C12: 68 | D12: 67 | E12: 70 | F12: 69 | G12: 69 | H12: 70 | I12: 71 | J12: 72 | K12: 72 | L12: 74 | M12: 76 | N12: 83 | O12: 84 | P12: 89 | Q12: 89 | R12: 85 | S12: 80 | T12: 79 | U12: 81 | V12: 79
A13: =+A12+1 -> 5 | B13: Dallas-Ft. Worth | C13: 77 | D13: 75 | E13: 74 | F13: 73 | G13: 72 | H13: 72 | I13: 72 | J13: 75 | K13: 79 | L13: 82 | M13: 85 | N13: 87 | O13: 87 | P13: 89 | Q13: 90 | R13: 91 | S13: 90 | T13: 92 | U13: 90 | V13: 88
A14: =+A13+1 -> 6 | B14: Kileen-Temple | C14: 71 | D14: 70 | E14: 70 | F14: 70 | G14: 69 | H14: 70 | I14: 71 | J14: 72 | K14: 74 | L14: 76 | M14: 81 | N14: 84 | O14: 86 | P14: 87 | Q14: 89 | R14: 90 | S14: 91 | T14: 88 | U14: 73 | V14: 74
A15: =+A14+1 -> 7 | B15: Longview | C15: 72 | D15: 72 | E15: 70 | F15: 70 | G15: 69 | H15: 69 | I15: 70 | J15: 73 | K15: 77 | L15: 81 | M15: 83 | N15: 87 | O15: 88 | P15: 89 | Q15: 90 | R15: 91 | S15: 90 | T15: 89 | U15: 89 | V15: 75
A16: =+A15+1 -> 8 | B16: Lufkin | C16: 72 | D16: 71 | E16: 70 | F16: 70 | G16: 70 | H16: 70 | I16: 71 | J16: 73 | K16: 78 | L16: 81 | M16: 84 | N16: 86 | O16: 87 | P16: 89 | Q16: 91 | R16: 92 | S16: 84 | T16: 82 | U16: 80 | V16: 79
A17: =+A16+1 -> 9 | B17: Midland-Odessa | C17: 72 | D17: 73 | E17: 70 | F17: 69 | G17: 67 | H17: 65 | I17: 65 | J17: 66 | K17: 70 | L17: 72 | M17: 76 | N17: 79 | O17: 82 | P17: 85 | Q17: 88 | R17: 88 | S17: 89 | T17: 89 | U17: 88 | V17: 86
A18: =+A17+1 -> 10 | B18: Sherman-Denison | C18: 77 | D18: 74 | E18: 74 | F18: 72 | G18: 72 | H18: 70 | I18: 70 | J18: 73 | K18: 77 | L18: 82 | M18: 84 | N18: 86 | O18: 88 | P18: 90 | Q18: 90 | R18: 90 | S18: 90 | T18: 90 | U18: 90 | V18: 87
A19: =+A18+1 -> 11 | B19: Waco | C19: 73 | D19: 71 | E19: 71 | F19: 71 | G19: 71 | H19: 71 | I19: 71 | J19: 74 | K19: 77 | L19: 81 | M19: 84 | N19: 87 | O19: 89 | P19: 90 | Q19: 91 | R19: 91 | S19: 90 | T19: 89 | U19: 77 | V19: 74
A20: =+A19+1 -> 12 | B20: Wichita Falls | C20: 77 | D20: 76 | E20: 73 | F20: 71 | G20: 71 | H20: 70 | I20: 69 | J20: 72 | K20: 76 | L20: 81 | M20: 83 | N20: 86 | O20: 88 | P20: 89 | Q20: 90 | R20: 91 | S20: 91 | T20: 91 | U20: 89 | V20: 87
A21: =+A20+1 -> 13
A22: =+A21+1 -> 14
A23: =+A22+1 -> 15 | B23: Station | C23: HR21 | D23: HR22 | E23: HR23 | F23: HR24 | G23: DAILY AVG | H23: HDD40 | I23: HDD45 | J23: HDD50 | K23: HDD55 | L23: HDD60 | M23: HDD65 | N23: CDD50 | O23: CDD55 | P23: CDD60 | Q23: CDD65 | R23: CDD70 | S23: CDD75 | T23: CDD80 | U23: CDD85
A24: =+A23+1 -> 16 | B24: Abilene | C24: 84 | D24: 80 | E24: 80 | F24: 78 | G24: =ROUND(AVERAGE(C11:V11,C24:F24),1) -> 80 | H24: =MAX(40-$G24,0) -> 0 | I24: =MAX(45-$G24,0) -> 0 | J24: =MAX(50-$G24,0) -> 0 | K24: =MAX(55-$G24,0) -> 0 | L24: =MAX(60-$G24,0) -> 0 | M24: =MAX(65-$G24,0) -> 0 | N24: =MAX($G24-50,0) -> 30 | O24: =MAX($G24-55,0) -> 25 | P24: =MAX($G24-60,0) -> 20 | Q24: =MAX($G24-65,0) -> 15 | R24: =MAX($G24-70,0) -> 10 | S24: =MAX($G24-75,0) -> 5 | T24: =MAX($G24-80,0) -> 0 | U24: =MAX($G24-85,0) -> 0
A25: =+A24+1 -> 17 | B25: Austin | C25: 77 | D25: 75 | E25: 74 | F25: 74 | G25: =ROUND(AVERAGE(C12:V12,C25:F25),1) -> 76.1 | H25: =MAX(40-$G25,0) -> 0 | I25: =MAX(45-$G25,0) -> 0 | J25: =MAX(50-$G25,0) -> 0 | K25: =MAX(55-$G25,0) -> 0 | L25: =MAX(60-$G25,0) -> 0 | M25: =MAX(65-$G25,0) -> 0 | N25: =MAX($G25-50,0) -> 26.1 | O25: =MAX($G25-55,0) -> 21.1 | P25: =MAX($G25-60,0) -> 16.1 | Q25: =MAX($G25-65,0) -> 11.1 | R25: =MAX($G25-70,0) -> 6.1 | S25: =MAX($G25-75,0) -> 1.1 | T25: =MAX($G25-80,0) -> 0 | U25: =MAX($G25-85,0) -> 0
A26: =+A25+1 -> 18 | B26: Dallas-Ft. Worth | C26: 81 | D26: 76 | E26: 76 | F26: 76 | G26: =ROUND(AVERAGE(C13:V13,C26:F26),1) -> 81.2 | H26: =MAX(40-$G26,0) -> 0 | I26: =MAX(45-$G26,0) -> 0 | J26: =MAX(50-$G26,0) -> 0 | K26: =MAX(55-$G26,0) -> 0 | L26: =MAX(60-$G26,0) -> 0 | M26: =MAX(65-$G26,0) -> 0 | N26: =MAX($G26-50,0) -> 31.2 | O26: =MAX($G26-55,0) -> 26.2 | P26: =MAX($G26-60,0) -> 21.2 | Q26: =MAX($G26-65,0) -> 16.2 | R26: =MAX($G26-70,0) -> 11.2 | S26: =MAX($G26-75,0) -> 6.2 | T26: =MAX($G26-80,0) -> 1.2 | U26: =MAX($G26-85,0) -> 0
A27: =+A26+1 -> 19 | B27: Kileen-Temple | C27: 74 | D27: 74 | E27: 74 | F27: 74 | G27: =ROUND(AVERAGE(C14:V14,C27:F27),1) -> 77.2 | H27: =MAX(40-$G27,0) -> 0 | I27: =MAX(45-$G27,0) -> 0 | J27: =MAX(50-$G27,0) -> 0 | K27: =MAX(55-$G27,0) -> 0 | L27: =MAX(60-$G27,0) -> 0 | M27: =MAX(65-$G27,0) -> 0 | N27: =MAX($G27-50,0) -> 27.2 | O27: =MAX($G27-55,0) -> 22.2 | P27: =MAX($G27-60,0) -> 17.2 | Q27: =MAX($G27-65,0) -> 12.2 | R27: =MAX($G27-70,0) -> 7.2 | S27: =MAX($G27-75,0) -> 2.2 | T27: =MAX($G27-80,0) -> 0 | U27: =MAX($G27-85,0) -> 0
A28: =+A27+1 -> 20 | B28: Longview | C28: 73 | D28: 74 | E28: 74 | F28: 74 | G28: =ROUND(AVERAGE(C15:V15,C28:F28),1) -> 78.7 | H28: =MAX(40-$G28,0) -> 0 | I28: =MAX(45-$G28,0) -> 0 | J28: =MAX(50-$G28,0) -> 0 | K28: =MAX(55-$G28,0) -> 0 | L28: =MAX(60-$G28,0) -> 0 | M28: =MAX(65-$G28,0) -> 0 | N28: =MAX($G28-50,0) -> 28.7 | O28: =MAX($G28-55,0) -> 23.7 | P28: =MAX($G28-60,0) -> 18.7 | Q28: =MAX($G28-65,0) -> 13.7 | R28: =MAX($G28-70,0) -> 8.7 | S28: =MAX($G28-75,0) -> 3.7 | T28: =MAX($G28-80,0) -> 0 | U28: =MAX($G28-85,0) -> 0
A29: =+A28+1 -> 21 | B29: Lufkin | C29: 78 | D29: 77 | E29: 76 | F29: 76 | G29: =ROUND(AVERAGE(C16:V16,C29:F29),1) -> 78.6 | H29: =MAX(40-$G29,0) -> 0 | I29: =MAX(45-$G29,0) -> 0 | J29: =MAX(50-$G29,0) -> 0 | K29: =MAX(55-$G29,0) -> 0 | L29: =MAX(60-$G29,0) -> 0 | M29: =MAX(65-$G29,0) -> 0 | N29: =MAX($G29-50,0) -> 28.6 | O29: =MAX($G29-55,0) -> 23.6 | P29: =MAX($G29-60,0) -> 18.6 | Q29: =MAX($G29-65,0) -> 13.6 | R29: =MAX($G29-70,0) -> 8.6 | S29: =MAX($G29-75,0) -> 3.6 | T29: =MAX($G29-80,0) -> 0 | U29: =MAX($G29-85,0) -> 0
A30: =+A29+1 -> 22 | B30: Midland-Odessa | C30: 83 | D30: 79 | E30: 76 | F30: 77 | G30: =ROUND(AVERAGE(C17:V17,C30:F30),1) -> 77.3 | H30: =MAX(40-$G30,0) -> 0 | I30: =MAX(45-$G30,0) -> 0 | J30: =MAX(50-$G30,0) -> 0 | K30: =MAX(55-$G30,0) -> 0 | L30: =MAX(60-$G30,0) -> 0 | M30: =MAX(65-$G30,0) -> 0 | N30: =MAX($G30-50,0) -> 27.3 | O30: =MAX($G30-55,0) -> 22.3 | P30: =MAX($G30-60,0) -> 17.3 | Q30: =MAX($G30-65,0) -> 12.3 | R30: =MAX($G30-70,0) -> 7.3 | S30: =MAX($G30-75,0) -> 2.3 | T30: =MAX($G30-80,0) -> 0 | U30: =MAX($G30-85,0) -> 0
A31: =+A30+1 -> 23 | B31: Sherman-Denison | C31: 85 | D31: 83 | E31: 81 | F31: 78 | G31: =ROUND(AVERAGE(C18:V18,C31:F31),1) -> 81.4 | H31: =MAX(40-$G31,0) -> 0 | I31: =MAX(45-$G31,0) -> 0 | J31: =MAX(50-$G31,0) -> 0 | K31: =MAX(55-$G31,0) -> 0 | L31: =MAX(60-$G31,0) -> 0 | M31: =MAX(65-$G31,0) -> 0 | N31: =MAX($G31-50,0) -> 31.4 | O31: =MAX($G31-55,0) -> 26.4 | P31: =MAX($G31-60,0) -> 21.4 | Q31: =MAX($G31-65,0) -> 16.4 | R31: =MAX($G31-70,0) -> 11.4 | S31: =MAX($G31-75,0) -> 6.4 | T31: =MAX($G31-80,0) -> 1.4 | U31: =MAX($G31-85,0) -> 0
A32: =+A31+1 -> 24 | B32: Waco | C32: 76 | D32: 74 | E32: 74 | F32: 74 | G32: =ROUND(AVERAGE(C19:V19,C32:F32),1) -> 78.8 | H32: =MAX(40-$G32,0) -> 0 | I32: =MAX(45-$G32,0) -> 0 | J32: =MAX(50-$G32,0) -> 0 | K32: =MAX(55-$G32,0) -> 0 | L32: =MAX(60-$G32,0) -> 0 | M32: =MAX(65-$G32,0) -> 0 | N32: =MAX($G32-50,0) -> 28.8 | O32: =MAX($G32-55,0) -> 23.8 | P32: =MAX($G32-60,0) -> 18.8 | Q32: =MAX($G32-65,0) -> 13.8 | R32: =MAX($G32-70,0) -> 8.8 | S32: =MAX($G32-75,0) -> 3.8 | T32: =MAX($G32-80,0) -> 0 | U32: =MAX($G32-85,0) -> 0
A33: =+A32+1 -> 25 | B33: Wichita Falls | C33: 84 | D33: 82 | E33: 80 | F33: 80 | G33: =ROUND(AVERAGE(C20:V20,C33:F33),1) -> 81.1 | H33: =MAX(40-$G33,0) -> 0 | I33: =MAX(45-$G33,0) -> 0 | J33: =MAX(50-$G33,0) -> 0 | K33: =MAX(55-$G33,0) -> 0 | L33: =MAX(60-$G33,0) -> 0 | M33: =MAX(65-$G33,0) -> 0 | N33: =MAX($G33-50,0) -> 31.1 | O33: =MAX($G33-55,0) -> 26.1 | P33: =MAX($G33-60,0) -> 21.1 | Q33: =MAX($G33-65,0) -> 16.1 | R33: =MAX($G33-70,0) -> 11.1 | S33: =MAX($G33-75,0) -> 6.1 | T33: =MAX($G33-80,0) -> 1.1 | U33: =MAX($G33-85,0) -> 0

Sheet Abilene Simple Averages
B1: =+Base40h!B1 -> PUC DOCKET NO.
B2: =+Base40h!B2 -> ONCOR ELECTRIC DELIVERY COMPANY LLC
B3: =+Base40h!B3 -> WEATHER STATION DATA
B4: =+Base40h!B4 -> FOR THE TEST YEAR ENDING DECEMBER 31, 2021
B6: SPONSOR: D. E. NELSON
B8: SIMPLE TWENTY YEAR AVERAGE CALCULATION FOR ABILENE
A9: Line No.
A10: 1 | B10: Year | C10: January 21 | D10: HDD40 | E10: HDD45 | F10: HDD50 | G10: HDD55 | H10: HDD60 | I10: HDD65 | J10: CDD50 | K10: CDD55 | L10: CDD60 | M10: CDD65 | N10: CDD70 | O10: CDD75 | P10: CDD80 | Q10: CDD85
A11: 3 | B11: 2001 | C11: 38.916667 | D11: =MAX(40-$C11,0) -> 1.0833333 | E11: =MAX(45-$C11,0) -> 6.0833333 | F11: =MAX(50-$C11,0) -> 11.083333 | G11: =MAX(55-$C11,0) -> 16.083333 | H11: =MAX(60-$C11,0) -> 21.083333 | I11: =MAX(65-$C11,0) -> 26.083333 | J11: =MAX($C11-50,0) -> 0 | K11: =MAX($C11-55,0) -> 0 | L11: =MAX($C11-60,0) -> 0 | M11: =MAX($C11-65,0) -> 0 | N11: =MAX($C11-70,0) -> 0 | O11: =MAX($C11-75,0) -> 0 | P11: =MAX($C11-80,0) -> 0 | Q11: =MAX($C11-85,0) -> 0
A12: =+A11+1 -> 4 | B12: 2002 | C12: 48.291667 | D12: =MAX(40-$C12,0) -> 0 | E12: =MAX(45-$C12,0) -> 0 | F12: =MAX(50-$C12,0) -> 1.7083333 | G12: =MAX(55-$C12,0) -> 6.7083333 | H12: =MAX(60-$C12,0) -> 11.708333 | I12: =MAX(65-$C12,0) -> 16.708333 | J12: =MAX($C12-50,0) -> 0 | K12: =MAX($C12-55,0) -> 0 | L12: =MAX($C12-60,0) -> 0 | M12: =MAX($C12-65,0) -> 0 | N12: =MAX($C12-70,0) -> 0 | O12: =MAX($C12-75,0) -> 0 | P12: =MAX($C12-80,0) -> 0 | Q12: =MAX($C12-85,0) -> 0
A13: =+A12+1 -> 5 | B13: 2003 | C13: 49.625 | D13: =MAX(40-$C13,0) -> 0 | E13: =MAX(45-$C13,0) -> 0 | F13: =MAX(50-$C13,0) -> 0.375 | G13: =MAX(55-$C13,0) -> 5.375 | H13: =MAX(60-$C13,0) -> 10.375 | I13: =MAX(65-$C13,0) -> 15.375 | J13: =MAX($C13-50,0) -> 0 | K13: =MAX($C13-55,0) -> 0 | L13: =MAX($C13-60,0) -> 0 | M13: =MAX($C13-65,0) -> 0 | N13: =MAX($C13-70,0) -> 0 | O13: =MAX($C13-75,0) -> 0 | P13: =MAX($C13-80,0) -> 0 | Q13: =MAX($C13-85,0) -> 0
A14: =+A13+1 -> 6 | B14: 2004 | C14: 39.041667 | D14: =MAX(40-$C14,0) -> 0.95833333 | E14: =MAX(45-$C14,0) -> 5.9583333 | F14: =MAX(50-$C14,0) -> 10.958333 | G14: =MAX(55-$C14,0) -> 15.958333 | H14: =MAX(60-$C14,0) -> 20.958333 | I14: =MAX(65-$C14,0) -> 25.958333 | J14: =MAX($C14-50,0) -> 0 | K14: =MAX($C14-55,0) -> 0 | L14: =MAX($C14-60,0) -> 0 | M14: =MAX($C14-65,0) -> 0 | N14: =MAX($C14-70,0) -> 0 | O14: =MAX($C14-75,0) -> 0 | P14: =MAX($C14-80,0) -> 0 | Q14: =MAX($C14-85,0) -> 0
A15: =+A14+1 -> 7 | B15: 2005 | C15: 58.166667 | D15: =MAX(40-$C15,0) -> 0 | E15: =MAX(45-$C15,0) -> 0 | F15: =MAX(50-$C15,0) -> 0 | G15: =MAX(55-$C15,0) -> 0 | H15: =MAX(60-$C15,0) -> 1.8333333 | I15: =MAX(65-$C15,0) -> 6.8333333 | J15: =MAX($C15-50,0) -> 8.1666667 | K15: =MAX($C15-55,0) -> 3.1666667 | L15: =MAX($C15-60,0) -> 0 | M15: =MAX($C15-65,0) -> 0 | N15: =MAX($C15-70,0) -> 0 | O15: =MAX($C15-75,0) -> 0 | P15: =MAX($C15-80,0) -> 0 | Q15: =MAX($C15-85,0) -> 0
A16: =+A15+1 -> 8 | B16: 2006 | C16: 41.75 | D16: =MAX(40-$C16,0) -> 0 | E16: =MAX(45-$C16,0) -> 3.25 | F16: =MAX(50-$C16,0) -> 8.25 | G16: =MAX(55-$C16,0) -> 13.25 | H16: =MAX(60-$C16,0) -> 18.25 | I16: =MAX(65-$C16,0) -> 23.25 | J16: =MAX($C16-50,0) -> 0 | K16: =MAX($C16-55,0) -> 0 | L16: =MAX($C16-60,0) -> 0 | M16: =MAX($C16-65,0) -> 0 | N16: =MAX($C16-70,0) -> 0 | O16: =MAX($C16-75,0) -> 0 | P16: =MAX($C16-80,0) -> 0 | Q16: =MAX($C16-85,0) -> 0
A17: =+A16+1 -> 9 | B17: 2007 | C17: 43.958333 | D17: =MAX(40-$C17,0) -> 0 | E17: =MAX(45-$C17,0) -> 1.0416667 | F17: =MAX(50-$C17,0) -> 6.0416667 | G17: =MAX(55-$C17,0) -> 11.041667 | H17: =MAX(60-$C17,0) -> 16.041667 | I17: =MAX(65-$C17,0) -> 21.041667 | J17: =MAX($C17-50,0) -> 0 | K17: =MAX($C17-55,0) -> 0 | L17: =MAX($C17-60,0) -> 0 | M17: =MAX($C17-65,0) -> 0 | N17: =MAX($C17-70,0) -> 0 | O17: =MAX($C17-75,0) -> 0 | P17: =MAX($C17-80,0) -> 0 | Q17: =MAX($C17-85,0) -> 0
A18: =+A17+1 -> 10 | B18: 2008 | C18: 47.2 | D18: =MAX(40-$C18,0) -> 0 | E18: =MAX(45-$C18,0) -> 0 | F18: =MAX(50-$C18,0) -> 2.8 | G18: =MAX(55-$C18,0) -> 7.8 | H18: =MAX(60-$C18,0) -> 12.8 | I18: =MAX(65-$C18,0) -> 17.8 | J18: =MAX($C18-50,0) -> 0 | K18: =MAX($C18-55,0) -> 0 | L18: =MAX($C18-60,0) -> 0 | M18: =MAX($C18-65,0) -> 0 | N18: =MAX($C18-70,0) -> 0 | O18: =MAX($C18-75,0) -> 0 | P18: =MAX($C18-80,0) -> 0 | Q18: =MAX($C18-85,0) -> 0
A19: =+A18+1 -> 11 | B19: 2009 | C19: 53.5 | D19: =MAX(40-$C19,0) -> 0 | E19: =MAX(45-$C19,0) -> 0 | F19: =MAX(50-$C19,0) -> 0 | G19: =MAX(55-$C19,0) -> 1.5 | H19: =MAX(60-$C19,0) -> 6.5 | I19: =MAX(65-$C19,0) -> 11.5 | J19: =MAX($C19-50,0) -> 3.5 | K19: =MAX($C19-55,0) -> 0 | L19: =MAX($C19-60,0) -> 0 | M19: =MAX($C19-65,0) -> 0 | N19: =MAX($C19-70,0) -> 0 | O19: =MAX($C19-75,0) -> 0 | P19: =MAX($C19-80,0) -> 0 | Q19: =MAX($C19-85,0) -> 0
A20: =+A19+1 -> 12 | B20: 2010 | C20: 55.3 | D20: =MAX(40-$C20,0) -> 0 | E20: =MAX(45-$C20,0) -> 0 | F20: =MAX(50-$C20,0) -> 0 | G20: =MAX(55-$C20,0) -> 0 | H20: =MAX(60-$C20,0) -> 4.7 | I20: =MAX(65-$C20,0) -> 9.7 | J20: =MAX($C20-50,0) -> 5.3 | K20: =MAX($C20-55,0) -> 0.3 | L20: =MAX($C20-60,0) -> 0 | M20: =MAX($C20-65,0) -> 0 | N20: =MAX($C20-70,0) -> 0 | O20: =MAX($C20-75,0) -> 0 | P20: =MAX($C20-80,0) -> 0 | Q20: =MAX($C20-85,0) -> 0
A21: =+A20+1 -> 13 | B21: 2011 | C21: 34.8 | D21: =MAX(40-$C21,0) -> 5.2 | E21: =MAX(45-$C21,0) -> 10.2 | F21: =MAX(50-$C21,0) -> 15.2 | G21: =MAX(55-$C21,0) -> 20.2 | H21: =MAX(60-$C21,0) -> 25.2 | I21: =MAX(65-$C21,0) -> 30.2 | J21: =MAX($C21-50,0) -> 0 | K21: =MAX($C21-55,0) -> 0 | L21: =MAX($C21-60,0) -> 0 | M21: =MAX($C21-65,0) -> 0 | N21: =MAX($C21-70,0) -> 0 | O21: =MAX($C21-75,0) -> 0 | P21: =MAX($C21-80,0) -> 0 | Q21: =MAX($C21-85,0) -> 0
A22: =+A21+1 -> 14 | B22: 2012 | C22: 41.5 | D22: =MAX(40-$C22,0) -> 0 | E22: =MAX(45-$C22,0) -> 3.5 | F22: =MAX(50-$C22,0) -> 8.5 | G22: =MAX(55-$C22,0) -> 13.5 | H22: =MAX(60-$C22,0) -> 18.5 | I22: =MAX(65-$C22,0) -> 23.5 | J22: =MAX($C22-50,0) -> 0 | K22: =MAX($C22-55,0) -> 0 | L22: =MAX($C22-60,0) -> 0 | M22: =MAX($C22-65,0) -> 0 | N22: =MAX($C22-70,0) -> 0 | O22: =MAX($C22-75,0) -> 0 | P22: =MAX($C22-80,0) -> 0 | Q22: =MAX($C22-85,0) -> 0
A23: =+A22+1 -> 15 | B23: 2013 | C23: 40 | D23: =MAX(40-$C23,0) -> 0 | E23: =MAX(45-$C23,0) -> 5 | F23: =MAX(50-$C23,0) -> 10 | G23: =MAX(55-$C23,0) -> 15 | H23: =MAX(60-$C23,0) -> 20 | I23: =MAX(65-$C23,0) -> 25 | J23: =MAX($C23-50,0) -> 0 | K23: =MAX($C23-55,0) -> 0 | L23: =MAX($C23-60,0) -> 0 | M23: =MAX($C23-65,0) -> 0 | N23: =MAX($C23-70,0) -> 0 | O23: =MAX($C23-75,0) -> 0 | P23: =MAX($C23-80,0) -> 0 | Q23: =MAX($C23-85,0) -> 0
... A30: =+A29+1 -> 22 | B30: 2020 | C30: 48.1 | D30: =MAX(40-$C30,0) -> 0 | E30: =MAX(45-$C30,0) -> 0 | F30: =MAX(50-$C30,0) -> 1.9 | G30: =MAX(55-$C30,0) -> 6.9 | H30: =MAX(60-$C30,0) -> 11.9 | I30: =MAX(65-$C30,0) -> 16.9 | J30: =MAX($C30-50,0) -> 0 | K30: =MAX($C30-55,0) -> 0 | L30: =MAX($C30-60,0) -> 0 | M30: =MAX($C30-65,0) -> 0 | N30: =MAX($C30-70,0) -> 0 | O30: =MAX($C30-75,0) -> 0 | P30: =MAX($C30-80,0) -> 0 | Q30: =MAX($C30-85,0) -> 0
A31: =+A30+1 -> 23 | C31: Average | D31: =AVERAGE(D11:D30) -> 0.36208333 | E31: =AVERAGE(E11:E30) -> 1.9616667 | F31: =AVERAGE(F11:F30) -> 4.8008333 | G31: =AVERAGE(G11:G30) -> 8.4858333 | H31: =AVERAGE(H11:H30) -> 13.1225 | I31: =AVERAGE(I11:I30) -> 18.1225 | J31: =AVERAGE(J11:J30) -> 1.6783333 | K31: =AVERAGE(K11:K30) -> 0.36333333 | ... Q31: =AVERAGE(Q11:Q30) -> 0
A32: =+A31+1 -> 24
A33: =+A32+1 -> 25 | B33: Year | C33: July 20 | D33: HDD40 | E33: HDD45 | F33: HDD50 | G33: HDD55 | H33: HDD60 | I33: HDD65 | J33: CDD50 | K33: CDD55 | L33: CDD60 | M33: CDD65 | N33: CDD70 | O33: CDD75 | P33: CDD80 | Q33: CDD85
A34: =+A33+1 -> 26 | B34: 2001 | C34: 89.208333 | D34: =MAX(40-$C34,0) -> 0 | E34: =MAX(45-$C34,0) -> 0 | F34: =MAX(50-$C34,0) -> 0 | G34: =MAX(55-$C34,0) -> 0 | H34: =MAX(60-$C34,0) -> 0 | I34: =MAX(65-$C34,0) -> 0 | J34: =MAX($C34-50,0) -> 39.208333 | K34: =MAX($C34-55,0) -> 34.208333 | L34: =MAX($C34-60,0) -> 29.208333 | M34: =MAX($C34-65,0) -> 24.208333 | N34: =MAX($C34-70,0) -> 19.208333 | O34: =MAX($C34-75,0) -> 14.208333 | P34: =MAX($C34-80,0) -> 9.2083333 | Q34: =MAX($C34-85,0) -> 4.2083333
A35: =+A34+1 -> 27 | B35: 2002 | C35: 81.041667 | D35: =MAX(40-$C35,0) -> 0 | E35: =MAX(45-$C35,0) -> 0 | F35: =MAX(50-$C35,0) -> 0 | G35: =MAX(55-$C35,0) -> 0 | H35: =MAX(60-$C35,0) -> 0 | I35: =MAX(65-$C35,0) -> 0 | J35: =MAX($C35-50,0) -> 31.041667 | K35: =MAX($C35-55,0) -> 26.041667 | L35: =MAX($C35-60,0) -> 21.041667 | M35: =MAX($C35-65,0) -> 16.041667 | N35: =MAX($C35-70,0) -> 11.041667 | O35: =MAX($C35-75,0) -> 6.0416667 | P35: =MAX($C35-80,0) -> 1.0416667 | Q35: =MAX($C35-85,0) -> 0
A36: =+A35+1 -> 28 | B36: 2003 | C36: 85.5 | D36: =MAX(40-$C36,0) -> 0 | E36: =MAX(45-$C36,0) -> 0 | F36: =MAX(50-$C36,0) -> 0 | G36: =MAX(55-$C36,0) -> 0 | H36: =MAX(60-$C36,0) -> 0 | I36: =MAX(65-$C36,0) -> 0 | J36: =MAX($C36-50,0) -> 35.5 | K36: =MAX($C36-55,0) -> 30.5 | L36: =MAX($C36-60,0) -> 25.5 | M36: =MAX($C36-65,0) -> 20.5 | N36: =MAX($C36-70,0) -> 15.5 | O36: =MAX($C36-75,0) -> 10.5 | P36: =MAX($C36-80,0) -> 5.5 | Q36: =MAX($C36-85,0) -> 0.5
A37: =+A36+1 -> 29 | B37: 2004 | C37: 83.5 | D37: =MAX(40-$C37,0) -> 0 | E37: =MAX(45-$C37,0) -> 0 | F37: =MAX(50-$C37,0) -> 0 | G37: =MAX(55-$C37,0) -> 0 | H37: =MAX(60-$C37,0) -> 0 | I37: =MAX(65-$C37,0) -> 0 | J37: =MAX($C37-50,0) -> 33.5 | K37: =MAX($C37-55,0) -> 28.5 | L37: =MAX($C37-60,0) -> 23.5 | M37: =MAX($C37-65,0) -> 18.5 | N37: =MAX($C37-70,0) -> 13.5 | O37: =MAX($C37-75,0) -> 8.5 | P37: =MAX($C37-80,0) -> 3.5 | Q37: =MAX($C37-85,0) -> 0
A38: =+A37+1 -> 30 | B38: 2005 | C38: 83.125 | D38: =MAX(40-$C38,0) -> 0 | E38: =MAX(45-$C38,0) -> 0 | F38: =MAX(50-$C38,0) -> 0 | G38: =MAX(55-$C38,0) -> 0 | H38: =MAX(60-$C38,0) -> 0 | I38: =MAX(65-$C38,0) -> 0 | J38: =MAX($C38-50,0) -> 33.125 | K38: =MAX($C38-55,0) -> 28.125 | L38: =MAX($C38-60,0) -> 23.125 | M38: =MAX($C38-65,0) -> 18.125 | N38: =MAX($C38-70,0) -> 13.125 | O38: =MAX($C38-75,0) -> 8.125 | P38: =MAX($C38-80,0) -> 3.125 | Q38: =MAX($C38-85,0) -> 0
A39: =+A38+1 -> 31 | B39: 2006 | C39: 86.708333 | D39: =MAX(40-$C39,0) -> 0 | E39: =MAX(45-$C39,0) -> 0 | F39: =MAX(50-$C39,0) -> 0 | G39: =MAX(55-$C39,0) -> 0 | H39: =MAX(60-$C39,0) -> 0 | I39: =MAX(65-$C39,0) -> 0 | J39: =MAX($C39-50,0) -> 36.708333 | K39: =MAX($C39-55,0) -> 31.708333 | L39: =MAX($C39-60,0) -> 26.708333 | M39: =MAX($C39-65,0) -> 21.708333 | N39: =MAX($C39-70,0) -> 16.708333 | O39: =MAX($C39-75,0) -> 11.708333 | P39: =MAX($C39-80,0) -> 6.7083333 | Q39: =MAX($C39-85,0) -> 1.7083333
A40: =+A39+1 -> 32 | B40: 2007 | C40: 75.458333 | D40: =MAX(40-$C40,0) -> 0 | E40: =MAX(45-$C40,0) -> 0 | F40: =MAX(50-$C40,0) -> 0 | G40: =MAX(55-$C40,0) -> 0 | H40: =MAX(60-$C40,0) -> 0 | I40: =MAX(65-$C40,0) -> 0 | J40: =MAX($C40-50,0) -> 25.458333 | K40: =MAX($C40-55,0) -> 20.458333 | L40: =MAX($C40-60,0) -> 15.458333 | M40: =MAX($C40-65,0) -> 10.458333 | N40: =MAX($C40-70,0) -> 5.4583333 | O40: =MAX($C40-75,0) -> 0.45833333 | P40: =MAX($C40-80,0) -> 0 | Q40: =MAX($C40-85,0) -> 0
A41: =+A40+1 -> 33 | B41: 2008 | C41: 83.1 | D41: =MAX(40-$C41,0) -> 0 | E41: =MAX(45-$C41,0) -> 0 | F41: =MAX(50-$C41,0) -> 0 | G41: =MAX(55-$C41,0) -> 0 | H41: =MAX(60-$C41,0) -> 0 | I41: =MAX(65-$C41,0) -> 0 | J41: =MAX($C41-50,0) -> 33.1 | K41: =MAX($C41-55,0) -> 28.1 | L41: =MAX($C41-60,0) -> 23.1 | M41: =MAX($C41-65,0) -> 18.1 | N41: =MAX($C41-70,0) -> 13.1 | O41: =MAX($C41-75,0) -> 8.1 | P41: =MAX($C41-80,0) -> 3.1 | Q41: =MAX($C41-85,0) -> 0
A42: =+A41+1 -> 34 | B42: 2009 | C42: 78.4 | D42: =MAX(40-$C42,0) -> 0 | E42: =MAX(45-$C42,0) -> 0 | F42: =MAX(50-$C42,0) -> 0 | G42: =MAX(55-$C42,0) -> 0 | H42: =MAX(60-$C42,0) -> 0 | I42: =MAX(65-$C42,0) -> 0 | J42: =MAX($C42-50,0) -> 28.4 | K42: =MAX($C42-55,0) -> 23.4 | L42: =MAX($C42-60,0) -> 18.4 | M42: =MAX($C42-65,0) -> 13.4 | N42: =MAX($C42-70,0) -> 8.4 | O42: =MAX($C42-75,0) -> 3.4 | P42: =MAX($C42-80,0) -> 0 | Q42: =MAX($C42-85,0) -> 0
A43: =+A42+1 -> 35 | B43: 2010 | C43: 85.2 | D43: =MAX(40-$C43,0) -> 0 | E43: =MAX(45-$C43,0) -> 0 | F43: =MAX(50-$C43,0) -> 0 | G43: =MAX(55-$C43,0) -> 0 | H43: =MAX(60-$C43,0) -> 0 | I43: =MAX(65-$C43,0) -> 0 | J43: =MAX($C43-50,0) -> 35.2 | K43: =MAX($C43-55,0) -> 30.2 | L43: =MAX($C43-60,0) -> 25.2 | M43: =MAX($C43-65,0) -> 20.2 | N43: =MAX($C43-70,0) -> 15.2 | O43: =MAX($C43-75,0) -> 10.2 | P43: =MAX($C43-80,0) -> 5.2 | Q43: =MAX($C43-85,0) -> 0.2
A44: =+A43+1 -> 36 | B44: 2011 | C44: 88.6 | D44: =MAX(40-$C44,0) -> 0 | E44: =MAX(45-$C44,0) -> 0 | F44: =MAX(50-$C44,0) -> 0 | G44: =MAX(55-$C44,0) -> 0 | H44: =MAX(60-$C44,0) -> 0 | I44: =MAX(65-$C44,0) -> 0 | J44: =MAX($C44-50,0) -> 38.6 | K44: =MAX($C44-55,0) -> 33.6 | L44: =MAX($C44-60,0) -> 28.6 | M44: =MAX($C44-65,0) -> 23.6 | N44: =MAX($C44-70,0) -> 18.6 | O44: =MAX($C44-75,0) -> 13.6 | P44: =MAX($C44-80,0) -> 8.6 | Q44: =MAX($C44-85,0) -> 3.6
A45: =+A44+1 -> 37 | B45: 2012 | C45: 87.4 | D45: =MAX(40-$C45,0) -> 0 | E45: =MAX(45-$C45,0) -> 0 | F45: =MAX(50-$C45,0) -> 0 | G45: =MAX(55-$C45,0) -> 0 | H45: =MAX(60-$C45,0) -> 0 | I45: =MAX(65-$C45,0) -> 0 | J45: =MAX($C45-50,0) -> 37.4 | K45: =MAX($C45-55,0) -> 32.4 | L45: =MAX($C45-60,0) -> 27.4 | M45: =MAX($C45-65,0) -> 22.4 | N45: =MAX($C45-70,0) -> 17.4 | O45: =MAX($C45-75,0) -> 12.4 | P45: =MAX($C45-80,0) -> 7.4 | Q45: =MAX($C45-85,0) -> 2.4
... A53: =+A52+1 -> 45 | B53: 2020 | C53: 85.8 | D53: =MAX(40-$C53,0) -> 0 | E53: =MAX(45-$C53,0) -> 0 | F53: =MAX(50-$C53,0) -> 0 | G53: =MAX(55-$C53,0) -> 0 | H53: =MAX(60-$C53,0) -> 0 | I53: =MAX(65-$C53,0) -> 0 | J53: =MAX($C53-50,0) -> 35.8 | K53: =MAX($C53-55,0) -> 30.8 | L53: =MAX($C53-60,0) -> 25.8 | M53: =MAX($C53-65,0) -> 20.8 | N53: =MAX($C53-70,0) -> 15.8 | O53: =MAX($C53-75,0) -> 10.8 | P53: =MAX($C53-80,0) -> 5.8 | Q53: =MAX($C53-85,0) -> 0.8
C54: Average | D54: =AVERAGE(D34:D53) -> 0 | E54: =AVERAGE(E34:E53) -> 0 | F54: =AVERAGE(F34:F53) -> 0 | G54: =AVERAGE(G34:G53) -> 0 | H54: =AVERAGE(H34:H53) -> 0 | I54: =AVERAGE(I34:I53) -> 0 | J54: =AVERAGE(J34:J53) -> 34.762083 | K54: =AVERAGE(K34:K53) -> 29.762083 | ... Q54: =AVERAGE(Q34:Q53) -> 1.3358333

Sheet Abilene Simple Averages2
B1: =+Base40h!B1 -> PUC DOCKET NO.
B2: =+Base40h!B2 -> ONCOR ELECTRIC DELIVERY COMPANY LLC
B3: =+Base40h!B3 -> WEATHER STATION DATA
B4: =+Base40h!B4 -> FOR THE TEST YEAR ENDING DECEMBER 31, 2021
B6: SPONSOR: D. E. NELSON
B8: SIMPLE TWENTY YEAR AVERAGE CALCULATION FOR ABILENE
A9: Line No.
A10: 1 | B10: Year | C10: January 14 | D10: HDD40 | E10: HDD45 | F10: HDD50 | G10: HDD55 | H10: HDD60 | I10: HDD65 | J10: CDD50 | K10: CDD55 | L10: CDD60 | M10: CDD65 | N10: CDD70 | O10: CDD75 | P10: CDD80 | Q10: CDD85
A11: 3 | B11: 2001 | C11: 44.916667 | D11: =MAX(40-$C11,0) -> 0 | E11: =MAX(45-$C11,0) -> 0.083333333 | F11: =MAX(50-$C11,0) -> 5.0833333 | G11: =MAX(55-$C11,0) -> 10.083333 | H11: =MAX(60-$C11,0) -> 15.083333 | I11: =MAX(65-$C11,0) -> 20.083333 | J11: =MAX($C11-50,0) -> 0 | K11: =MAX($C11-55,0) -> 0 | L11: =MAX($C11-60,0) -> 0 | M11: =MAX($C11-65,0) -> 0 | N11: =MAX($C11-70,0) -> 0 | O11: =MAX($C11-75,0) -> 0 | P11: =MAX($C11-80,0) -> 0 | Q11: =MAX($C11-85,0) -> 0
A12: =+A11+1 -> 4 | B12: 2002 | C12: 43.458333 | D12: =MAX(40-$C12,0) -> 0 | E12: =MAX(45-$C12,0) -> 1.5416667 | F12: =MAX(50-$C12,0) -> 6.5416667 | G12: =MAX(55-$C12,0) -> 11.541667 | H12: =MAX(60-$C12,0) -> 16.541667 | I12: =MAX(65-$C12,0) -> 21.541667 | J12: =MAX($C12-50,0) -> 0 | K12: =MAX($C12-55,0) -> 0 | L12: =MAX($C12-60,0) -> 0 | M12: =MAX($C12-65,0) -> 0 | N12: =MAX($C12-70,0) -> 0 | O12: =MAX($C12-75,0) -> 0 | P12: =MAX($C12-80,0) -> 0 | Q12: =MAX($C12-85,0) -> 0
A13: =+A12+1 -> 5 | B13: 2003 | C13: 44.833333 | D13: =MAX(40-$C13,0) -> 0 | E13: =MAX(45-$C13,0) -> 0.16666667 | F13: =MAX(50-$C13,0) -> 5.1666667 | G13: =MAX(55-$C13,0) -> 10.166667 | H13: =MAX(60-$C13,0) -> 15.166667 | I13: =MAX(65-$C13,0) -> 20.166667 | J13: =MAX($C13-50,0) -> 0 | K13: =MAX($C13-55,0) -> 0 | L13: =MAX($C13-60,0) -> 0 | M13: =MAX($C13-65,0) -> 0 | N13: =MAX($C13-70,0) -> 0 | O13: =MAX($C13-75,0) -> 0 | P13: =MAX($C13-80,0) -> 0 | Q13: =MAX($C13-85,0) -> 0
A14: =+A13+1 -> 6 | B14: 2004 | C14: 53.791667 | D14: =MAX(40-$C14,0) -> 0 | E14: =MAX(45-$C14,0) -> 0 | F14: =MAX(50-$C14,0) -> 0 | G14: =MAX(55-$C14,0) -> 1.2083333 | H14: =MAX(60-$C14,0) -> 6.2083333 | I14: =MAX(65-$C14,0) -> 11.208333 | J14: =MAX($C14-50,0) -> 3.7916667 | K14: =MAX($C14-55,0) -> 0 | L14: =MAX($C14-60,0) -> 0 | M14: =MAX($C14-65,0) -> 0 | N14: =MAX($C14-70,0) -> 0 | O14: =MAX($C14-75,0) -> 0 | P14: =MAX($C14-80,0) -> 0 | Q14: =MAX($C14-85,0) -> 0
A15: =+A14+1 -> 7 | B15: 2005 | C15: 41.833333 | D15: =MAX(40-$C15,0) -> 0 | E15: =MAX(45-$C15,0) -> 3.1666667 | F15: =MAX(50-$C15,0) -> 8.1666667 | G15: =MAX(55-$C15,0) -> 13.166667 | H15: =MAX(60-$C15,0) -> 18.166667 | I15: =MAX(65-$C15,0) -> 23.166667 | J15: =MAX($C15-50,0) -> 0 | K15: =MAX($C15-55,0) -> 0 | L15: =MAX($C15-60,0) -> 0 | M15: =MAX($C15-65,0) -> 0 | N15: =MAX($C15-70,0) -> 0 | O15: =MAX($C15-75,0) -> 0 | P15: =MAX($C15-80,0) -> 0 | Q15: =MAX($C15-85,0) -> 0
A16: =+A15+1 -> 8 | B16: 2006 | C16: 49.5 | D16: =MAX(40-$C16,0) -> 0 | E16: =MAX(45-$C16,0) -> 0 | F16: =MAX(50-$C16,0) -> 0.5 | G16: =MAX(55-$C16,0) -> 5.5 | H16: =MAX(60-$C16,0) -> 10.5 | I16: =MAX(65-$C16,0) -> 15.5 | J16: =MAX($C16-50,0) -> 0 | K16: =MAX($C16-55,0) -> 0 | L16: =MAX($C16-60,0) -> 0 | M16: =MAX($C16-65,0) -> 0 | N16: =MAX($C16-70,0) -> 0 | O16: =MAX($C16-75,0) -> 0 | P16: =MAX($C16-80,0) -> 0 | Q16: =MAX($C16-85,0) -> 0
A17: =+A16+1 -> 9 | B17: 2007 | C17: 26.958333 | D17: =MAX(40-$C17,0) -> 13.041667 | E17: =MAX(45-$C17,0) -> 18.041667 | F17: =MAX(50-$C17,0) -> 23.041667 | G17: =MAX(55-$C17,0) -> 28.041667 | H17: =MAX(60-$C17,0) -> 33.041667 | I17: =MAX(65-$C17,0) -> 38.041667 | J17: =MAX($C17-50,0) -> 0 | K17: =MAX($C17-55,0) -> 0 | L17: =MAX($C17-60,0) -> 0 | M17: =MAX($C17-65,0) -> 0 | N17: =MAX($C17-70,0) -> 0 | O17: =MAX($C17-75,0) -> 0 | P17: =MAX($C17-80,0) -> 0 | Q17: =MAX($C17-85,0) -> 0
A18: =+A17+1 -> 10 | B18: 2008 | C18: 44.8 | D18: =MAX(40-$C18,0) -> 0 | E18: =MAX(45-$C18,0) -> 0.2 | F18: =MAX(50-$C18,0) -> 5.2 | G18: =MAX(55-$C18,0) -> 10.2 | H18: =MAX(60-$C18,0) -> 15.2 | I18: =MAX(65-$C18,0) -> 20.2 | J18: =MAX($C18-50,0) -> 0 | K18: =MAX($C18-55,0) -> 0 | L18: =MAX($C18-60,0) -> 0 | M18: =MAX($C18-65,0) -> 0 | N18: =MAX($C18-70,0) -> 0 | O18: =MAX($C18-75,0) -> 0 | P18: =MAX($C18-80,0) -> 0 | Q18: =MAX($C18-85,0) -> 0
A19: =+A18+1 -> 11 | B19: 2009 | C19: 44.3 | D19: =MAX(40-$C19,0) -> 0 | E19: =MAX(45-$C19,0) -> 0.7 | F19: =MAX(50-$C19,0) -> 5.7 | G19: =MAX(55-$C19,0) -> 10.7 | H19: =MAX(60-$C19,0) -> 15.7 | I19: =MAX(65-$C19,0) -> 20.7 | J19: =MAX($C19-50,0) -> 0 | K19: =MAX($C19-55,0) -> 0 | L19: =MAX($C19-60,0) -> 0 | M19: =MAX($C19-65,0) -> 0 | N19: =MAX($C19-70,0) -> 0 | O19: =MAX($C19-75,0) -> 0 | P19: =MAX($C19-80,0) -> 0 | Q19: =MAX($C19-85,0) -> 0
A20: =+A19+1 -> 12 | B20: 2010 | C20: 53.3 | D20: =MAX(40-$C20,0) -> 0 | E20: =MAX(45-$C20,0) -> 0 | F20: =MAX(50-$C20,0) -> 0 | G20: =MAX(55-$C20,0) -> 1.7 | H20: =MAX(60-$C20,0) -> 6.7 | I20: =MAX(65-$C20,0) -> 11.7 | J20: =MAX($C20-50,0) -> 3.3 | K20: =MAX($C20-55,0) -> 0 | L20: =MAX($C20-60,0) -> 0 | M20: =MAX($C20-65,0) -> 0 | N20: =MAX($C20-70,0) -> 0 | O20: =MAX($C20-75,0) -> 0 | P20: =MAX($C20-80,0) -> 0 | Q20: =MAX($C20-85,0) -> 0
A21: =+A20+1 -> 13 | B21: 2011 | C21: 43.1 | D21: =MAX(40-$C21,0) -> 0 | E21: =MAX(45-$C21,0) -> 1.9 | F21: =MAX(50-$C21,0) -> 6.9 | G21: =MAX(55-$C21,0) -> 11.9 | H21: =MAX(60-$C21,0) -> 16.9 | I21: =MAX(65-$C21,0) -> 21.9 | J21: =MAX($C21-50,0) -> 0 | K21: =MAX($C21-55,0) -> 0 | L21: =MAX($C21-60,0) -> 0 | M21: =MAX($C21-65,0) -> 0 | N21: =MAX($C21-70,0) -> 0 | O21: =MAX($C21-75,0) -> 0 | P21: =MAX($C21-80,0) -> 0 | Q21: =MAX($C21-85,0) -> 0
A22: =+A21+1 -> 14 | B22: 2012 | C22: 48.2 | D22: =MAX(40-$C22,0) -> 0 | E22: =MAX(45-$C22,0) -> 0 | F22: =MAX(50-$C22,0) -> 1.8 | G22: =MAX(55-$C22,0) -> 6.8 | H22: =MAX(60-$C22,0) -> 11.8 | I22: =MAX(65-$C22,0) -> 16.8 | J22: =MAX($C22-50,0) -> 0 | K22: =MAX($C22-55,0) -> 0 | L22: =MAX($C22-60,0) -> 0 | M22: =MAX($C22-65,0) -> 0 | N22: =MAX($C22-70,0) -> 0 | O22: =MAX($C22-75,0) -> 0 | P22: =MAX($C22-80,0) -> 0 | Q22: =MAX($C22-85,0) -> 0
A23: =+A22+1 -> 15 | B23: 2013 | C23: 29.5 | D23: =MAX(40-$C23,0) -> 10.5 | E23: =MAX(45-$C23,0) -> 15.5 | F23: =MAX(50-$C23,0) -> 20.5 | G23: =MAX(55-$C23,0) -> 25.5 | H23: =MAX(60-$C23,0) -> 30.5 | I23: =MAX(65-$C23,0) -> 35.5 | J23: =MAX($C23-50,0) -> 0 | K23: =MAX($C23-55,0) -> 0 | L23: =MAX($C23-60,0) -> 0 | M23: =MAX($C23-65,0) -> 0 | N23: =MAX($C23-70,0) -> 0 | O23: =MAX($C23-75,0) -> 0 | P23: =MAX($C23-80,0) -> 0 | Q23: =MAX($C23-85,0) -> 0
... A30: =+A29+1 -> 22 | B30: 2020 | C30: 56.5 | D30: =MAX(40-$C30,0) -> 0 | E30: =MAX(45-$C30,0) -> 0 | F30: =MAX(50-$C30,0) -> 0 | G30: =MAX(55-$C30,0) -> 0 | H30: =MAX(60-$C30,0) -> 3.5 | I30: =MAX(65-$C30,0) -> 8.5 | J30: =MAX($C30-50,0) -> 6.5 | K30: =MAX($C30-55,0) -> 1.5 | L30: =MAX($C30-60,0) -> 0 | M30: =MAX($C30-65,0) -> 0 | N30: =MAX($C30-70,0) -> 0 | O30: =MAX($C30-75,0) -> 0 | P30: =MAX($C30-80,0) -> 0 | Q30: =MAX($C30-85,0) -> 0
A31: =+A30+1 -> 23 | C31: Average | D31: =AVERAGE(D11:D30) -> 1.9570833 | E31: =AVERAGE(E11:E30) -> 3.805 | F31: =AVERAGE(F11:F30) -> 7.3 | G31: =AVERAGE(G11:G30) -> 11.560417 | H31: =AVERAGE(H11:H30) -> 16.485417 | I31: =AVERAGE(I11:I30) -> 21.485417 | J31: =AVERAGE(J11:J30) -> 0.81458333 | K31: =AVERAGE(K11:K30) -> 0.075 | ... Q31: =AVERAGE(Q11:Q30) -> 0
A32: =+A31+1 -> 24
A33: =+A32+1 -> 25 | B33: Year | C33: July 14 | D33: HDD40 | E33: HDD45 | F33: HDD50 | G33: HDD55 | H33: HDD60 | I33: HDD65 | J33: CDD50 | K33: CDD55 | L33: CDD60 | M33: CDD65 | N33: CDD70 | O33: CDD75 | P33: CDD80 | Q33: CDD85
A34: =+A33+1 -> 26 | B34: 2001 | C34: 83.458333 | D34: =MAX(40-$C34,0) -> 0 | E34: =MAX(45-$C34,0) -> 0 | F34: =MAX(50-$C34,0) -> 0 | G34: =MAX(55-$C34,0) -> 0 | H34: =MAX(60-$C34,0) -> 0 | I34: =MAX(65-$C34,0) -> 0 | J34: =MAX($C34-50,0) -> 33.458333 | K34: =MAX($C34-55,0) -> 28.458333 | L34: =MAX($C34-60,0) -> 23.458333 | M34: =MAX($C34-65,0) -> 18.458333 | N34: =MAX($C34-70,0) -> 13.458333 | O34: =MAX($C34-75,0) -> 8.4583333 | P34: =MAX($C34-80,0) -> 3.4583333 | Q34: =MAX($C34-85,0) -> 0
A35: =+A34+1 -> 27 | B35: 2002 | C35: 78.666667 | D35: =MAX(40-$C35,0) -> 0 | E35: =MAX(45-$C35,0) -> 0 | F35: =MAX(50-$C35,0) -> 0 | G35: =MAX(55-$C35,0) -> 0 | H35: =MAX(60-$C35,0) -> 0 | I35: =MAX(65-$C35,0) -> 0 | J35: =MAX($C35-50,0) -> 28.666667 | K35: =MAX($C35-55,0) -> 23.666667 | L35: =MAX($C35-60,0) -> 18.666667 | M35: =MAX($C35-65,0) -> 13.666667 | N35: =MAX($C35-70,0) -> 8.6666667 | O35: =MAX($C35-75,0) -> 3.6666667 | P35: =MAX($C35-80,0) -> 0 | Q35: =MAX($C35-85,0) -> 0
A36: =+A35+1 -> 28 | B36: 2003 | C36: 86.083333 | D36: =MAX(40-$C36,0) -> 0 | E36: =MAX(45-$C36,0) -> 0 | F36: =MAX(50-$C36,0) -> 0 | G36: =MAX(55-$C36,0) -> 0 | H36: =MAX(60-$C36,0) -> 0 | I36: =MAX(65-$C36,0) -> 0 | J36: =MAX($C36-50,0) -> 36.083333 | K36: =MAX($C36-55,0) -> 31.083333 | L36: =MAX($C36-60,0) -> 26.083333 | M36: =MAX($C36-65,0) -> 21.083333 | N36: =MAX($C36-70,0) -> 16.083333 | O36: =MAX($C36-75,0) -> 11.083333 | P36: =MAX($C36-80,0) -> 6.0833333 | Q36: =MAX($C36-85,0) -> 1.0833333
A37: =+A36+1 -> 29 | B37: 2004 | C37: 82.916667 | D37: =MAX(40-$C37,0) -> 0 | E37: =MAX(45-$C37,0) -> 0 | F37: =MAX(50-$C37,0) -> 0 | G37: =MAX(55-$C37,0) -> 0 | H37: =MAX(60-$C37,0) -> 0 | I37: =MAX(65-$C37,0) -> 0 | J37: =MAX($C37-50,0) -> 32.916667 | K37: =MAX($C37-55,0) -> 27.916667 | L37: =MAX($C37-60,0) -> 22.916667 | M37: =MAX($C37-65,0) -> 17.916667 | N37: =MAX($C37-70,0) -> 12.916667 | O37: =MAX($C37-75,0) -> 7.9166667 | P37: =MAX($C37-80,0) -> 2.9166667 | Q37: =MAX($C37-85,0) -> 0
A38: =+A37+1 -> 30 | B38: 2005 | C38: 82.5 | D38: =MAX(40-$C38,0) -> 0 | E38: =MAX(45-$C38,0) -> 0 | F38: =MAX(50-$C38,0) -> 0 | G38: =MAX(55-$C38,0) -> 0 | H38: =MAX(60-$C38,0) -> 0 | I38: =MAX(65-$C38,0) -> 0 | J38: =MAX($C38-50,0) -> 32.5 | K38: =MAX($C38-55,0) -> 27.5 | L38: =MAX($C38-60,0) -> 22.5 | M38: =MAX($C38-65,0) -> 17.5 | N38: =MAX($C38-70,0) -> 12.5 | O38: =MAX($C38-75,0) -> 7.5 | P38: =MAX($C38-80,0) -> 2.5 | Q38: =MAX($C38-85,0) -> 0
A39: =+A38+1 -> 31 | B39: 2006 | C39: 87.875 | D39: =MAX(40-$C39,0) -> 0 | E39: =MAX(45-$C39,0) -> 0 | F39: =MAX(50-$C39,0) -> 0 | G39: =MAX(55-$C39,0) -> 0 | H39: =MAX(60-$C39,0) -> 0 | I39: =MAX(65-$C39,0) -> 0 | J39: =MAX($C39-50,0) -> 37.875 | K39: =MAX($C39-55,0) -> 32.875 | L39: =MAX($C39-60,0) -> 27.875 | M39: =MAX($C39-65,0) -> 22.875 | N39: =MAX($C39-70,0) -> 17.875 | O39: =MAX($C39-75,0) -> 12.875 | P39: =MAX($C39-80,0) -> 7.875 | Q39: =MAX($C39-85,0) -> 2.875
A40: =+A39+1 -> 32 | B40: 2007 | C40: 76.25 | D40: =MAX(40-$C40,0) -> 0 | E40: =MAX(45-$C40,0) -> 0 | F40: =MAX(50-$C40,0) -> 0 | G40: =MAX(55-$C40,0) -> 0 | H40: =MAX(60-$C40,0) -> 0 | I40: =MAX(65-$C40,0) -> 0 | J40: =MAX($C40-50,0) -> 26.25 | K40: =MAX($C40-55,0) -> 21.25 | L40: =MAX($C40-60,0) -> 16.25 | M40: =MAX($C40-65,0) -> 11.25 | N40: =MAX($C40-70,0) -> 6.25 | O40: =MAX($C40-75,0) -> 1.25 | P40: =MAX($C40-80,0) -> 0 | Q40: =MAX($C40-85,0) -> 0
A41: =+A40+1 -> 33 | B41: 2008 | C41: 79.5 | D41: =MAX(40-$C41,0) -> 0 | E41: =MAX(45-$C41,0) -> 0 | F41: =MAX(50-$C41,0) -> 0 | G41: =MAX(55-$C41,0) -> 0 | H41: =MAX(60-$C41,0) -> 0 | I41: =MAX(65-$C41,0) -> 0 | J41: =MAX($C41-50,0) -> 29.5 | K41: =MAX($C41-55,0) -> 24.5 | L41: =MAX($C41-60,0) -> 19.5 | M41: =MAX($C41-65,0) -> 14.5 | N41: =MAX($C41-70,0) -> 9.5 | O41: =MAX($C41-75,0) -> 4.5 | P41: =MAX($C41-80,0) -> 0 | Q41: =MAX($C41-85,0) -> 0
A42: =+A41+1 -> 34 | B42: 2009 | C42: 89.4 | D42: =MAX(40-$C42,0) -> 0 | E42: =MAX(45-$C42,0) -> 0 | F42: =MAX(50-$C42,0) -> 0 | G42: =MAX(55-$C42,0) -> 0 | H42: =MAX(60-$C42,0) -> 0 | I42: =MAX(65-$C42,0) -> 0 | J42: =MAX($C42-50,0) -> 39.4 | K42: =MAX($C42-55,0) -> 34.4 | L42: =MAX($C42-60,0) -> 29.4 | M42: =MAX($C42-65,0) -> 24.4 | N42: =MAX($C42-70,0) -> 19.4 | O42: =MAX($C42-75,0) -> 14.4 | P42: =MAX($C42-80,0) -> 9.4 | Q42: =MAX($C42-85,0) -> 4.4
A43: =+A42+1 -> 35 | B43: 2010 | C43: 86.1 | D43: =MAX(40-$C43,0) -> 0 | E43: =MAX(45-$C43,0) -> 0 | F43: =MAX(50-$C43,0) -> 0 | G43: =MAX(55-$C43,0) -> 0 | H43: =MAX(60-$C43,0) -> 0 | I43: =MAX(65-$C43,0) -> 0 | J43: =MAX($C43-50,0) -> 36.1 | K43: =MAX($C43-55,0) -> 31.1 | L43: =MAX($C43-60,0) -> 26.1 | M43: =MAX($C43-65,0) -> 21.1 | N43: =MAX($C43-70,0) -> 16.1 | O43: =MAX($C43-75,0) -> 11.1 | P43: =MAX($C43-80,0) -> 6.1 | Q43: =MAX($C43-85,0) -> 1.1
A44: =+A43+1 -> 36 | B44: 2011 | C44: 91 | D44: =MAX(40-$C44,0) -> 0 | E44: =MAX(45-$C44,0) -> 0 | F44: =MAX(50-$C44,0) -> 0 | G44: =MAX(55-$C44,0) -> 0 | H44: =MAX(60-$C44,0) -> 0 | I44: =MAX(65-$C44,0) -> 0 | J44: =MAX($C44-50,0) -> 41 | K44: =MAX($C44-55,0) -> 36 | L44: =MAX($C44-60,0) -> 31 | M44: =MAX($C44-65,0) -> 26 | N44: =MAX($C44-70,0) -> 21 | O44: =MAX($C44-75,0) -> 16 | P44: =MAX($C44-80,0) -> 11 | Q44: =MAX($C44-85,0) -> 6
A45: =+A44+1 -> 37 | B45: 2012 | C45: 84 | D45: =MAX(40-$C45,0) -> 0 | E45: =MAX(45-$C45,0) -> 0 | F45: =MAX(50-$C45,0) -> 0 | G45: =MAX(55-$C45,0) -> 0 | H45: =MAX(60-$C45,0) -> 0 | I45: =MAX(65-$C45,0) -> 0 | J45: =MAX($C45-50,0) -> 34 | K45: =MAX($C45-55,0) -> 29 | L45: =MAX($C45-60,0) -> 24 | M45: =MAX($C45-65,0) -> 19 | N45: =MAX($C45-70,0) -> 14 | O45: =MAX($C45-75,0) -> 9 | P45: =MAX($C45-80,0) -> 4 | Q45: =MAX($C45-85,0) -> 0
... A53: =+A52+1 -> 45 | B53: 2020 | C53: 94 | D53: =MAX(40-$C53,0) -> 0 | E53: =MAX(45-$C53,0) -> 0 | F53: =MAX(50-$C53,0) -> 0 | G53: =MAX(55-$C53,0) -> 0 | H53: =MAX(60-$C53,0) -> 0 | I53: =MAX(65-$C53,0) -> 0 | J53: =MAX($C53-50,0) -> 44 | K53: =MAX($C53-55,0) -> 39 | L53: =MAX($C53-60,0) -> 34 | M53: =MAX($C53-65,0) -> 29 | N53: =MAX($C53-70,0) -> 24 | O53: =MAX($C53-75,0) -> 19 | P53: =MAX($C53-80,0) -> 14 | Q53: =MAX($C53-85,0) -> 9
C54: Average | D54: =AVERAGE(D34:D53) -> 0 | E54: =AVERAGE(E34:E53) -> 0 | F54: =AVERAGE(F34:F53) -> 0 | G54: =AVERAGE(G34:G53) -> 0 | H54: =AVERAGE(H34:H53) -> 0 | I54: =AVERAGE(I34:I53) -> 0 | J54: =AVERAGE(J34:J53) -> 34.5125 | K54: =AVERAGE(K34:K53) -> 29.5125 | ... Q54: =AVERAGE(Q34:Q53) -> 1.4379167

Sheet Abilene January Normal
B1: =+Base40h!B1 -> PUC DOCKET NO.
B2: =+Base40h!B2 -> ONCOR ELECTRIC DELIVERY COMPANY LLC
B3: =+Base40h!B3 -> WEATHER STATION DATA
B4: =+Base40h!B4 -> FOR THE TEST YEAR ENDING DECEMBER 31, 2021
B6: SPONSOR: D. E. NELSON
B8: JANUARY MONTHLY NORMAL WEATHER SUMMATION FOR ABILENE
A9: Line No.
A11: 1 | B11: DATE | C11: NHDD40 | D11: NHDD45 | E11: NHDD50 | F11: NHDD55 | G11: NHDD60 | H11: NHDD65 | I11: NCDD50 | J11: NCDD55 | K11: NCDD60 | L11: NCDD65 | M11: NCDD70 | N11: NCDD75 | O11: NCDD80 | P11: NCDD85
A12: =+A11+1 -> 2 | B12: 44197 | C12: 4.8341667 | D12: 7.6691667 | E12: 10.7775 | F12: 14.7325 | G12: 18.9825 | H12: 23.461667 | I12: 2.3283333 | J12: 1.2833333 | K12: 0.53333333 | L12: 0.0125 | M12: 0 | N12: 0 | O12: 0 | P12: 0
A13: =+A12+1 -> 3 | B13: 44198 | C13: 5.1920833 | D13: 8.6258333 | E13: 12.125833 | F13: 15.625833 | G13: 19.827917 | H13: 24.36125 | I13: 2.7791667 | J13: 1.2791667 | K13: 0.48125 | L13: 0.014583333 | M13: 0 | N13: 0 | O13: 0 | P13: 0
A14: =+A13+1 -> 4 | B14: 44199 | C14: 2.0770833 | D14: 4.3020833 | E14: 7.7541667 | F14: 11.754167 | G14: 15.754167 | H14: 19.997917 | I14: 2.7916667 | J14: 1.7916667 | K14: 0.79166667 | L14: 0.035416667 | M14: 0 | N14: 0 | O14: 0 | P14: 0
A15: =+A14+1 -> 5 | B15: 44200 | C15: 1.835 | D15: 3.8858333 | E15: 6.77875 | F15: 11.05125 | G15: 15.990833 | H15: 20.990833 | I15: 0.78791667 | J15: 0.060416667 | K15: 0 | L15: 0 | M15: 0 | N15: 0 | O15: 0 | P15: 0
A16: =+A15+1 -> 6 | B16: 44201 | C16: 2.3766667 | D16: 4.5175 | E16: 8.2670833 | F16: 12.522917 | G16: 17.272917 | H16: 22.207917 | I16: 1.0591667 | J16: 0.315 | K16: 0.065 | L16: 0 | M16: 0 | N16: 0 | O16: 0 | P16: 0
A17: =+A16+1 -> 7 | B17: 44202 | C17: 3.3975 | D17: 5.2008333 | E17: 8.78375 | F17: 13.0275 | G17: 17.5825 | H17: 22.4425 | I17: 1.34125 | J17: 0.585 | K17: 0.14 | L17: 0 | M17: 0 | N17: 0 | O17: 0 | P17: 0
A18: =+A17+1 -> 8 | B18: 44203 | C18: 2.5541667 | D18: 4.5729167 | E18: 7.9716667 | F18: 11.946667 | G18: 16.196667 | H18: 20.966667 | I18: 2.005 | J18: 0.98 | K18: 0.23 | L18: 0 | M18: 0 | N18: 0 | O18: 0 | P18: 0
A19: =+A18+1 -> 9 | B19: 44204 | C19: 1.71 | D19: 2.9470833 | E19: 5.7166667 | F19: 9.5779167 | G19: 14.34875 | H19: 19.34875 | I19: 1.3679167 | J19: 0.22916667 | K19: 0 | L19: 0 | M19: 0 | N19: 0 | O19: 0 | P19: 0
A20: =+A19+1 -> 10 | B20: 44205 | C20: 1.275 | D20: 2.8375 | E20: 5.6995833 | F20: 9.20375 | G20: 13.287083 | H20: 18.082917 | I20: 2.6166667 | J20: 1.1208333 | K20: 0.20416667 | L20: 0 | M20: 0 | N20: 0 | O20: 0 | P20: 0
A21: =+A20+1 -> 11 | B21: 44206 | C21: 1.5420833 | D21: 3.50375 | E21: 6.07375 | F21: 9.5658333 | G21: 13.485833 | H21: 18.085833 | I21: 3.0275 | J21: 1.5195833 | K21: 0.43958333 | L21: 0.039583333 | M21: 0 | N21: 0 | O21: 0 | P21: 0
