Workbook
Name HOURLY: [1]HOURLY!$A$1:$G$745
Name OLE_LINK2: 'PRMGT10KWD Seasonal Weights'!$B$25
Name OLE_LINK2: 'Res Seasonal Weights'!$B$25
Name OLE_LINK2: 'SECGT10KW Seasonal Weights'!$B$25
Name OLE_LINK2: 'SECTE10KW Seasonal Weights'!$B$25
Name OLE_LINK2: 'Substation Seasonal Weights'!$B$25
Name rngBilled: OFFSET([2]Sheet2!$A$2,0,0,[2]Sheet2!$B$1,9)
Name rngYear: OFFSET('[3]Daily Actual_August'!$A$2,0,0,'[3]Daily Actual_August'!$C$1,8)

Sheet RES
B1: PUC DOCKET NO.
B2: ONCOR ELECTRIC DELIVERY COMPANY LLC
B3: ADJUSTED WEATHER STATION DATA
B4: FOR THE TEST YEAR ENDING DECEMBER 31, 2021
B6: SPONSOR: D. E. NELSON
B8: RESIDENTIAL
B9: SYSTEM WEIGHTED BILLING CYCLE ADJUSTED
A10: Line | C10: (a) | D10: (b) | E10: (c) | F10: (d)
A11: No. | C11: Actual | E11: Normal
A12: 1 | C12: HDD | D12: CDD | E12: HDD | F12: CDD
A13: 2 | B13: 44197 | C13: 198.48036 | D13: 0.053063947 | E13: 222.1387 | F13: 1.8172962
A14: 3 | B14: 44228 | C14: 234.81781 | D14: 0.072720485 | E14: 221.20776 | F14: 1.346646
A15: 4 | B15: 44256 | C15: 311.73519 | D15: 3.3796202 | E15: 159.63419 | F15: 5.1496534
A16: 5 | B16: 44287 | C16: 25.418094 | D16: 15.688378 | E16: 54.518173 | F16: 22.956112
A17: 6 | B17: 44317 | C17: 15.068166 | D17: 41.607224 | E17: 12.330437 | F17: 76.128551
A18: 7 | B18: 44348 | C18: 1.1050971 | D18: 140.65521 | E18: 1.0484189 | F18: 214.74852
A19: 8 | B19: 44378 | C19: 0.000573952 | D19: 352.36394 | E19: 0.01068507 | F19: 383.15429
A20: 9 | B20: 44409 | C20: 0 | D20: 386.17883 | E20: 0.00028478566 | F20: 444.56857
A21: 10 | B21: 44440 | C21: 0 | D21: 385.15065 | E21: 0.040852734 | F21: 383.9392
A22: 11 | B22: 44470 | C22: 0.23066282 | D22: 218.24743 | E22: 2.2969845 | F22: 204.8806
A23: 12 | B23: 44501 | C23: 16.472715 | D23: 70.42355 | E23: 26.81967 | F23: 57.398906
A24: 13 | B24: 44531 | C24: 59.033664 | D24: 7.754457 | E24: 119.80532 | F24: 9.7282243
A25: 14 | B25: Annual | C25: =SUM(C13:C24) -> 862.36233 | D25: =SUM(D13:D24) -> 1621.5751 | E25: =SUM(E13:E24) -> 819.85148 | F25: =SUM(F13:F24) -> 1805.8166

Sheet SECLE10KW
B1: =+RES!B1 -> PUC DOCKET NO.
B2: =+RES!B2 -> ONCOR ELECTRIC DELIVERY COMPANY LLC
B3: =+RES!B3 -> ADJUSTED WEATHER STATION DATA
B4: =+RES!B4 -> FOR THE TEST YEAR ENDING DECEMBER 31, 2021
B6: =+RES!B6 -> SPONSOR: D. E. NELSON
B8: SECONDARY SERVICE LESS THAN OR EQUAL TO 10 KW
B9: SYSTEM WEIGHTED BILLING CYCLE ADJUSTED
A10: Line | C10: (a) | D10: (b) | E10: (c) | F10: (d)
A11: No. | C11: Actual | E11: Normal
A12: 1 | C12: HDD | D12: CDD | E12: HDD | F12: CDD
A13: 2 | B13: =+RES!B13 -> 44197 | C13: 227.60778 | D13: 0.030233678 | E13: 249.97401 | F13: 1.1572295
A14: 3 | B14: =+RES!B14 -> 44228 | C14: 260.63814 | D14: 0.048966797 | E14: 247.18635 | F14: 0.85820086
A15: 4 | B15: =+RES!B15 -> 44256 | C15: 335.05091 | D15: 2.2314074 | E15: 176.7001 | F15: 3.3974681
A16: 5 | B16: =+RES!B16 -> 44287 | C16: 27.542777 | D16: 10.407034 | E16: 59.318213 | F16: 16.036376
A17: 6 | B17: =+RES!B17 -> 44317 | C17: 17.076908 | D17: 29.707023 | E17: 12.705528 | F17: 55.888986
A18: 7 | B18: =+RES!B18 -> 44348 | C18: 0.76411786 | D18: 104.49326 | E18: 0.93800258 | F18: 162.59546
A19: 8 | B19: =+RES!B19 -> 44378 | C19: 0 | D19: 264.9267 | E19: 0.0056579716 | F19: 295.55719
A20: 9 | B20: =+RES!B20 -> 44409 | C20: 0 | D20: 291.07938 | E20: 0 | F20: 347.2864
A21: 10 | B21: =+RES!B21 -> 44440 | C21: 0 | D21: 290.82404 | E21: 0.053763679 | F21: 295.00143
A22: 11 | B22: =+RES!B22 -> 44470 | C22: 0.14014841 | D22: 160.55565 | E22: 2.3127376 | F22: 150.60567
A23: 12 | B23: =+RES!B23 -> 44501 | C23: 17.173434 | D23: 49.788205 | E23: 29.299255 | F23: 40.273432
A24: 13 | B24: =+RES!B24 -> 44531 | C24: 64.302669 | D24: 5.0759949 | E24: 134.72215 | F24: 6.3991376
A25: 14 | B25: Annual | C25: =SUM(C13:C24) -> 950.29688 | D25: =SUM(D13:D24) -> 1209.1679 | E25: =SUM(E13:E24) -> 913.21576 | F25: =SUM(F13:F24) -> 1375.057

Sheet SECGT10KW
B1: =+RES!B1 -> PUC DOCKET NO.
B2: =+RES!B2 -> ONCOR ELECTRIC DELIVERY COMPANY LLC
B3: =+RES!B3 -> ADJUSTED WEATHER STATION DATA
B4: =+RES!B4 -> FOR THE TEST YEAR ENDING DECEMBER 31, 2021
B6: =+RES!B6 -> SPONSOR: D. E. NELSON
B8: SECONDARY SERVICE GREATER THAN 10 KW
B9: SYSTEM WEIGHTED BILLING CYCLE ADJUSTED
A10: Line | C10: (a) | D10: (b) | E10: (c) | F10: (d)
A11: No. | C11: Actual | E11: Normal
A12: 1 | C12: HDD | D12: CDD | E12: HDD | F12: CDD
A13: 2 | B13: =+RES!B13 -> 44197 | C13: 134.51539 | D13: 0.6271704 | E13: 162.21444 | F13: 6.1106059
A14: 3 | B14: =+RES!B14 -> 44228 | C14: 171.54456 | D14: 0.92251588 | E14: 164.21034 | F14: 4.9269095
A15: 4 | B15: =+RES!B15 -> 44256 | C15: 264.56696 | D15: 10.113474 | E15: 112.33559 | F15: 15.108543
A16: 5 | B16: =+RES!B16 -> 44287 | C16: 6.917914 | D16: 41.906624 | E16: 30.226601 | F16: 50.859093
A17: 6 | B17: =+RES!B17 -> 44317 | C17: 3.5402955 | D17: 83.825441 | E17: 4.6883675 | F17: 131.16836
A18: 7 | B18: =+RES!B18 -> 44348 | C18: 0.0073839905 | D18: 215.24178 | E18: 0.19474972 | F18: 298.31217
A19: 8 | B19: =+RES!B19 -> 44378 | C19: 0 | D19: 453.60494 | E19: 0.00027694168 | F19: 483.81602
A20: 9 | B20: =+RES!B20 -> 44409 | C20: 0 | D20: 485.78196 | E20: 0 | F20: 542.70056
A21: 10 | B21: =+RES!B21 -> 44440 | C21: 0 | D21: 482.78489 | E21: 0.01116731 | F21: 478.81686
A22: 11 | B22: =+RES!B22 -> 44470 | C22: 0.0014767981 | D22: 304.8849 | E22: 0.6810983 | F22: 283.02325
A23: 12 | B23: =+RES!B23 -> 44501 | C23: 5.8355129 | D23: 119.77918 | E23: 12.540238 | F23: 98.325128
A24: 13 | B24: =+RES!B24 -> 44531 | C24: 23.978954 | D24: 23.960054 | E24: 77.271534 | F24: 23.726328
A25: 14 | B25: Annual | C25: =SUM(C13:C24) -> 610.90844 | D25: =SUM(D13:D24) -> 2223.4329 | E25: =SUM(E13:E24) -> 564.37441 | F25: =SUM(F13:F24) -> 2416.8938

Sheet PRMGT10KWD
B1: =+RES!B1 -> PUC DOCKET NO.
B2: =+RES!B2 -> ONCOR ELECTRIC DELIVERY COMPANY LLC
B3: =+RES!B3 -> ADJUSTED WEATHER STATION DATA
B4: =+RES!B4 -> FOR THE TEST YEAR ENDING DECEMBER 31, 2021
B6: =+RES!B6 -> SPONSOR: D. E. NELSON
B8: PRIMARY SERVICE GREATER THAN 10 KW
B9: SYSTEM WEIGHTED BILLING CYCLE ADJUSTED
A10: Line | C10: (a) | D10: (b) | E10: (c) | F10: (d)
A11: No. | C11: Actual | E11: Normal
A12: 1 | C12: HDD | D12: CDD | E12: HDD | F12: CDD
A13: 2 | B13: =+RES!B13 -> 44197 | C13: 0 | D13: 6.5122245 | E13: 0 | F13: 13.627014
A14: 3 | B14: =+RES!B14 -> 44228 | C14: 0 | D14: 6.8640992 | E14: 0 | F14: 12.41712
A15: 4 | B15: =+RES!B15 -> 44256 | C15: 0 | D15: 25.659032 | E15: 0 | F15: 36.04058
A16: 5 | B16: =+RES!B16 -> 44287 | C16: 0 | D16: 87.5291 | E16: 0 | F16: 103.37533
A17: 6 | B17: =+RES!B17 -> 44317 | C17: 0 | D17: 154.03262 | E17: 0 | F17: 223.89384
A18: 7 | B18: =+RES!B18 -> 44348 | C18: 0 | D18: 323.06793 | E18: 0 | F18: 416.32365
A19: 8 | B19: =+RES!B19 -> 44378 | C19: 0 | D19: 539.6715 | E19: 0 | F19: 599.49521
A20: 9 | B20: =+RES!B20 -> 44409 | C20: 0 | D20: 544.17115 | E20: 0 | F20: 631.84016
A21: 10 | B21: =+RES!B21 -> 44440 | C21: 0 | D21: 548.05561 | E21: 0 | F21: 556.22387
A22: 11 | B22: =+RES!B22 -> 44470 | C22: 0 | D22: 386.99919 | E22: 0 | F22: 354.87605
A23: 12 | B23: =+RES!B23 -> 44501 | C23: 0 | D23: 181.66234 | E23: 0 | F23: 151.58817
A24: 13 | B24: =+RES!B24 -> 44531 | C24: 0 | D24: 53.942642 | E24: 0 | F24: 46.60844
A25: 14 | B25: Annual | C25: =SUM(C13:C24) -> 0 | D25: =SUM(D13:D24) -> 2858.1674 | E25: =SUM(E13:E24) -> 0 | F25: =SUM(F13:F24) -> 3146.3094

Sheet SUBSTATION
B1: =+RES!B1 -> PUC DOCKET NO.
B2: =+RES!B2 -> ONCOR ELECTRIC DELIVERY COMPANY LLC
B3: =+RES!B3 -> ADJUSTED WEATHER STATION DATA
B4: =+RES!B4 -> FOR THE TEST YEAR ENDING DECEMBER 31, 2021
B6: =+RES!B6 -> SPONSOR: D. E. NELSON
B8: SUBSTATION
B9: SYSTEM WEIGHTED BILLING CYCLE ADJUSTED
A10: Line | C10: (a) | D10: (b) | E10: (c) | F10: (d)
A11: No. | C11: Actual | E11: Normal
A12: 1 | C12: HDD | D12: CDD | E12: HDD | F12: CDD
A13: 2 | B13: =+RES!B13 -> 44197 | C13: 0 | D13: 94.536927 | E13: 0 | F13: 145.63196
A14: 3 | B14: =+RES!B14 -> 44228 | C14: 0 | D14: 99.827905 | E14: 0 | F14: 137.45867
A15: 4 | B15: =+RES!B15 -> 44256 | C15: 0 | D15: 252.48839 | E15: 0 | F15: 325.10782
A16: 5 | B16: =+RES!B16 -> 44287 | C16: 0 | D16: 689.61252 | E16: 0 | F16: 765.98734
A17: 6 | B17: =+RES!B17 -> 44317 | C17: 0 | D17: 1056.0721 | E17: 0 | F17: 1450.9738
A18: 7 | B18: =+RES!B18 -> 44348 | C18: 0 | D18: 1964.4827 | E18: 0 | F18: 2443.7062
A19: 8 | B19: =+RES!B19 -> 44378 | C19: 0 | D19: 3047.9861 | E19: 0 | F19: 3324.5036
A20: 9 | B20: =+RES!B20 -> 44409 | C20: 0 | D20: 3026.7058 | E20: 0 | F20: 3385.8608
A21: 10 | B21: =+RES!B21 -> 44440 | C21: 0 | D21: 3069.8193 | E21: 0 | F21: 3040.771
A22: 11 | B22: =+RES!B22 -> 44470 | C22: 0 | D22: 2261.9473 | E22: 0 | F22: 2078.7577
A23: 12 | B23: =+RES!B23 -> 44501 | C23: 0 | D23: 1184.539 | E23: 0 | F23: 1015.6095
A24: 13 | B24: =+RES!B24 -> 44531 | C24: 0 | D24: 492.34084 | E24: 0 | F24: 394.99947
A25: 14 | B25: Annual | C25: =SUM(C13:C24) -> 0 | D25: =SUM(D13:D24) -> 17240.359 | E25: =SUM(E13:E24) -> 0 | F25: =SUM(F13:F24) -> 18509.368

Sheet COOLING Weighting
B1: =+RES!B1 -> PUC DOCKET NO.
B2: =+RES!B2 -> ONCOR ELECTRIC DELIVERY COMPANY LLC
B3: =+RES!B3 -> ADJUSTED WEATHER STATION DATA
B4: =+RES!B4 -> FOR THE TEST YEAR ENDING DECEMBER 31, 2021
B6: =+RES!B6 -> SPONSOR: D. E. NELSON
B8: RESIDENTIAL CLASS WEIGHTING FOR DAILY COOLING DEGREE DAYS FOR JULY 20, 2020
A9: Line
A10: No.
A11: 1 | B11: Cooling Degree Days by Station (a)
A12: =+A11+1 -> 2 | B12: Date | C12: CDD | D12: {=TRANSPOSE('[4]July 20 20 bySite'!$B$11:$B$20)} -> Abilene | E12: Austin | F12: Dallas-Ft. Worth | G12: Kileen-Temple | H12: Longview | I12: Lufkin | J12: Midland-Odessa | K12: Sherman-Denison | L12: Waco | M12: Wichita Falls
A13: =+A12+1 -> 3 | B13: 44032 | C13: Base65 | D13: {=TRANSPOSE('[4]July 20 20 bySite'!$Q$24:$Q$33)} -> 20.8 | E13: 20.1 | F13: 21.7 | G13: 21.2 | H13: 16.3 | I13: 15.4 | J13: 19.9 | K13: 21.2 | L13: 21 | M13: 20.3 | O13: a1
A14: =+A13+1 -> 4 | B14: =+B13 -> 44032 | C14: Base70 | D14: {=TRANSPOSE('[4]July 20 20 bySite'!$R$24:$R$33)} -> 15.8 | E14: 15.1 | F14: 16.7 | G14: 16.2 | H14: 11.3 | I14: 10.4 | J14: 14.9 | K14: 16.2 | L14: 16 | M14: 15.3 | O14: a2
A15: =+A14+1 -> 5 | B15: =+B14 -> 44032 | C15: Base75 | D15: {=TRANSPOSE('[4]July 20 20 bySite'!$S$24:$S$33)} -> 10.8 | E15: 10.1 | F15: 11.7 | G15: 11.2 | H15: 6.3 | I15: 5.4 | J15: 9.9 | K15: 11.2 | L15: 11 | M15: 10.3 | O15: a3
A16: =+A15+1 -> 6 | B16: =+B14 -> 44032 | C16: Base80 | D16: {=TRANSPOSE('[4]July 20 20 bySite'!$T$24:$T$33)} -> 5.8 | E16: 5.1 | F16: 6.7 | G16: 6.2 | H16: 1.3 | I16: 0.4 | J16: 4.9 | K16: 6.2 | L16: 6 | M16: 5.3 | O16: a4
A17: =+A16+1 -> 7
A18: =+A17+1 -> 8 | B18: Weather Weights by Station (b)
A19: =+A18+1 -> 9 | C19: CDD | D19: =+'Res Seasonal Weights'!F30 -> 0.012 | E19: =+'Res Seasonal Weights'!F36 -> 0.044 | F19: =+'Res Seasonal Weights'!F27 -> 0.705 | G19: =+'Res Seasonal Weights'!F32 -> 0.045 | H19: =+'Res Seasonal Weights'!F35 -> 0.035 | I19: =+'Res Seasonal Weights'!F29 -> 0.026 | J19: =+'Res Seasonal Weights'!F28 -> 0.056 | K19: =+'Res Seasonal Weights'!F31 -> 0.023 | L19: =+'Res Seasonal Weights'!F33 -> 0.036 | M19: =+'Res Seasonal Weights'!F34 -> 0.019 | O19: b
A22: =+A19+1 -> 10 | B22: Residential Cooling Degree Days Contribution by Station (c = a*b)
A23: =+A22+1 -> 11
A24: =+A23+1 -> 12 | B24: Date | C24: CDD | D24: {=TRANSPOSE('[4]July 20 20 bySite'!$B$11:$B$20)} -> Abilene | E24: Austin | F24: Dallas-Ft. Worth | G24: Kileen-Temple | H24: Longview | I24: Lufkin | J24: Midland-Odessa | K24: Sherman-Denison | L24: Waco | M24: Wichita Falls | N24: Residential Class
A25: =+A24+1 -> 13 | B25: =+B13 -> 44032 | C25: =+C13 -> Base65 | D25: =+D13*D$19 -> 0.2496 | E25: =+E13*E$19 -> 0.8844 | F25: =+F13*F$19 -> 15.2985 | G25: =+G13*G$19 -> 0.954 | H25: =+H13*H$19 -> 0.5705 | I25: =+I13*I$19 -> 0.4004 | J25: =+J13*J$19 -> 1.1144 | K25: =+K13*K$19 -> 0.4876 | ... M25: =+M13*M$19 -> 0.3857 | N25: =SUM(D25:M25) -> 21.1011 | O25: c1 = a1*b
A26: =+A25+1 -> 14 | B26: =+B14 -> 44032 | C26: =+C14 -> Base70 | D26: =+D14*D$19 -> 0.1896 | E26: =+E14*E$19 -> 0.6644 | F26: =+F14*F$19 -> 11.7735 | G26: =+G14*G$19 -> 0.729 | H26: =+H14*H$19 -> 0.3955 | I26: =+I14*I$19 -> 0.2704 | J26: =+J14*J$19 -> 0.8344 | K26: =+K14*K$19 -> 0.3726 | ... M26: =+M14*M$19 -> 0.2907 | N26: =SUM(D26:M26) -> 16.0961 | O26: c2 = a2*b
A27: =+A26+1 -> 15 | B27: =+B15 -> 44032 | C27: =+C15 -> Base75 | D27: =+D15*D$19 -> 0.1296 | E27: =+E15*E$19 -> 0.4444 | F27: =+F15*F$19 -> 8.2485 | G27: =+G15*G$19 -> 0.504 | H27: =+H15*H$19 -> 0.2205 | I27: =+I15*I$19 -> 0.1404 | J27: =+J15*J$19 -> 0.5544 | K27: =+K15*K$19 -> 0.2576 | ... M27: =+M15*M$19 -> 0.1957 | N27: =SUM(D27:M27) -> 11.0911 | O27: c3 = a3*b
A28: =+A27+1 -> 16 | B28: =+B16 -> 44032 | C28: =+C16 -> Base80 | D28: =+D16*D$19 -> 0.0696 | E28: =+E16*E$19 -> 0.2244 | F28: =+F16*F$19 -> 4.7235 | G28: =+G16*G$19 -> 0.279 | H28: =+H16*H$19 -> 0.0455 | I28: =+I16*I$19 -> 0.0104 | J28: =+J16*J$19 -> 0.2744 | K28: =+K16*K$19 -> 0.1426 | ... M28: =+M16*M$19 -> 0.1007 | N28: =SUM(D28:M28) -> 6.0861 | O28: c4 = a4*b

Sheet COOLING Weighting (2)
B1: =+RES!B1 -> PUC DOCKET NO.
B2: =+RES!B2 -> ONCOR ELECTRIC DELIVERY COMPANY LLC
B3: =+RES!B3 -> ADJUSTED WEATHER STATION DATA
B4: =+RES!B4 -> FOR THE TEST YEAR ENDING DECEMBER 31, 2021
B6: =+RES!B6 -> SPONSOR: D. E. NELSON
B8: RESIDENTIAL CLASS WEIGHTING FOR DAILY COOLING DEGREE DAYS FOR JULY 14, 2021
A9: Line
A10: No.
A11: 1 | B11: Cooling Degree Days by Station (a)
A12: =+A11+1 -> 2 | B12: Date | C12: CDD | D12: {=TRANSPOSE('[4]July 14 21 bySite'!$B$11:$B$20)} -> Abilene | E12: Austin | F12: Dallas-Ft. Worth | G12: Kileen-Temple | H12: Longview | I12: Lufkin | J12: Midland-Odessa | K12: Sherman-Denison | L12: Waco | M12: Wichita Falls
A13: =+A12+1 -> 3 | B13: 44391 | C13: Base65 | D13: {=TRANSPOSE('[4]July 14 21 bySite'!$Q$24:$Q$33)} -> 15 | E13: 11.1 | F13: 16.2 | G13: 12.2 | H13: 13.7 | I13: 13.6 | J13: 12.3 | K13: 16.4 | L13: 13.8 | M13: 16.1 | O13: a1
A14: =+A13+1 -> 4 | B14: =+B13 -> 44391 | C14: Base70 | D14: {=TRANSPOSE('[4]July 14 21 bySite'!$R$24:$R$33)} -> 10 | E14: 6.1 | F14: 11.2 | G14: 7.2 | H14: 8.7 | I14: 8.6 | J14: 7.3 | K14: 11.4 | L14: 8.8 | M14: 11.1 | O14: a2
A15: =+A14+1 -> 5 | B15: =+B14 -> 44391 | C15: Base75 | D15: {=TRANSPOSE('[4]July 14 21 bySite'!$S$24:$S$33)} -> 5 | E15: 1.1 | F15: 6.2 | G15: 2.2 | H15: 3.7 | I15: 3.6 | J15: 2.3 | K15: 6.4 | L15: 3.8 | M15: 6.1 | O15: a3
A16: =+A15+1 -> 6 | B16: =+B14 -> 44391 | C16: Base80 | D16: {=TRANSPOSE('[4]July 14 21 bySite'!$T$24:$T$33)} -> 0 | E16: 0 | F16: 1.2 | G16: 0 | H16: 0 | I16: 0 | J16: 0 | K16: 1.4 | L16: 0 | M16: 1.1 | O16: a4
A17: =+A16+1 -> 7
A18: =+A17+1 -> 8 | B18: Weather Weights by Station (b)
A19: =+A18+1 -> 9 | C19: CDD | D19: =+'Res Seasonal Weights'!F30 -> 0.012 | E19: =+'Res Seasonal Weights'!F36 -> 0.044 | F19: =+'Res Seasonal Weights'!F27 -> 0.705 | G19: =+'Res Seasonal Weights'!F32 -> 0.045 | H19: =+'Res Seasonal Weights'!F35 -> 0.035 | I19: =+'Res Seasonal Weights'!F29 -> 0.026 | J19: =+'Res Seasonal Weights'!F28 -> 0.056 | K19: =+'Res Seasonal Weights'!F31 -> 0.023 | L19: =+'Res Seasonal Weights'!F33 -> 0.036 | M19: =+'Res Seasonal Weights'!F34 -> 0.019 | O19: b
A22: =+A19+1 -> 10 | B22: Residential Cooling Degree Days Contribution by Station (c = a*b)
A23: =+A22+1 -> 11
A24: =+A23+1 -> 12 | B24: Date | C24: CDD | D24: {=TRANSPOSE('[4]July 14 21 bySite'!$B$11:$B$20)} -> Abilene | E24: Austin | F24: Dallas-Ft. Worth | G24: Kileen-Temple | H24: Longview | I24: Lufkin | J24: Midland-Odessa | K24: Sherman-Denison | L24: Waco | M24: Wichita Falls | N24: Residential Class
A25: =+A24+1 -> 13 | B25: =+B13 -> 44391 | C25: =+C13 -> Base65 | D25: =+D13*D$19 -> 0.18 | E25: =+E13*E$19 -> 0.4884 | F25: =+F13*F$19 -> 11.421 | G25: =+G13*G$19 -> 0.549 | H25: =+H13*H$19 -> 0.4795 | I25: =+I13*I$19 -> 0.3536 | J25: =+J13*J$19 -> 0.6888 | K25: =+K13*K$19 -> 0.3772 | ... M25: =+M13*M$19 -> 0.3059 | N25: =SUM(D25:M25) -> 15.3402 | O25: c1 = a1*b
A26: =+A25+1 -> 14 | B26: =+B14 -> 44391 | C26: =+C14 -> Base70 | D26: =+D14*D$19 -> 0.12 | E26: =+E14*E$19 -> 0.2684 | F26: =+F14*F$19 -> 7.896 | G26: =+G14*G$19 -> 0.324 | H26: =+H14*H$19 -> 0.3045 | I26: =+I14*I$19 -> 0.2236 | J26: =+J14*J$19 -> 0.4088 | K26: =+K14*K$19 -> 0.2622 | ... M26: =+M14*M$19 -> 0.2109 | N26: =SUM(D26:M26) -> 10.3352 | O26: c2 = a2*b
A27: =+A26+1 -> 15 | B27: =+B15 -> 44391 | C27: =+C15 -> Base75 | D27: =+D15*D$19 -> 0.06 | E27: =+E15*E$19 -> 0.0484 | F27: =+F15*F$19 -> 4.371 | G27: =+G15*G$19 -> 0.099 | H27: =+H15*H$19 -> 0.1295 | I27: =+I15*I$19 -> 0.0936 | J27: =+J15*J$19 -> 0.1288 | K27: =+K15*K$19 -> 0.1472 | ... M27: =+M15*M$19 -> 0.1159 | N27: =SUM(D27:M27) -> 5.3302 | O27: c3 = a3*b
A28: =+A27+1 -> 16 | B28: =+B16 -> 44391 | C28: =+C16 -> Base80 | D28: =+D16*D$19 -> 0 | E28: =+E16*E$19 -> 0 | F28: =+F16*F$19 -> 0.846 | G28: =+G16*G$19 -> 0 | H28: =+H16*H$19 -> 0 | I28: =+I16*I$19 -> 0 | J28: =+J16*J$19 -> 0 | K28: =+K16*K$19 -> 0.0322 | ... M28: =+M16*M$19 -> 0.0209 | N28: =SUM(D28:M28) -> 0.8991 | O28: c4 = a4*b

Sheet HEATING Weighting
B1: =+RES!B1 -> PUC DOCKET NO.
B2: =+RES!B2 -> ONCOR ELECTRIC DELIVERY COMPANY LLC
B3: =+RES!B3 -> ADJUSTED WEATHER STATION DATA
B4: =+RES!B4 -> FOR THE TEST YEAR ENDING DECEMBER 31, 2021
B6: =+RES!B6 -> SPONSOR: D. E. NELSON
B8: RESIDENTIAL CLASS WEIGHTING FOR DAILY HEATING DEGREE DAYS FOR JANUARY 21, 2020
A9: Line
A10: No.
A11: 1 | B11: Heating Degree Days by Station (a)
A12: =+A11+1 -> 2 | B12: Date | C12: HDD | D12: {=TRANSPOSE('[4]January 21 20 bySite'!$B$11:$B$20)} -> Abilene | E12: Austin | F12: Dallas-Ft. Worth | G12: Kileen-Temple | H12: Longview | I12: Lufkin | J12: Midland-Odessa | K12: Sherman-Denison | L12: Waco | M12: Wichita Falls
A13: =+A12+1 -> 3 | B13: 43851 | C13: Base40 | D13: {=TRANSPOSE('[4]January 21 20 bySite'!$H$24:$H$33)} -> 0 | E13: 0 | F13: 0 | G13: 0 | H13: 1.2 | I13: 0 | J13: 0 | K13: 2 | L13: 0 | M13: 0 | O13: a1
A14: =+A13+1 -> 4 | B14: =+B13 -> 43851 | C14: Base45 | D14: {=TRANSPOSE('[4]January 21 20 bySite'!$I$24:$I$33)} -> 0 | E14: 0 | F14: 1.3 | G14: 0 | H14: 6.2 | I14: 3.5 | J14: 0 | K14: 7 | L14: 0 | M14: 4 | O14: a2
A15: =+A14+1 -> 5 | B15: =+B14 -> 43851 | C15: Base55 | D15: {=TRANSPOSE('[4]January 21 20 bySite'!$K$24:$K$33)} -> 6.9 | E15: 4.2 | F15: 11.3 | G15: 6.6 | H15: 16.2 | I15: 13.5 | J15: 9.2 | K15: 17 | L15: 9.7 | M15: 14 | O15: a3
A16: =+A14+1 -> 5 | B16: =+B14 -> 43851 | C16: Base60 | D16: {=TRANSPOSE('[4]January 21 20 bySite'!$L$24:$L$33)} -> 11.9 | E16: 9.2 | F16: 16.3 | G16: 11.6 | H16: 21.2 | I16: 18.5 | J16: 14.2 | K16: 22 | L16: 14.7 | M16: 19 | O16: a4
A17: =+A14+1 -> 5 | B17: =+B14 -> 43851 | C17: Base65 | D17: {=TRANSPOSE('[4]January 21 20 bySite'!$M$24:$M$33)} -> 16.9 | E17: 14.2 | F17: 21.3 | G17: 16.6 | H17: 26.2 | I17: 23.5 | J17: 19.2 | K17: 27 | L17: 19.7 | M17: 24 | O17: a5
A18: =+A17+1 -> 6
A19: =+A18+1 -> 7 | B19: Weather Weights (b)
A20: =+A19+1 -> 8 | C20: HDD | D20: =+'Res Seasonal Weights'!D30 -> 0.014 | E20: =+'Res Seasonal Weights'!D36 -> 0.036 | F20: =+'Res Seasonal Weights'!D27 -> 0.689 | G20: =+'Res Seasonal Weights'!D32 -> 0.051 | H20: =+'Res Seasonal Weights'!D35 -> 0.038 | I20: =+'Res Seasonal Weights'!D29 -> 0.029 | J20: =+'Res Seasonal Weights'!D28 -> 0.057 | K20: =+'Res Seasonal Weights'!D31 -> 0.027 | L20: =+'Res Seasonal Weights'!D33 -> 0.039 | M20: =+'Res Seasonal Weights'!D34 -> 0.02 | O20: b
A23: =+A20+1 -> 9 | B23: Residential Heating Degree Days Contribution by Station (c = a*b)
A24: =+A23+1 -> 10
A25: =+A24+1 -> 11 | B25: Date | C25: HDD | D25: {=TRANSPOSE('[4]January 21 20 bySite'!$B$11:$B$20)} -> Abilene | E25: Austin | F25: Dallas-Ft. Worth | G25: Kileen-Temple | H25: Longview | I25: Lufkin | J25: Midland-Odessa | K25: Sherman-Denison | L25: Waco | M25: Wichita Falls | N25: Residential Class
A26: =+A25+1 -> 12 | B26: =+B13 -> 43851 | C26: =+C13 -> Base40 | D26: =+D13*D$20 -> 0 | E26: =+E13*E$20 -> 0 | F26: =+F13*F$20 -> 0 | G26: =+G13*G$20 -> 0 | H26: =+H13*H$20 -> 0.0456 | I26: =+I13*I$20 -> 0 | J26: =+J13*J$20 -> 0 | K26: =+K13*K$20 -> 0.054 | ... M26: =+M13*M$20 -> 0 | N26: =SUM(D26:M26) -> 0.0996 | O26: c1 = a1*b
A27: =+A26+1 -> 13 | B27: =+B14 -> 43851 | C27: =+C14 -> Base45 | D27: =+D14*D$20 -> 0 | E27: =+E14*E$20 -> 0 | F27: =+F14*F$20 -> 0.8957 | G27: =+G14*G$20 -> 0 | H27: =+H14*H$20 -> 0.2356 | I27: =+I14*I$20 -> 0.1015 | J27: =+J14*J$20 -> 0 | K27: =+K14*K$20 -> 0.189 | ... M27: =+M14*M$20 -> 0.08 | N27: =SUM(D27:M27) -> 1.5018 | O27: c2 = a2*b
A28: =+A27+1 -> 14 | B28: =+B15 -> 43851 | C28: =+C15 -> Base55 | D28: =+D15*D$20 -> 0.0966 | E28: =+E15*E$20 -> 0.1512 | F28: =+F15*F$20 -> 7.7857 | G28: =+G15*G$20 -> 0.3366 | H28: =+H15*H$20 -> 0.6156 | I28: =+I15*I$20 -> 0.3915 | J28: =+J15*J$20 -> 0.5244 | K28: =+K15*K$20 -> 0.459 | ... M28: =+M15*M$20 -> 0.28 | N28: =SUM(D28:M28) -> 11.0189 | O28: c2 = a3*b
A29: =+A27+1 -> 14 | B29: =+B16 -> 43851 | C29: =+C16 -> Base60 | D29: =+D16*D$20 -> 0.1666 | E29: =+E16*E$20 -> 0.3312 | F29: =+F16*F$20 -> 11.2307 | G29: =+G16*G$20 -> 0.5916 | H29: =+H16*H$20 -> 0.8056 | I29: =+I16*I$20 -> 0.5365 | J29: =+J16*J$20 -> 0.8094 | K29: =+K16*K$20 -> 0.594 | ... M29: =+M16*M$20 -> 0.38 | N29: =SUM(D29:M29) -> 16.0189 | O29: c3 = a4*b
A30: =+A29+1 -> 15 | B30: =+B17 -> 43851 | C30: =+C17 -> Base65 | D30: =+D17*D$20 -> 0.2366 | E30: =+E17*E$20 -> 0.5112 | F30: =+F17*F$20 -> 14.6757 | G30: =+G17*G$20 -> 0.8466 | H30: =+H17*H$20 -> 0.9956 | I30: =+I17*I$20 -> 0.6815 | J30: =+J17*J$20 -> 1.0944 | K30: =+K17*K$20 -> 0.729 | ... M30: =+M17*M$20 -> 0.48 | N30: =SUM(D30:M30) -> 21.0189 | O30: c4 = a5*b

Sheet HEATING Weighting (2)
B1: =+RES!B1 -> PUC DOCKET NO.
B2: =+RES!B2 -> ONCOR ELECTRIC DELIVERY COMPANY LLC
B3: =+RES!B3 -> ADJUSTED WEATHER STATION DATA
B4: =+RES!B4 -> FOR THE TEST YEAR ENDING DECEMBER 31, 2021
B6: =+RES!B6 -> SPONSOR: D. E. NELSON
B8: RESIDENTIAL CLASS WEIGHTING FOR DAILY HEATING DEGREE DAYS FOR JANUARY 14, 2021
A9: Line
A10: No.
A11: 1 | B11: Heating Degree Days by Station (a)
A12: =+A11+1 -> 2 | B12: Date | C12: HDD | D12: {=TRANSPOSE('[4]January 14 21 bySite'!$B$11:$B$20)} -> Abilene | E12: Austin | F12: Dallas-Ft. Worth | G12: Kileen-Temple | H12: Longview | I12: Lufkin | J12: Midland-Odessa | K12: Sherman-Denison | L12: Waco | M12: Wichita Falls
A13: =+A12+1 -> 3 | B13: 44210 | C13: Base40 | D13: {=TRANSPOSE('[4]January 14 21 bySite'!$H$24:$H$33)} -> 0 | E13: 0 | F13: 0 | G13: 0 | H13: 0 | I13: 0 | J13: 0 | K13: 0 | L13: 0 | M13: 0 | O13: a1
A14: =+A13+1 -> 4 | B14: =+B13 -> 44210 | C14: Base45 | D14: {=TRANSPOSE('[4]January 14 21 bySite'!$I$24:$I$33)} -> 0 | E14: 0 | F14: 0 | G14: 0 | H14: 0 | I14: 0 | J14: 0 | K14: 0 | L14: 0 | M14: 0 | O14: a2
A15: =+A14+1 -> 5 | B15: =+B14 -> 44210 | C15: Base55 | D15: {=TRANSPOSE('[4]January 14 21 bySite'!$K$24:$K$33)} -> 6.9 | E15: 1.5 | F15: 4.9 | G15: 3.1 | H15: 4.9 | I15: 3.9 | J15: 9.2 | K15: 7.4 | L15: 3.9 | M15: 8.8 | O15: a3
A16: =+A14+1 -> 5 | B16: =+B14 -> 44210 | C16: Base60 | D16: {=TRANSPOSE('[4]January 14 21 bySite'!$L$24:$L$33)} -> 11.9 | E16: 6.5 | F16: 9.9 | G16: 8.1 | H16: 9.9 | I16: 8.9 | J16: 14.2 | K16: 12.4 | L16: 8.9 | M16: 13.8 | O16: a4
A17: =+A14+1 -> 5 | B17: =+B14 -> 44210 | C17: Base65 | D17: {=TRANSPOSE('[4]January 14 21 bySite'!$M$24:$M$33)} -> 16.9 | E17: 11.5 | F17: 14.9 | G17: 13.1 | H17: 14.9 | I17: 13.9 | J17: 19.2 | K17: 17.4 | L17: 13.9 | M17: 18.8 | O17: a5
A18: =+A17+1 -> 6
A19: =+A18+1 -> 7 | B19: Weather Weights (b)
A20: =+A19+1 -> 8 | C20: HDD | D20: =+'Res Seasonal Weights'!D30 -> 0.014 | E20: =+'Res Seasonal Weights'!D36 -> 0.036 | F20: =+'Res Seasonal Weights'!D27 -> 0.689 | G20: =+'Res Seasonal Weights'!D32 -> 0.051 | H20: =+'Res Seasonal Weights'!D35 -> 0.038 | I20: =+'Res Seasonal Weights'!D29 -> 0.029 | J20: =+'Res Seasonal Weights'!D28 -> 0.057 | K20: =+'Res Seasonal Weights'!D31 -> 0.027 | L20: =+'Res Seasonal Weights'!D33 -> 0.039 | M20: =+'Res Seasonal Weights'!D34 -> 0.02 | O20: b
A23: =+A20+1 -> 9 | B23: Residential Heating Degree Days Contribution by Station (c = a*b)
A24: =+A23+1 -> 10
A25: =+A24+1 -> 11 | B25: Date | C25: HDD | D25: {=TRANSPOSE('[4]January 14 21 bySite'!$B$11:$B$20)} -> Abilene | E25: Austin | F25: Dallas-Ft. Worth | G25: Kileen-Temple | H25: Longview | I25: Lufkin | J25: Midland-Odessa | K25: Sherman-Denison | L25: Waco | M25: Wichita Falls | N25: Residential Class
A26: =+A25+1 -> 12 | B26: =+B13 -> 44210 | C26: =+C13 -> Base40 | D26: =+D13*D$20 -> 0 | E26: =+E13*E$20 -> 0 | F26: =+F13*F$20 -> 0 | G26: =+G13*G$20 -> 0 | H26: =+H13*H$20 -> 0 | I26: =+I13*I$20 -> 0 | J26: =+J13*J$20 -> 0 | K26: =+K13*K$20 -> 0 | ... M26: =+M13*M$20 -> 0 | N26: =SUM(D26:M26) -> 0 | O26: c1 = a1*b
A27: =+A26+1 -> 13 | B27: =+B14 -> 44210 | C27: =+C14 -> Base45 | D27: =+D14*D$20 -> 0 | E27: =+E14*E$20 -> 0 | F27: =+F14*F$20 -> 0 | G27: =+G14*G$20 -> 0 | H27: =+H14*H$20 -> 0 | I27: =+I14*I$20 -> 0 | J27: =+J14*J$20 -> 0 | K27: =+K14*K$20 -> 0 | ... M27: =+M14*M$20 -> 0 | N27: =SUM(D27:M27) -> 0 | O27: c2 = a2*b
A28: =+A27+1 -> 14 | B28: =+B15 -> 44210 | C28: =+C15 -> Base55 | D28: =+D15*D$20 -> 0.0966 | E28: =+E15*E$20 -> 0.054 | F28: =+F15*F$20 -> 3.3761 | G28: =+G15*G$20 -> 0.1581 | H28: =+H15*H$20 -> 0.1862 | I28: =+I15*I$20 -> 0.1131 | J28: =+J15*J$20 -> 0.5244 | K28: =+K15*K$20 -> 0.1998 | ... M28: =+M15*M$20 -> 0.176 | N28: =SUM(D28:M28) -> 5.0364 | O28: c2 = a3*b
A29: =+A28+1 -> 15 | B29: =+B16 -> 44210 | C29: =+C16 -> Base60 | D29: =+D16*D$20 -> 0.1666 | E29: =+E16*E$20 -> 0.234 | F29: =+F16*F$20 -> 6.8211 | G29: =+G16*G$20 -> 0.4131 | H29: =+H16*H$20 -> 0.3762 | I29: =+I16*I$20 -> 0.2581 | J29: =+J16*J$20 -> 0.8094 | K29: =+K16*K$20 -> 0.3348 | ... M29: =+M16*M$20 -> 0.276 | N29: =SUM(D29:M29) -> 10.0364 | O29: c3 = a4*b
A30: =+A29+1 -> 16 | B30: =+B17 -> 44210 | C30: =+C17 -> Base65 | D30: =+D17*D$20 -> 0.2366 | E30: =+E17*E$20 -> 0.414 | F30: =+F17*F$20 -> 10.2661 | G30: =+G17*G$20 -> 0.6681 | H30: =+H17*H$20 -> 0.5662 | I30: =+I17*I$20 -> 0.4031 | J30: =+J17*J$20 -> 1.0944 | K30: =+K17*K$20 -> 0.4698 | ... M30: =+M17*M$20 -> 0.376 | N30: =SUM(D30:M30) -> 15.0364 | O30: c4 = a5*b

Sheet Simple Averages_0121
B1: =+RES!B1 -> PUC DOCKET NO.
B2: =+RES!B2 -> ONCOR ELECTRIC DELIVERY COMPANY LLC
B3: =+RES!B3 -> ADJUSTED WEATHER STATION DATA
B4: =+RES!B4 -> FOR THE TEST YEAR ENDING DECEMBER 31, 2021
B6: =+RES!B6 -> SPONSOR: D. E. NELSON
B8: RESIDENTIAL SIMPLE TWENTY YEAR AVERAGE CALCULATION FOR JANUARY 21ST
A9: Line No.
A10: 1 | B10: Year | C10: Month | D10: Day | E10: HDD40 | F10: HDD45 | G10: HDD55 | H10: HDD60 | I10: HDD65 | J10: CDD65 | K10: CDD70 | L10: CDD75 | M10: CDD80
A11: =+A10+1 -> 2 | B11: 2001 | C11: 1 | D11: 21 | E11: 1.505875 | F11: 6.41525 | G11: 16.41525 | H11: 21.41525 | I11: 26.41525 | J11: 0 | K11: 0 | L11: 0 | M11: 0
A12: =+A11+1 -> 3 | B12: =+B11+1 -> 2002 | C12: =+C11 -> 1 | D12: =+D11 -> 21 | E12: 0 | F12: 0 | G12: 6.3614583 | H12: 11.361458 | I12: 16.361458 | J12: 0 | K12: 0 | L12: 0 | M12: 0
A13: =+A12+1 -> 4 | B13: =+B12+1 -> 2003 | C13: =+C12 -> 1 | D13: =+D12 -> 21 | E13: 0 | F13: 0.084166667 | G13: 3.0657083 | H13: 6.9415833 | I13: 11.387375 | J13: 0.06825 | K13: 0 | L13: 0 | M13: 0
A14: =+A13+1 -> 5 | B14: =+B13+1 -> 2004 | C14: =+C13 -> 1 | D14: =+D13 -> 21 | E14: 0.22341667 | F14: 3.1399583 | G14: 12.995958 | H14: 17.995958 | I14: 22.995958 | J14: 0 | K14: 0 | L14: 0 | M14: 0
A15: =+A14+1 -> 6 | B15: =+B14+1 -> 2005 | C15: =+C14 -> 1 | D15: =+D14 -> 21 | E15: 0 | F15: 0 | G15: 0.28025 | H15: 1.131875 | I15: 6.1016667 | J15: 0 | K15: 0 | L15: 0 | M15: 0
A16: =+A15+1 -> 7 | B16: =+B15+1 -> 2006 | C16: =+C15 -> 1 | D16: =+D15 -> 21 | E16: 0 | F16: 0.404125 | G16: 7.980625 | H16: 12.980625 | I16: 17.980625 | J16: 0 | K16: 0 | L16: 0 | M16: 0
A17: =+A16+1 -> 8 | B17: =+B16+1 -> 2007 | C17: =+C16 -> 1 | D17: =+D16 -> 21 | E17: 0.011666667 | F17: 0.70029167 | G17: 10.395875 | H17: 15.395875 | I17: 20.395875 | J17: 0 | K17: 0 | L17: 0 | M17: 0
A18: =+A17+1 -> 9 | B18: =+B17+1 -> 2008 | C18: =+C17 -> 1 | D18: =+D17 -> 21 | E18: 0.1899 | F18: 2.3236 | G18: 11.9301 | H18: 16.9301 | I18: 21.9301 | J18: 0 | K18: 0 | L18: 0 | M18: 0
A19: =+A18+1 -> 10 | B19: =+B18+1 -> 2009 | C19: =+C18 -> 1 | D19: =+D18 -> 21 | E19: 0 | F19: 0.172 | G19: 5.0641 | H19: 10.0641 | I19: 15.0641 | J19: 0 | K19: 0 | L19: 0 | M19: 0
A20: =+A19+1 -> 11 | B20: =+B19+1 -> 2010 | C20: =+C19 -> 1 | D20: =+D19 -> 21 | E20: 0 | F20: 0 | G20: 0.3726 | H20: 3.1908 | I20: 8.1319 | J20: 0 | K20: 0 | L20: 0 | M20: 0
A21: =+A20+1 -> 12 | B21: =+B20+1 -> 2011 | C21: =+C20 -> 1 | D21: =+D20 -> 21 | E21: 7.7109 | F21: 12.7109 | G21: 22.7109 | H21: 27.7109 | I21: 32.7109 | J21: 0 | K21: 0 | L21: 0 | M21: 0
A22: =+A21+1 -> 13 | B22: =+B21+1 -> 2012 | C22: =+C21 -> 1 | D22: =+D21 -> 21 | E22: 0.1422 | F22: 1.5286 | G22: 10.2179 | H22: 15.0729 | I22: 20.0584 | J22: 0 | K22: 0 | L22: 0 | M22: 0
A23: =+A22+1 -> 14 | B23: =+B22+1 -> 2013 | C23: =+C22 -> 1 | D23: =+D22 -> 21 | E23: 0.0839 | F23: 0.6415 | G23: 8.5184 | H23: 13.501 | I23: 18.501 | J23: 0 | K23: 0 | L23: 0 | M23: 0
... A30: =+A29+1 -> 21 | B30: =+B29+1 -> 2020 | C30: =+C29 -> 1 | D30: =+D29 -> 21 | E30: 0.0996 | F30: 1.5018 | G30: 11.0189 | H30: 16.0189 | I30: 21.0189 | J30: 0 | K30: 0 | L30: 0 | M30: 0
A31: =+A30+1 -> 22 | B31: 1/21 | E31: =AVERAGE(E11:E30) -> 0.50562792 | F31: =AVERAGE(F11:F30) -> 1.5805746 | G31: =AVERAGE(G11:G30) -> 8.0570712 | H31: =AVERAGE(H11:H30) -> 12.282746 | I31: =AVERAGE(I11:I30) -> 17.01764 | J31: =AVERAGE(J11:J30) -> 0.1015525 | K31: =AVERAGE(K11:K30) -> 0 | L31: =AVERAGE(L11:L30) -> 0 | M31: =AVERAGE(M11:M30) -> 0

Sheet Simple Averages_0720
B1: =+RES!B1 -> PUC DOCKET NO.
B2: =+RES!B2 -> ONCOR ELECTRIC DELIVERY COMPANY LLC
B3: =+RES!B3 -> ADJUSTED WEATHER STATION DATA
B4: =+RES!B4 -> FOR THE TEST YEAR ENDING DECEMBER 31, 2021
B6: =+RES!B6 -> SPONSOR: D. E. NELSON
B8: RESIDENTIAL SIMPLE TWENTY YEAR AVERAGE CALCULATION FOR JULY 20TH
A9: Line No.
A10: 1 | B10: Year | C10: Month | D10: Day | E10: HDD40 | F10: HDD45 | G10: HDD55 | H10: HDD60 | I10: HDD65 | J10: CDD65 | K10: CDD70 | L10: CDD75 | M10: CDD80
A11: =+A10+1 -> 2 | B11: 2001 | C11: 7 | D11: 20 | E11: 0 | F11: 0 | G11: 0 | H11: 0 | I11: 0 | J11: 22.284708 | K11: 17.279708 | L11: 12.274708 | M11: 7.2697083
A12: =+A11+1 -> 3 | B12: =+B11+1 -> 2002 | C12: =+C11 -> 7 | D12: =+D11 -> 20 | E12: 0 | F12: 0 | G12: 0 | H12: 0 | I12: 0 | J12: 18.917958 | K12: 13.912958 | L12: 8.9079583 | M12: 3.9029583
A13: =+A12+1 -> 4 | B13: =+B12+1 -> 2003 | C13: =+C12 -> 7 | D13: =+D12 -> 20 | E13: 0 | F13: 0 | G13: 0 | H13: 0 | I13: 0 | J13: 23.660208 | K13: 18.655208 | L13: 13.650208 | M13: 8.6452083
A14: =+A13+1 -> 5 | B14: =+B13+1 -> 2004 | C14: =+C13 -> 7 | D14: =+D13 -> 20 | E14: 0 | F14: 0 | G14: 0 | H14: 0 | I14: 0 | J14: 18.968917 | K14: 13.963917 | L14: 8.9589167 | M14: 4.0101667
A15: =+A14+1 -> 6 | B15: =+B14+1 -> 2005 | C15: =+C14 -> 7 | D15: =+D14 -> 20 | E15: 0 | F15: 0 | G15: 0 | H15: 0 | I15: 0 | J15: 19.848167 | K15: 14.843167 | L15: 9.8381667 | M15: 4.8669167
A16: =+A15+1 -> 7 | B16: =+B15+1 -> 2006 | C16: =+C15 -> 7 | D16: =+D15 -> 20 | E16: 0 | F16: 0 | G16: 0 | H16: 0 | I16: 0 | J16: 25.741792 | K16: 20.736792 | L16: 15.731792 | M16: 10.726792
A17: =+A16+1 -> 8 | B17: =+B16+1 -> 2007 | C17: =+C16 -> 7 | D17: =+D16 -> 20 | E17: 0 | F17: 0 | G17: 0 | H17: 0 | I17: 0 | J17: 14.491375 | K17: 9.486375 | L17: 4.5492083 | M17: 0.53104167
A18: =+A17+1 -> 9 | B18: =+B17+1 -> 2008 | C18: =+C17 -> 7 | D18: =+D17 -> 20 | E18: 0 | F18: 0 | G18: 0 | H18: 0 | I18: 0 | J18: 23.8224 | K18: 18.8174 | L18: 13.8124 | M18: 8.8074
A19: =+A18+1 -> 10 | B19: =+B18+1 -> 2009 | C19: =+C18 -> 7 | D19: =+D18 -> 20 | E19: 0 | F19: 0 | G19: 0 | H19: 0 | I19: 0 | J19: 16.1048 | K19: 11.0998 | L19: 6.0948 | M19: 1.1446
A20: =+A19+1 -> 11 | B20: =+B19+1 -> 2010 | C20: =+C19 -> 7 | D20: =+D19 -> 20 | E20: 0 | F20: 0 | G20: 0 | H20: 0 | I20: 0 | J20: 21.202 | K20: 16.197 | L20: 11.192 | M20: 6.187
A21: =+A20+1 -> 12 | B21: =+B20+1 -> 2011 | C21: =+C20 -> 7 | D21: =+D20 -> 20 | E21: 0 | F21: 0 | G21: 0 | H21: 0 | I21: 0 | J21: 24.0742 | K21: 19.0692 | L21: 14.0642 | M21: 9.0592
A22: =+A21+1 -> 13 | B22: =+B21+1 -> 2012 | C22: =+C21 -> 7 | D22: =+D21 -> 20 | E22: 0 | F22: 0 | G22: 0 | H22: 0 | I22: 0 | J22: 23.2162 | K22: 18.2112 | L22: 13.2062 | M22: 8.2012
A23: =+A22+1 -> 14 | B23: =+B22+1 -> 2013 | C23: =+C22 -> 7 | D23: =+D22 -> 20 | E23: 0 | F23: 0 | G23: 0 | H23: 0 | I23: 0 | J23: 16.6588 | K23: 11.6538 | L23: 6.6488 | M23: 1.7222
... A30: =+A29+1 -> 21 | B30: =+B29+1 -> 2020 | C30: =+C29 -> 7 | D30: =+D29 -> 20 | E30: 0 | F30: 0 | G30: 0 | H30: 0 | I30: 0 | J30: 21.1011 | K30: 16.0961 | L30: 11.0911 | M30: 6.0861
A31: =+A30+1 -> 22 | B31: 7/20 | E31: =AVERAGE(E11:E30) -> 0 | F31: =AVERAGE(F11:F30) -> 0 | G31: =AVERAGE(G11:G30) -> 0 | H31: =AVERAGE(H11:H30) -> 0 | I31: =AVERAGE(I11:I30) -> 0 | J31: =AVERAGE(J11:J30) -> 21.353391 | K31: =AVERAGE(K11:K30) -> 16.348391 | L31: =AVERAGE(L11:L30) -> 11.346783 | M31: =AVERAGE(M11:M30) -> 6.4583646

Sheet Simple Averages_0114
B1: =+RES!B1 -> PUC DOCKET NO.
B2: =+RES!B2 -> ONCOR ELECTRIC DELIVERY COMPANY LLC
B3: =+RES!B3 -> ADJUSTED WEATHER STATION DATA
B4: =+RES!B4 -> FOR THE TEST YEAR ENDING DECEMBER 31, 2021
B6: =+RES!B6 -> SPONSOR: D. E. NELSON
B8: RESIDENTIAL SIMPLE TWENTY YEAR AVERAGE CALCULATION FOR JANUARY 14TH
A9: Line No.
A10: 1 | B10: Year | C10: Month | D10: Day | E10: HDD40 | F10: HDD45 | G10: HDD55 | H10: HDD60 | I10: HDD65 | J10: CDD65 | K10: CDD70 | L10: CDD75 | M10: CDD80
A11: =+A10+1 -> 2 | B11: 2001 | C11: 1 | D11: 14 | E11: 0 | F11: 0.259125 | G11: 9.4281667 | H11: 14.428167 | I11: 19.428167 | J11: 0 | K11: 0 | L11: 0 | M11: 0
A12: =+A11+1 -> 3 | B12: =+B11+1 -> 2002 | C12: =+C11 -> 1 | D12: =+D11 -> 14 | E12: 0 | F12: 0.16645833 | G12: 6.153625 | H12: 11.153625 | I12: 16.153625 | J12: 0 | K12: 0 | L12: 0 | M12: 0
A13: =+A12+1 -> 4 | B13: =+B12+1 -> 2003 | C13: =+C12 -> 1 | D13: =+D12 -> 14 | E13: 0.053333333 | F13: 1.28225 | G13: 11.26275 | H13: 16.26275 | I13: 21.26275 | J13: 0 | K13: 0 | L13: 0 | M13: 0
A14: =+A13+1 -> 5 | B14: =+B13+1 -> 2004 | C14: =+C13 -> 1 | D14: =+D13 -> 14 | E14: 0 | F14: 0 | G14: 0.523875 | H14: 3.1921667 | I14: 8.0774167 | J14: 0 | K14: 0 | L14: 0 | M14: 0
A15: =+A14+1 -> 6 | B15: =+B14+1 -> 2005 | C15: =+C14 -> 1 | D15: =+D14 -> 14 | E15: 0.075833333 | F15: 3.4368333 | G15: 13.415083 | H15: 18.415083 | I15: 23.415083 | J15: 0 | K15: 0 | L15: 0 | M15: 0
A16: =+A15+1 -> 7 | B16: =+B15+1 -> 2006 | C16: =+C15 -> 1 | D16: =+D15 -> 14 | E16: 0 | F16: 0 | G16: 5.4265417 | H16: 10.426542 | I16: 15.426542 | J16: 0 | K16: 0 | L16: 0 | M16: 0
A17: =+A16+1 -> 8 | B17: =+B16+1 -> 2007 | C17: =+C16 -> 1 | D17: =+D16 -> 14 | E17: 7.1078333 | F17: 11.901083 | G17: 21.73675 | H17: 26.73675 | I17: 31.73675 | J17: 0 | K17: 0 | L17: 0 | M17: 0
A18: =+A17+1 -> 9 | B18: =+B17+1 -> 2008 | C18: =+C17 -> 1 | D18: =+D17 -> 14 | E18: 0.0912 | F18: 0.4657 | G18: 6.5523 | H18: 11.5523 | I18: 16.5523 | J18: 0 | K18: 0 | L18: 0 | M18: 0
A19: =+A18+1 -> 10 | B19: =+B18+1 -> 2009 | C19: =+C18 -> 1 | D19: =+D18 -> 14 | E19: 0 | F19: 1.0528 | G19: 11.0528 | H19: 16.0528 | I19: 21.0528 | J19: 0 | K19: 0 | L19: 0 | M19: 0
A20: =+A19+1 -> 11 | B20: =+B19+1 -> 2010 | C20: =+C19 -> 1 | D20: =+D19 -> 14 | E20: 0 | F20: 0 | G20: 3.3614 | H20: 8.3614 | I20: 13.3614 | J20: 0 | K20: 0 | L20: 0 | M20: 0
A21: =+A20+1 -> 12 | B21: =+B20+1 -> 2011 | C21: =+C20 -> 1 | D21: =+D20 -> 14 | E21: 0.1807 | F21: 4.5952 | G21: 14.5952 | H21: 19.5952 | I21: 24.5952 | J21: 0 | K21: 0 | L21: 0 | M21: 0
A22: =+A21+1 -> 13 | B22: =+B21+1 -> 2012 | C22: =+C21 -> 1 | D22: =+D21 -> 14 | E22: 0 | F22: 0.115 | G22: 6.5632 | H22: 11.5632 | I22: 16.5632 | J22: 0 | K22: 0 | L22: 0 | M22: 0
A23: =+A22+1 -> 14 | B23: =+B22+1 -> 2013 | C23: =+C22 -> 1 | D23: =+D22 -> 14 | E23: 4.9532 | F23: 9.9316 | G23: 19.9316 | H23: 24.9316 | I23: 29.9316 | J23: 0 | K23: 0 | L23: 0 | M23: 0
... A30: =+A29+1 -> 21 | B30: =+B29+1 -> 2020 | C30: =+C29 -> 1 | D30: =+D29 -> 14 | E30: 0 | F30: 0 | G30: 0.1209 | H30: 0.5954 | I30: 3.4368 | J30: 0.0088 | K30: 0 | L30: 0 | M30: 0
A31: =+A30+1 -> 22 | B31: 1/14 | E31: =AVERAGE(E11:E30) -> 0.87003 | F31: =AVERAGE(F11:F30) -> 2.7327575 | G31: =AVERAGE(G11:G30) -> 9.8971946 | H31: =AVERAGE(H11:H30) -> 14.536324 | I31: =AVERAGE(I11:I30) -> 19.405907 | J31: =AVERAGE(J11:J30) -> 0.003785 | K31: =AVERAGE(K11:K30) -> 0 | L31: =AVERAGE(L11:L30) -> 0 | M31: =AVERAGE(M11:M30) -> 0

Sheet Simple Averages_0714
B1: =+RES!B1 -> PUC DOCKET NO.
B2: =+RES!B2 -> ONCOR ELECTRIC DELIVERY COMPANY LLC
B3: =+RES!B3 -> ADJUSTED WEATHER STATION DATA
B4: =+RES!B4 -> FOR THE TEST YEAR ENDING DECEMBER 31, 2021
B6: =+RES!B6 -> SPONSOR: D. E. NELSON
B8: RESIDENTIAL SIMPLE TWENTY YEAR AVERAGE CALCULATION FOR JULY 14TH
A9: Line No.
A10: 1 | B10: Year | C10: Month | D10: Day | E10: HDD40 | F10: HDD45 | G10: HDD55 | H10: HDD60 | I10: HDD65 | J10: CDD65 | K10: CDD70 | L10: CDD75 | M10: CDD80
A11: =+A10+1 -> 2 | B11: 2001 | C11: 7 | D11: 14 | E11: 0 | F11: 0 | G11: 0 | H11: 0 | I11: 0 | J11: 20.575792 | K11: 15.570792 | L11: 10.565792 | M11: 5.6450833
A12: =+A11+1 -> 3 | B12: =+B11+1 -> 2002 | C12: =+C11 -> 7 | D12: =+D11 -> 14 | E12: 0 | F12: 0 | G12: 0 | H12: 0 | I12: 0 | J12: 15.983417 | K12: 10.978417 | L12: 6.00375 | M12: 1.62225
A13: =+A12+1 -> 4 | B13: =+B12+1 -> 2003 | C13: =+C12 -> 7 | D13: =+D12 -> 14 | E13: 0 | F13: 0 | G13: 0 | H13: 0 | I13: 0 | J13: 22.290792 | K13: 17.285792 | L13: 12.280792 | M13: 7.2757917
A14: =+A13+1 -> 5 | B14: =+B13+1 -> 2004 | C14: =+C13 -> 7 | D14: =+D13 -> 14 | E14: 0 | F14: 0 | G14: 0 | H14: 0 | I14: 0 | J14: 21.090875 | K14: 16.085875 | L14: 11.080875 | M14: 6.075875
A15: =+A14+1 -> 6 | B15: =+B14+1 -> 2005 | C15: =+C14 -> 7 | D15: =+D14 -> 14 | E15: 0 | F15: 0 | G15: 0 | H15: 0 | I15: 0 | J15: 18.440583 | K15: 13.435583 | L15: 8.4305833 | M15: 3.5484167
A16: =+A15+1 -> 7 | B16: =+B15+1 -> 2006 | C16: =+C15 -> 7 | D16: =+D15 -> 14 | E16: 0 | F16: 0 | G16: 0 | H16: 0 | I16: 0 | J16: 24.224667 | K16: 19.219667 | L16: 14.214667 | M16: 9.2096667
A17: =+A16+1 -> 8 | B17: =+B16+1 -> 2007 | C17: =+C16 -> 7 | D17: =+D16 -> 14 | E17: 0 | F17: 0 | G17: 0 | H17: 0 | I17: 0 | J17: 15.384875 | K17: 10.379875 | L17: 5.3807083 | M17: 1.086875
A18: =+A17+1 -> 9 | B18: =+B17+1 -> 2008 | C18: =+C17 -> 7 | D18: =+D17 -> 14 | E18: 0 | F18: 0 | G18: 0 | H18: 0 | I18: 0 | J18: 20.7216 | K18: 15.7166 | L18: 10.7116 | M18: 5.7639
A19: =+A18+1 -> 10 | B19: =+B18+1 -> 2009 | C19: =+C18 -> 7 | D19: =+D18 -> 14 | E19: 0 | F19: 0 | G19: 0 | H19: 0 | I19: 0 | J19: 26.9771 | K19: 21.9721 | L19: 16.9671 | M19: 11.9621
A20: =+A19+1 -> 11 | B20: =+B19+1 -> 2010 | C20: =+C19 -> 7 | D20: =+D19 -> 14 | E20: 0 | F20: 0 | G20: 0 | H20: 0 | I20: 0 | J20: 22.2696 | K20: 17.2646 | L20: 12.2596 | M20: 7.2546
A21: =+A20+1 -> 12 | B21: =+B20+1 -> 2011 | C21: =+C20 -> 7 | D21: =+D20 -> 14 | E21: 0 | F21: 0 | G21: 0 | H21: 0 | I21: 0 | J21: 27.3277 | K21: 22.3227 | L21: 17.3177 | M21: 12.3127
A22: =+A21+1 -> 13 | B22: =+B21+1 -> 2012 | C22: =+C21 -> 7 | D22: =+D21 -> 14 | E22: 0 | F22: 0 | G22: 0 | H22: 0 | I22: 0 | J22: 18.61 | K22: 13.605 | L22: 8.6 | M22: 3.7404
A23: =+A22+1 -> 14 | B23: =+B22+1 -> 2013 | C23: =+C22 -> 7 | D23: =+D22 -> 14 | E23: 0 | F23: 0 | G23: 0 | H23: 0 | I23: 0 | J23: 10.1649 | K23: 5.1599 | L23: 1.3244 | M23: 0.5704
... A30: =+A29+1 -> 21 | B30: =+B29+1 -> 2020 | C30: =+C29 -> 7 | D30: =+D29 -> 14 | E30: 0 | F30: 0 | G30: 0 | H30: 0 | I30: 0 | J30: 24.358 | K30: 19.353 | L30: 14.348 | M30: 9.343
A31: =+A30+1 -> 22 | B31: 7/14 | E31: =AVERAGE(E11:E30) -> 0 | F31: =AVERAGE(F11:F30) -> 0 | G31: =AVERAGE(G11:G30) -> 0 | H31: =AVERAGE(H11:H30) -> 0 | I31: =AVERAGE(I11:I30) -> 0 | J31: =AVERAGE(J11:J30) -> 20.840025 | K31: =AVERAGE(K11:K30) -> 15.835025 | L31: =AVERAGE(L11:L30) -> 10.890568 | M31: =AVERAGE(M11:M30) -> 6.2025679

Sheet Smoothed Normal for 0121
B1: =+RES!B1 -> PUC DOCKET NO.
B2: =+RES!B2 -> ONCOR ELECTRIC DELIVERY COMPANY LLC
B3: =+RES!B3 -> ADJUSTED WEATHER STATION DATA
B4: =+RES!B4 -> FOR THE TEST YEAR ENDING DECEMBER 31, 2021
B6: =+RES!B6 -> SPONSOR: D. E. NELSON
B8: RESIDENTIAL SMOOTHED NORMAL CALCULATION FOR JANUARY 21ST
A9: Line
A10: No.
A11: 1 | C11: Residential Raw Normal Heating Degree Days | I11: Residential Smoothed Normal Heating Degree Days
A12: =+A11+1 -> 2 | C12: Base40 | D12: Base45 | E12: Base55 | F12: Base60 | G12: Base65 | I12: Base40 | J12: Base50 | K12: Base55 | L12: Base60 | M12: Base61
A13: =+A12+1 -> 3 | C13: c1 | D13: c2 | E13: c3 | F13: c4 | G13: c5 | I13: c1 | J13: c2 | K13: c3 | L13: c4 | M13: c5
A14: =+A13+1 -> 4 | B14: 43836 | C14: 2.7376817 | D14: 4.2694679 | E14: 11.330455 | F14: 15.876883 | G14: 20.628218
A15: =+A14+1 -> 5 | B15: 43837 | C15: 2.2045975 | D15: 4.2459112 | E15: 10.454895 | F15: 14.713921 | G15: 19.288956
A16: =+A15+1 -> 6 | B16: 43838 | C16: 1.7599808 | D16: 2.8745458 | E16: 8.8068354 | F16: 13.25188 | G16: 18.046888
A17: =+A16+1 -> 7 | B17: 43839 | C17: 1.2740813 | D17: 2.3929088 | E17: 8.0467975 | F17: 12.147236 | G17: 16.721201
A18: =+A17+1 -> 8 | B18: 43840 | C18: 1.5745908 | D18: 3.2886225 | E18: 9.1320196 | F18: 13.190074 | G18: 17.450201
A19: =+A18+1 -> 9 | B19: 43841 | C19: 1.0507579 | D19: 2.759265 | E19: 8.8208508 | F19: 12.923607 | G19: 17.427534
A20: =+A19+1 -> 10 | B20: 43842 | C20: 1.31195 | D20: 3.0319883 | E20: 9.1228421 | F20: 13.094368 | G20: 17.43408
A21: =+A20+1 -> 11 | B21: 43843 | C21: 1.6392846 | D21: 3.8540508 | E21: 11.32771 | F21: 16.108993 | G21: 21.074737
A22: =+A21+1 -> 12 | B22: 43844 | C22: 0.87003 | D22: 2.7327575 | E22: 9.8971946 | F22: 14.536324 | G22: 19.405907
A23: =+A22+1 -> 13 | B23: 43845 | C23: 1.1505904 | D23: 2.5924008 | E23: 9.2810167 | F23: 13.704125 | G23: 18.45932
A24: =+A23+1 -> 14 | B24: 43846 | C24: 2.2673604 | D24: 3.9788612 | E24: 10.125539 | F24: 14.371525 | G24: 18.996145
A25: =+A24+1 -> 15 | B25: 43847 | C25: 2.5203067 | D25: 4.3869775 | E25: 11.252776 | F25: 15.942891 | G25: 20.898357
... A28: =+A27+1 -> 18 | B28: 43850 | C28: 1.090735 | D28: 2.7228587 | E28: 7.8265158 | F28: 11.364989 | G28: 16.012055
A29: =+A28+1 -> 19 | B29: 43851 | C29: 0.50562792 | D29: 1.5805746 | E29: 8.0570712 | F29: 12.282746 | G29: 17.01764 | I29: =AVERAGE(C14:C44) -> 1.291398 | J29: =AVERAGE(D14:D44) -> 2.8323715 | K29: =AVERAGE(E14:E44) -> 8.9643462 | L29: =AVERAGE(F14:F44) -> 13.192346 | M29: =AVERAGE(G14:G44) -> 17.87253
A30: =+A29+1 -> 20 | B30: 43852 | C30: 0.39942042 | D30: 2.0066958 | E30: 7.9411725 | F30: 12.22226 | G30: 17.179061
A31: =+A30+1 -> 21 | B31: 43853 | C31: 1.8199158 | D31: 3.7236771 | E31: 10.273205 | F31: 14.459267 | G31: 19.059586
A32: =+A31+1 -> 22 | B32: 43854 | C32: 1.3769592 | D32: 2.9617333 | E32: 9.8430504 | F32: 14.236817 | G32: 18.957397
A33: =+A32+1 -> 23 | B33: 43855 | C33: 0.32308583 | D33: 1.3864396 | E33: 7.4994962 | F33: 11.848882 | G33: 16.77251
A34: =+A33+1 -> 24 | B34: 43856 | C34: 0.18302833 | D34: 0.93456667 | E34: 6.7110192 | F34: 11.248135 | G34: 16.223185
A35: =+A34+1 -> 25 | B35: 43857 | C35: 1.0102337 | D35: 2.3051129 | E35: 8.1609154 | F35: 12.455232 | G35: 17.314682
A36: =+A35+1 -> 26 | B36: 43858 | C36: 1.3617067 | D36: 2.5127933 | E36: 7.2209129 | F36: 10.935456 | G36: 15.45056
A37: =+A36+1 -> 27 | B37: 43859 | C37: 0.83407208 | D37: 2.3328892 | E37: 7.7769462 | F37: 11.566196 | G37: 16.081313
A38: =+A37+1 -> 28 | B38: 43860 | C38: 0.70785208 | D38: 2.0097267 | E38: 8.3383971 | F38: 12.716356 | G38: 17.549026
A39: =+A38+1 -> 29 | B39: 43861 | C39: 0.59451375 | D39: 1.696385 | E39: 7.0351892 | F39: 10.879263 | G39: 15.339313
A40: =+A39+1 -> 30 | B40: 43862 | C40: 1.1564512 | D40: 2.5468208 | E40: 7.5359042 | F40: 11.530692 | G40: 16.190902
A41: =+A40+1 -> 31 | B41: 43863 | C41: 2.1501754 | D41: 4.1920546 | E41: 10.006214 | F41: 13.742272 | G41: 18.52857
... A44: =+A43+1 -> 34 | B44: 43866 | C44: 1.6335921 | D44: 3.4567804 | E44: 9.780705 | F44: 13.836381 | G44: 18.360886

Sheet Smoothed Normal for 0720
B1: =+RES!B1 -> PUC DOCKET NO.
B2: =+RES!B2 -> ONCOR ELECTRIC DELIVERY COMPANY LLC
B3: =+RES!B3 -> ADJUSTED WEATHER STATION DATA
B4: =+RES!B4 -> FOR THE TEST YEAR ENDING DECEMBER 31, 2021
B6: =+RES!B6 -> SPONSOR: D. E. NELSON
B8: RESIDENTIAL SMOOTHED NORMAL CALCULATION FOR JULY 20TH
A9: Line
A10: No.
A11: 1 | C11: Residential Raw Normal Cooling Degree Days | H11: Residential Smoothed Normal cooling Degree Days
A12: =+A11+1 -> 2 | C12: Base65 | D12: Base70 | E12: Base75 | F12: Base80 | H12: Base65 | I12: Base70 | J12: Base75 | K12: Base80
A13: =+A12+1 -> 3 | C13: c1 | D13: c2 | E13: c3 | F13: c4 | H13: c1 | I13: c2 | J13: c3 | K13: c4
A14: =+A13+1 -> 4 | B14: 44017 | C14: 18.519245 | D14: 13.514245 | E14: 8.517185 | F14: 3.8345917
A15: =+A14+1 -> 5 | B15: 44018 | C15: 18.78914 | D15: 13.78414 | E15: 8.7843417 | F15: 3.9405996
A16: =+A15+1 -> 6 | B16: 44019 | C16: 19.029334 | D16: 14.024334 | E16: 9.0265363 | F16: 4.2523317
A17: =+A16+1 -> 7 | B17: 44020 | C17: 19.228614 | D17: 14.223614 | E17: 9.2235488 | F17: 4.3628604
A18: =+A17+1 -> 8 | B18: 44021 | C18: 19.809484 | D18: 14.804484 | E18: 9.8049987 | F18: 4.9610333
A19: =+A18+1 -> 9 | B19: 44022 | C19: 20.16724 | D19: 15.16224 | E19: 10.15724 | F19: 5.2248467
A20: =+A19+1 -> 10 | B20: 44023 | C20: 21.111847 | D20: 16.106847 | E20: 11.101956 | F20: 6.1504737
A21: =+A20+1 -> 11 | B21: 44024 | C21: 21.222945 | D21: 16.217945 | E21: 11.213205 | F21: 6.2357313
A22: =+A21+1 -> 12 | B22: 44025 | C22: 21.772275 | D22: 16.767275 | E22: 11.764288 | F22: 6.8203204
A23: =+A22+1 -> 13 | B23: 44026 | C23: 20.840025 | D23: 15.835025 | E23: 10.890568 | F23: 6.2025679
A24: =+A23+1 -> 14 | B24: 44027 | C24: 19.478254 | D24: 14.490704 | E24: 9.6740558 | F24: 5.0767708
A25: =+A24+1 -> 15 | B25: 44028 | C25: 20.320134 | D25: 15.325494 | E25: 10.339612 | F25: 5.7648313
... A28: =+A27+1 -> 18 | B28: 44031 | C28: 21.264559 | D28: 16.260434 | E28: 11.357879 | F28: 6.647795
A29: =+A28+1 -> 19 | B29: 44032 | C29: 21.353391 | D29: 16.348391 | E29: 11.346783 | F29: 6.4583646 | H29: =AVERAGE(C14:C44) -> 20.723996 | I29: =AVERAGE(D14:D44) -> 15.722228 | J29: =AVERAGE(E14:E44) -> 10.748525 | K29: =AVERAGE(F14:F44) -> 5.9633742
A30: =+A29+1 -> 20 | B30: 44033 | C30: 22.120598 | D30: 17.115598 | E30: 12.118415 | F30: 7.1517863
A31: =+A30+1 -> 21 | B31: 44034 | C31: 22.273468 | D31: 17.268468 | E31: 12.271728 | F31: 7.3116246
A32: =+A31+1 -> 22 | B32: 44035 | C32: 21.303435 | D32: 16.298435 | E32: 11.309622 | F32: 6.3770729
A33: =+A32+1 -> 23 | B33: 44036 | C33: 20.684162 | D33: 15.679162 | E33: 10.676732 | F33: 5.8190192
A34: =+A33+1 -> 24 | B34: 44037 | C34: 20.811248 | D34: 15.824067 | E34: 10.870791 | F34: 6.2494117
A35: =+A34+1 -> 25 | B35: 44038 | C35: 20.589458 | D35: 15.598708 | E35: 10.6271 | F35: 6.0008554
A36: =+A35+1 -> 26 | B36: 44039 | C36: 19.862823 | D36: 14.87499 | E36: 9.9176704 | F36: 5.4272358
A37: =+A36+1 -> 27 | B37: 44040 | C37: 20.343246 | D37: 15.343646 | E37: 10.362869 | F37: 5.6992204
A38: =+A37+1 -> 28 | B38: 44041 | C38: 20.741252 | D38: 15.736252 | E38: 10.73963 | F38: 5.962545
A39: =+A38+1 -> 29 | B39: 44042 | C39: 20.895485 | D39: 15.890485 | E39: 10.888441 | F39: 6.034405
A40: =+A39+1 -> 30 | B40: 44043 | C40: 20.824738 | D40: 15.819738 | E40: 10.827143 | F40: 6.0833542
A41: =+A40+1 -> 31 | B41: 44044 | C41: 21.431187 | D41: 16.426187 | E41: 11.454372 | F41: 6.7509179
... A44: =+A43+1 -> 34 | B44: 44047 | C44: 22.498252 | D44: 17.493252 | E44: 12.488252 | F44: 7.5335037

Sheet Smoothed Normal for 0114
B1: =+RES!B1 -> PUC DOCKET NO.
B2: =+RES!B2 -> ONCOR ELECTRIC DELIVERY COMPANY LLC
B3: =+RES!B3 -> ADJUSTED WEATHER STATION DATA
B4: =+RES!B4 -> FOR THE TEST YEAR ENDING DECEMBER 31, 2021
B6: =+RES!B6 -> SPONSOR: D. E. NELSON
B8: RESIDENTIAL SMOOTHED NORMAL CALCULATION FOR JANUARY 20TH
A9: Line
A10: No.
A11: 1 | C11: Residential Raw Normal Cooling Degree Days | I11: Residential Smoothed Normal cooling Degree Days
A12: =+A11+1 -> 2 | C12: Base40 | D12: Base45 | E12: Base55 | F12: Base60 | G12: Base65 | I12: Base40 | J12: Base45 | K12: Base55 | L12: Base60 | M12: Base65
A13: =+A12+1 -> 3 | C13: c1 | D13: c2 | E13: c3 | F13: c4 | G13: c5 | I13: c1 | J13: c2 | K13: c3 | L13: c4 | M13: c5
A14: =+A13+1 -> 4 | B14: 44195 | C14: 0.85487708 | D14: 2.3651383 | E14: 8.5820358 | F14: 12.704922 | G14: 17.302401
A15: =+A14+1 -> 5 | B15: 44196 | C15: 1.39572 | D15: 3.0935762 | E15: 9.6284225 | F15: 14.057381 | G15: 18.803961
A16: =+A15+1 -> 6 | B16: 44197 | C16: 2.5101692 | D16: 4.9909896 | E16: 12.018464 | F16: 16.249842 | G16: 20.583749
A17: =+A16+1 -> 7 | B17: 44198 | C17: 3.3227017 | D17: 6.255605 | E17: 13.305824 | F17: 17.163716 | G17: 21.364635
A18: =+A17+1 -> 8 | B18: 44199 | C18: 1.8910921 | D18: 4.0868167 | E18: 11.372382 | F18: 15.404927 | G18: 19.606929
A19: =+A18+1 -> 9 | B19: 44200 | C19: 1.12371 | D19: 2.7394042 | E19: 9.6863512 | F19: 14.163644 | G19: 18.927675
A20: =+A19+1 -> 10 | B20: 44201 | C20: 1.8994871 | D20: 3.8078958 | E20: 11.038282 | F20: 15.721923 | G20: 20.487988
A21: =+A20+1 -> 11 | B21: 44202 | C21: 2.7376817 | D21: 4.2694679 | E21: 11.330455 | F21: 15.876883 | G21: 20.628218
A22: =+A21+1 -> 12 | B22: 44203 | C22: 2.2045975 | D22: 4.2459112 | E22: 10.454895 | F22: 14.713921 | G22: 19.288956
A23: =+A22+1 -> 13 | B23: 44204 | C23: 1.7599808 | D23: 2.8745458 | E23: 8.8068354 | F23: 13.25188 | G23: 18.046888
A24: =+A23+1 -> 14 | B24: 44205 | C24: 1.2740813 | D24: 2.3929088 | E24: 8.0467975 | F24: 12.147236 | G24: 16.721201
A25: =+A24+1 -> 15 | B25: 44206 | C25: 1.5745908 | D25: 3.2886225 | E25: 9.1320196 | F25: 13.190074 | G25: 17.450201
... A28: =+A27+1 -> 18 | B28: 44209 | C28: 1.6392846 | D28: 3.8540508 | E28: 11.32771 | F28: 16.108993 | G28: 21.074737
A29: =+A28+1 -> 19 | B29: 44210 | C29: 0.87003 | D29: 2.7327575 | E29: 9.8971946 | F29: 14.536324 | G29: 19.405907 | I29: =AVERAGE(C14:C44) -> 1.4348824 | J29: =AVERAGE(D14:D44) -> 3.100101 | K29: =AVERAGE(E14:E44) -> 9.4520964 | L29: =AVERAGE(F14:F44) -> 13.734244 | M29: =AVERAGE(G14:G44) -> 18.404572
A30: =+A29+1 -> 20 | B30: 44211 | C30: 1.1505904 | D30: 2.5924008 | E30: 9.2810167 | F30: 13.704125 | G30: 18.45932
A31: =+A30+1 -> 21 | B31: 44212 | C31: 2.2673604 | D31: 3.9788612 | E31: 10.125539 | F31: 14.371525 | G31: 18.996145
A32: =+A31+1 -> 22 | B32: 44213 | C32: 2.5203067 | D32: 4.3869775 | E32: 11.252776 | F32: 15.942891 | G32: 20.898357
A33: =+A32+1 -> 23 | B33: 44214 | C33: 1.3406079 | D33: 3.5168946 | E33: 10.088042 | F33: 14.978547 | G33: 19.968282
A34: =+A33+1 -> 24 | B34: 44215 | C34: 0.87699333 | D34: 2.3717125 | E34: 8.3859458 | F34: 12.834861 | G34: 17.596577
A35: =+A34+1 -> 25 | B35: 44216 | C35: 1.090735 | D35: 2.7228587 | E35: 7.8265158 | F35: 11.364989 | G35: 16.012055
A36: =+A35+1 -> 26 | B36: 44217 | C36: 0.50562792 | D36: 1.5805746 | E36: 8.0570712 | F36: 12.282746 | G36: 17.01764
A37: =+A36+1 -> 27 | B37: 44218 | C37: 0.39942042 | D37: 2.0066958 | E37: 7.9411725 | F37: 12.22226 | G37: 17.179061
A38: =+A37+1 -> 28 | B38: 44219 | C38: 1.8199158 | D38: 3.7236771 | E38: 10.273205 | F38: 14.459267 | G38: 19.059586
A39: =+A38+1 -> 29 | B39: 44220 | C39: 1.3769592 | D39: 2.9617333 | E39: 9.8430504 | F39: 14.236817 | G39: 18.957397
A40: =+A39+1 -> 30 | B40: 44221 | C40: 0.32308583 | D40: 1.3864396 | E40: 7.4994962 | F40: 11.848882 | G40: 16.77251
A41: =+A40+1 -> 31 | B41: 44222 | C41: 0.18302833 | D41: 0.93456667 | E41: 6.7110192 | F41: 11.248135 | G41: 16.223185
... A44: =+A43+1 -> 34 | B44: 44225 | C44: 0.83407208 | D44: 2.3328892 | E44: 7.7769462 | F44: 11.566196 | G44: 16.081313

Sheet Smoothed Normal for 0714
B1: =+RES!B1 -> PUC DOCKET NO.
B2: =+RES!B2 -> ONCOR ELECTRIC DELIVERY COMPANY LLC
B3: =+RES!B3 -> ADJUSTED WEATHER STATION DATA
B4: =+RES!B4 -> FOR THE TEST YEAR ENDING DECEMBER 31, 2021
B6: =+RES!B6 -> SPONSOR: D. E. NELSON
B8: RESIDENTIAL SMOOTHED NORMAL CALCULATION FOR JULY 14TH
A9: Line
A10: No.
A11: 1 | C11: Residential Raw Normal Cooling Degree Days | H11: Residential Smoothed Normal cooling Degree Days
A12: =+A11+1 -> 2 | C12: Base65 | D12: Base70 | E12: Base75 | F12: Base80 | H12: Base65 | I12: Base70 | J12: Base75 | K12: Base80
A13: =+A12+1 -> 3 | C13: c1 | D13: c2 | E13: c3 | F13: c4 | H13: c1 | I13: c2 | J13: c3 | K13: c4
A14: =+A13+1 -> 4 | B14: 44376 | C14: 18.300136 | D14: 13.295136 | E14: 8.3645692 | F14: 3.8778833
A15: =+A14+1 -> 5 | B15: 44377 | C15: 17.849634 | D15: 12.844634 | E15: 7.9022829 | F15: 3.6315625
A16: =+A15+1 -> 6 | B16: 44378 | C16: 17.071832 | D16: 12.066832 | E16: 7.1181083 | F16: 2.9004442
A17: =+A16+1 -> 7 | B17: 44379 | C17: 18.013682 | D17: 13.008682 | E17: 8.0262379 | F17: 3.7118458
A18: =+A17+1 -> 8 | B18: 44380 | C18: 18.81917 | D18: 13.81417 | E18: 8.8231004 | F18: 4.2687717
A19: =+A18+1 -> 9 | B19: 44381 | C19: 18.977143 | D19: 13.972143 | E19: 8.9723117 | F19: 4.2034212
A20: =+A19+1 -> 10 | B20: 44382 | C20: 18.519245 | D20: 13.514245 | E20: 8.517185 | F20: 3.8345917
A21: =+A20+1 -> 11 | B21: 44383 | C21: 18.78914 | D21: 13.78414 | E21: 8.7843417 | F21: 3.9405996
A22: =+A21+1 -> 12 | B22: 44384 | C22: 19.029334 | D22: 14.024334 | E22: 9.0265363 | F22: 4.2523317
A23: =+A22+1 -> 13 | B23: 44385 | C23: 19.228614 | D23: 14.223614 | E23: 9.2235488 | F23: 4.3628604
A24: =+A23+1 -> 14 | B24: 44386 | C24: 19.809484 | D24: 14.804484 | E24: 9.8049987 | F24: 4.9610333
A25: =+A24+1 -> 15 | B25: 44387 | C25: 20.16724 | D25: 15.16224 | E25: 10.15724 | F25: 5.2248467
... A28: =+A27+1 -> 18 | B28: 44390 | C28: 21.772275 | D28: 16.767275 | E28: 11.764288 | F28: 6.8203204
A29: =+A28+1 -> 19 | B29: 44391 | C29: 20.840025 | D29: 15.835025 | E29: 10.890568 | F29: 6.2025679 | H29: =AVERAGE(C14:C44) -> 20.061013 | I29: =AVERAGE(D14:D44) -> 15.059246 | J29: =AVERAGE(E14:E44) -> 10.09125 | K29: =AVERAGE(F14:F44) -> 5.3802641
A30: =+A29+1 -> 20 | B30: 44392 | C30: 19.478254 | D30: 14.490704 | E30: 9.6740558 | F30: 5.0767708
A31: =+A30+1 -> 21 | B31: 44393 | C31: 20.320134 | D31: 15.325494 | E31: 10.339612 | F31: 5.7648313
A32: =+A31+1 -> 22 | B32: 44394 | C32: 20.409394 | D32: 15.412474 | E32: 10.508499 | F32: 5.9411679
A33: =+A32+1 -> 23 | B33: 44395 | C33: 20.814248 | D33: 15.818048 | E33: 11.016878 | F33: 6.3212008
A34: =+A33+1 -> 24 | B34: 44396 | C34: 21.264559 | D34: 16.260434 | E34: 11.357879 | F34: 6.647795
A35: =+A34+1 -> 25 | B35: 44397 | C35: 21.353391 | D35: 16.348391 | E35: 11.346783 | F35: 6.4583646
A36: =+A35+1 -> 26 | B36: 44398 | C36: 22.120598 | D36: 17.115598 | E36: 12.118415 | F36: 7.1517863
A37: =+A36+1 -> 27 | B37: 44399 | C37: 22.273468 | D37: 17.268468 | E37: 12.271728 | F37: 7.3116246
A38: =+A37+1 -> 28 | B38: 44400 | C38: 21.303435 | D38: 16.298435 | E38: 11.309622 | F38: 6.3770729
A39: =+A38+1 -> 29 | B39: 44401 | C39: 20.684162 | D39: 15.679162 | E39: 10.676732 | F39: 5.8190192
A40: =+A39+1 -> 30 | B40: 44402 | C40: 20.811248 | D40: 15.824067 | E40: 10.870791 | F40: 6.2494117
A41: =+A40+1 -> 31 | B41: 44403 | C41: 20.589458 | D41: 15.598708 | E41: 10.6271 | F41: 6.0008554
... A44: =+A43+1 -> 34 | B44: 44406 | C44: 20.741252 | D44: 15.736252 | E44: 10.73963 | F44: 5.962545

Sheet Cycle 18 HDD Feb 20
B1: =+RES!B1 -> PUC DOCKET NO.
B2: =+RES!B2 -> ONCOR ELECTRIC DELIVERY COMPANY LLC
B3: =+RES!B3 -> ADJUSTED WEATHER STATION DATA
B4: =+RES!B4 -> FOR THE TEST YEAR ENDING DECEMBER 31, 2021
B6: =+RES!B6 -> SPONSOR: D. E. NELSON
B8: RESIDENTIAL FEBRUARY 2020 CYCLE 18 HEATING DEGREE DAYS
A9: Line
A10: No.
A11: 1 | B11: Billing | C11: Read | D11: Prior Month
A12: =+A11+1 -> 2 | B12: Cycle | C12: Day | D12: Read Day
A13: =+A12+1 -> 3 | B13: Cycle 18 | C13: 43880 | D13: 43851
A15: =+A13+1 -> 4 | C15: Normal Heating Degree Days | I15: Actual Heating Degree Days
A16: =+A15+1 -> 5 | C16: Base40 | D16: Base45 | E16: Base55 | F16: Base60 | G16: Base65 | I16: Base40 | J16: Base45 | K16: Base55 | L16: Base60 | M16: Base65
A17: =+A16+1 -> 6 | C17: c1 | D17: c2 | E17: c3 | F17: c4 | G17: c5 | I17: c1 | J17: c2 | K17: c3 | L17: c4 | M17: c5
A18: =+A17+1 -> 7 | B18: =+D13 -> 43851 | C18: 1.291398 | D18: 2.8323715 | E18: 8.9643462 | F18: 13.192346 | G18: 17.87253 | I18: 0.0996 | J18: 1.5018 | K18: 11.0189 | L18: 16.0189 | M18: 21.0189
A19: =+A18+1 -> 8 | B19: =+B18+1 -> 43852 | C19: 1.2524192 | D19: 2.8062483 | E19: 8.9110169 | F19: 13.116271 | G19: 17.778674 | I19: 0.0867 | J19: 3.0011 | K19: 11.9812 | L19: 16.9812 | M19: 21.9812
A20: =+A19+1 -> 9 | B20: =+B19+1 -> 43853 | C20: 1.2216714 | D20: 2.7623729 | E20: 8.8626656 | F20: 13.053438 | G20: 17.704846 | I20: 0 | J20: 0.0351 | K20: 6.2501 | L20: 11.2501 | M20: 16.2501
A21: =+A20+1 -> 10 | B21: =+B20+1 -> 43854 | C21: 1.187164 | D21: 2.7371312 | E21: 8.8386493 | F21: 13.016031 | G21: 17.657783 | I21: 0 | J21: 0.0881 | K21: 7.383 | L21: 12.383 | M21: 17.383
A22: =+A21+1 -> 11 | B22: =+B21+1 -> 43855 | C22: 1.1868859 | D22: 2.7483743 | E22: 8.8575569 | F22: 13.036365 | G22: 17.686458 | I22: 0 | J22: 0 | K22: 2.8554 | L22: 7.8554 | M22: 12.8554
A23: =+A22+1 -> 12 | B23: =+B22+1 -> 43856 | C23: 1.1914169 | D23: 2.7549949 | E23: 8.8875092 | F23: 13.06118 | G23: 17.722997 | I23: 0 | J23: 0 | K23: 0.3111 | L23: 4.3856 | M23: 9.2731
A24: =+A23+1 -> 13 | B24: =+B23+1 -> 43857 | C24: 1.213366 | D24: 2.7923249 | E24: 8.9325109 | F24: 13.106411 | G24: 17.770557 | I24: 0 | J24: 0 | K24: 3.6151 | L24: 8.4121 | M24: 13.4121
A25: =+A24+1 -> 14 | B25: =+B24+1 -> 43858 | C25: 1.2016357 | D25: 2.774715 | E25: 8.9287586 | F25: 13.120044 | G25: 17.798178 | I25: 0 | J25: 0 | K25: 3.6239 | L25: 8.4943 | M25: 13.4943
A26: =+A25+1 -> 15 | B26: =+B25+1 -> 43859 | C26: 1.1681156 | D26: 2.7080593 | E26: 8.8111721 | F26: 12.97653 | G26: 17.640003 | I26: 0.02 | J26: 3.0496 | K26: 12.6403 | L26: 17.6403 | M26: 22.6403
A27: =+A26+1 -> 16 | B27: =+B26+1 -> 43860 | C27: 1.1743942 | D27: 2.6879476 | E27: 8.6757659 | F27: 12.789092 | G27: 17.433635 | I27: 0.1087 | J27: 2.8959 | K27: 12.6922 | L27: 17.6922 | M27: 22.6922
A28: =+A27+1 -> 17 | B28: =+B27+1 -> 43861 | C28: 1.1626387 | D28: 2.657613 | E28: 8.5573845 | F28: 12.629684 | G28: 17.244405 | I28: 0.0112 | J28: 0.3113 | K28: 8.4482 | L28: 13.4482 | M28: 18.4482
A29: =+A28+1 -> 18 | B29: =+B28+1 -> 43862 | C29: 1.1194566 | D29: 2.6112079 | E29: 8.4938778 | F29: 12.547948 | G29: 17.155158 | I29: 0 | J29: 0 | K29: 5.5912 | L29: 10.5912 | M29: 15.5912
A30: =+A29+1 -> 19 | B30: =+B29+1 -> 43863 | C30: 1.0507632 | D30: 2.5164781 | E30: 8.3301462 | F30: 12.358041 | G30: 16.944696 | I30: 0 | J30: 0 | K30: 0 | L30: 0.6488 | M30: 4.9037
... A46: =+A45+1 -> 35 | B46: =+B45+1 -> 43879 | C46: 0.94586552 | D46: 2.0787618 | E46: 6.8589333 | F46: 10.399995 | G46: 14.555134 | I46: 0 | J46: 0 | K46: 0.962 | L46: 5.1398 | M46: 9.8382
A47: =+A46+1 -> 36 | B47: Total | C47: =SUM(C18:C46) -> 31.107107 | D47: =SUM(D18:D46) -> 71.237615 | E47: =SUM(E18:E46) -> 233.33715 | F47: =SUM(F18:F46) -> 347.30789 | G47: =SUM(G18:G46) -> 477.29918 | I47: =SUM(I18:I46) -> 12.5271 | J47: =SUM(J18:J46) -> 47.013 | K47: =SUM(K18:K46) -> 212.1216 | L47: =SUM(L18:L46) -> 329.8455 | M47: =SUM(M18:M46) -> 462.6481

Sheet Cycle 17 CDD Aug 20
B1: =+RES!B1 -> PUC DOCKET NO.
B2: =+RES!B2 -> ONCOR ELECTRIC DELIVERY COMPANY LLC
B3: =+RES!B3 -> ADJUSTED WEATHER STATION DATA
B4: =+RES!B4 -> FOR THE TEST YEAR ENDING DECEMBER 31, 2021
B6: =+RES!B6 -> SPONSOR: D. E. NELSON
B8: RESIDENTIAL AUGUST 2020 CYCLE 17 COOLING DEGREE DAYS
A9: Line
A10: No.
A11: 1 | B11: Billing | C11: Read | D11: Prior Month
A12: =+A11+1 -> 2 | B12: Cycle | C12: Day | D12: Read Day
A13: =+A12+1 -> 3 | B13: Cycle 17 | C13: 44061 | D13: 44032
A15: =+A13+1 -> 4 | C15: Normal Cooling Degree Days | H15: Actual Cooling Degree Days
A16: =+A15+1 -> 5 | C16: Base65 | D16: Base70 | E16: Base75 | F16: Base80 | H16: Base65 | I16: Base70 | J16: Base75 | K16: Base80
A17: =+A16+1 -> 6 | C17: c1 | D17: c2 | E17: c3 | F17: c4 | H17: c1 | I17: c2 | J17: c3 | K17: c4
A18: =+A17+1 -> 7 | B18: =+D13 -> 44032 | C18: 20.723996 | D18: 15.722228 | E18: 10.748525 | F18: 5.9633742 | H18: 21.1011 | I18: 16.0961 | J18: 11.0911 | K18: 6.0861
A19: =+A18+1 -> 8 | B19: =+B18+1 -> 44033 | C19: 20.869169 | D19: 15.867401 | E19: 10.893705 | F19: 6.0996533 | H19: 17.6577 | I19: 12.6527 | J19: 7.6477 | K19: 2.6801
A20: =+A19+1 -> 9 | B20: =+B19+1 -> 44034 | C20: 21.001776 | D20: 16.000008 | E20: 11.026143 | F20: 6.2279148 | H20: 19.5359 | I20: 14.5309 | J20: 9.5259 | K20: 4.5454
A21: =+A20+1 -> 10 | B21: =+B20+1 -> 44035 | C21: 21.115393 | D21: 16.113625 | E21: 11.139528 | F21: 6.3373543 | H21: 21.4032 | I21: 16.3982 | J21: 11.3932 | K21: 6.3882
A22: =+A21+1 -> 11 | B22: =+B21+1 -> 44036 | C22: 21.21214 | D22: 16.210373 | E22: 11.236202 | F22: 6.4316939 | H22: 21.8077 | I22: 16.8027 | J22: 11.7977 | K22: 6.7927
A23: =+A22+1 -> 12 | B23: =+B22+1 -> 44037 | C23: 21.292582 | D23: 16.290814 | E23: 11.316624 | F23: 6.5093397 | H23: 18.7027 | I23: 13.6977 | J23: 8.6927 | K23: 3.6877
A24: =+A23+1 -> 13 | B24: =+B23+1 -> 44038 | C24: 21.354954 | D24: 16.353186 | E24: 11.379166 | F24: 6.5774234 | H24: 18.7026 | I24: 13.6976 | J24: 8.6926 | K24: 3.8056
A25: =+A24+1 -> 14 | B25: =+B24+1 -> 44039 | C25: 21.360273 | D25: 16.358506 | E25: 11.385921 | F25: 6.5911099 | H25: 18.0033 | I25: 12.9983 | J25: 7.9933 | K25: 2.9883
A26: =+A25+1 -> 15 | B26: =+B25+1 -> 44040 | C26: 21.346436 | D26: 16.344669 | E26: 11.372919 | F26: 6.59379 | H26: 14.4636 | I26: 9.4586 | J26: 4.4536 | K26: 0.6886
A27: =+A26+1 -> 16 | B27: =+B26+1 -> 44041 | C27: 21.289059 | D27: 16.287291 | E27: 11.316279 | F27: 6.5552319 | H27: 18.6151 | I27: 13.6101 | J27: 8.6051 | K27: 3.6001
A28: =+A27+1 -> 17 | B28: =+B27+1 -> 44042 | C28: 21.248745 | D28: 16.246977 | E28: 11.275109 | F28: 6.5175084 | H28: 20.9937 | I28: 15.9887 | J28: 10.9837 | K28: 5.9787
A29: =+A28+1 -> 18 | B29: =+B28+1 -> 44043 | C29: 21.266674 | D29: 16.26436 | E29: 11.287858 | F29: 6.5306987 | H29: 16.6288 | I29: 11.6238 | J29: 6.6188 | K29: 1.7325
A30: =+A29+1 -> 19 | B30: =+B29+1 -> 44044 | C30: 21.255505 | D30: 16.25292 | E30: 11.277188 | F30: 6.522186 | H30: 16.771 | I30: 11.766 | J30: 6.761 | K30: 1.836
... A46: =+A45+1 -> 35 | B46: =+B45+1 -> 44060 | C46: 20.453869 | D46: 15.449521 | E46: 10.48155 | F46: 5.8320968 | H46: 17.4502 | I46: 12.4452 | J46: 7.4402 | K46: 2.4827
A47: =+A46+1 -> 36 | B47: Total | C47: =SUM(C18:C46) -> 609.82742 | D47: =SUM(D18:D46) -> 464.74449 | E47: =SUM(E18:E46) -> 320.46862 | F47: =SUM(F18:F46) -> 182.96776 | H47: =SUM(H18:H46) -> 596.0149 | I47: =SUM(I18:I46) -> 450.8699 | J47: =SUM(J18:J46) -> 305.7502 | K47: =SUM(K18:K46) -> 162.8523

Sheet Cycle 16 HDD Feb 21
B1: =+RES!B1 -> PUC DOCKET NO.
B2: =+RES!B2 -> ONCOR ELECTRIC DELIVERY COMPANY LLC
B3: =+RES!B3 -> ADJUSTED WEATHER STATION DATA
B4: =+RES!B4 -> FOR THE TEST YEAR ENDING DECEMBER 31, 2021
B6: =+RES!B6 -> SPONSOR: D. E. NELSON
B8: RESIDENTIAL FEBRUARY 2021 CYCLE 16 HEATING DEGREE DAYS
A9: Line
A10: No.
A11: 1 | B11: Billing | C11: Read | D11: Prior Month
A12: =+A11+1 -> 2 | B12: Cycle | C12: Day | D12: Read Day
A13: =+A12+1 -> 3 | B13: Cycle 16 | C13: 44239 | D13: 44210
A15: =+A13+1 -> 4 | C15: Normal Heating Degree Days | I15: Actual Heating Degree Days
A16: =+A15+1 -> 5 | C16: Base40 | D16: Base45 | E16: Base55 | F16: Base60 | G16: Base65 | I16: Base40 | J16: Base45 | K16: Base55 | L16: Base60 | M16: Base65
A17: =+A16+1 -> 6 | C17: c1 | D17: c2 | E17: c3 | F17: c4 | G17: c5 | I17: c1 | J17: c2 | K17: c3 | L17: c4 | M17: c5
A18: =+A17+1 -> 7 | B18: =+D13 -> 44210 | C18: 1.4348824 | D18: 3.100101 | E18: 9.4520964 | F18: 13.734244 | G18: 18.404572 | I18: 0 | J18: 0 | K18: 5.0364 | L18: 10.0364 | M18: 15.0364
A19: =+A18+1 -> 8 | B19: =+B18+1 -> 44211 | C19: 1.4301397 | D19: 3.0886361 | E19: 9.4442371 | F19: 13.734613 | G19: 18.412528 | I19: 0.1995 | J19: 0.6549 | K19: 9.3179 | L19: 14.3179 | M19: 19.3179
A20: =+A19+1 -> 9 | B20: =+B19+1 -> 44212 | C20: 1.4042943 | D20: 3.0435654 | E20: 9.3605844 | F20: 13.632093 | G20: 18.300765 | I20: 0 | J20: 0.5722 | K20: 10.1072 | L20: 15.1072 | M20: 20.1072
A21: =+A20+1 -> 10 | B21: =+B20+1 -> 44213 | C21: 1.360626 | D21: 2.9647213 | E21: 9.2159857 | F21: 13.479863 | G21: 18.15906 | I21: 0 | J21: 0.3633 | K21: 7.5901 | L21: 12.5901 | M21: 17.5901
A22: =+A21+1 -> 11 | B22: =+B21+1 -> 44214 | C22: 1.3228026 | D22: 2.8981551 | E22: 9.1095467 | F22: 13.369493 | G22: 18.067574 | I22: 0 | J22: 0 | K22: 4.1268 | L22: 8.9648 | M22: 13.9648
A23: =+A22+1 -> 12 | B23: =+B22+1 -> 44215 | C23: 1.3074555 | D23: 2.8596573 | E23: 9.0285257 | F23: 13.284827 | G23: 17.984032 | I23: 0 | J23: 0.1026 | K23: 2.754 | L23: 7.429 | M23: 12.3894
A24: =+A23+1 -> 13 | B24: =+B23+1 -> 44216 | C24: 1.2999753 | D24: 2.8436978 | E24: 9.0049132 | F24: 13.25317 | G24: 17.941146 | I24: 0 | J24: 0.3534 | K24: 8.9866 | L24: 13.917 | M24: 18.917
A25: =+A24+1 -> 14 | B25: =+B24+1 -> 44217 | C25: 1.291398 | D25: 2.8323715 | E25: 8.9643462 | F25: 13.192346 | G25: 17.87253 | I25: 0 | J25: 0 | K25: 4.3328 | L25: 9.0834 | M25: 14.0689
A26: =+A25+1 -> 15 | B26: =+B25+1 -> 44218 | C26: 1.2524192 | D26: 2.8062483 | E26: 8.9110169 | F26: 13.116271 | G26: 17.778674 | I26: 0 | J26: 0 | K26: 4.7825 | L26: 9.4429 | M26: 14.3817
A27: =+A26+1 -> 16 | B27: =+B26+1 -> 44219 | C27: 1.2216714 | D27: 2.7623729 | E27: 8.8626656 | F27: 13.053438 | G27: 17.704846 | I27: 0 | J27: 0 | K27: 4.9719 | L27: 9.8855 | M27: 14.8855
A28: =+A27+1 -> 17 | B28: =+B27+1 -> 44220 | C28: 1.187164 | D28: 2.7371312 | E28: 8.8386493 | F28: 13.016031 | G28: 17.657783 | I28: 0 | J28: 0 | K28: 0.367 | L28: 4.2811 | M28: 8.8494
A29: =+A28+1 -> 18 | B29: =+B28+1 -> 44221 | C29: 1.1868859 | D29: 2.7483743 | E29: 8.8575569 | F29: 13.036365 | G29: 17.686458 | I29: 0 | J29: 0 | K29: 0.402 | L29: 0.9542 | M29: 4.9243
A30: =+A29+1 -> 19 | B30: =+B29+1 -> 44222 | C30: 1.1914169 | D30: 2.7549949 | E30: 8.8875092 | F30: 13.06118 | G30: 17.722997 | I30: 0.054 | J30: 0.3086 | K30: 7.8647 | L30: 12.7864 | M30: 17.7864
... A46: =+A45+1 -> 35 | B46: =+B45+1 -> 44238 | C46: 0.99664937 | D46: 2.250902 | E46: 7.4465293 | F46: 11.218375 | G46: 15.576881 | I46: 12.7591 | J46: 17.7591 | K46: 27.7591 | L46: 32.7591 | M46: 37.7591
A47: =+A46+1 -> 36 | B47: Total | C47: =SUM(C18:C46) -> 33.842164 | D47: =SUM(D18:D46) -> 76.860644 | E47: =SUM(E18:E46) -> 248.13398 | F47: =SUM(F18:F46) -> 366.6239 | G47: =SUM(G18:G46) -> 499.7342 | I47: =SUM(I18:I46) -> 29.6451 | J47: =SUM(J18:J46) -> 53.1956 | K47: =SUM(K18:K46) -> 222.3468 | L47: =SUM(L18:L46) -> 350.4588 | M47: =SUM(M18:M46) -> 491.0075

Sheet Cycle 13 CDD Aug 21
B1: =+RES!B1 -> PUC DOCKET NO.
B2: =+RES!B2 -> ONCOR ELECTRIC DELIVERY COMPANY LLC
B3: =+RES!B3 -> ADJUSTED WEATHER STATION DATA
B4: =+RES!B4 -> FOR THE TEST YEAR ENDING DECEMBER 31, 2021
B6: =+RES!B6 -> SPONSOR: D. E. NELSON
B8: RESIDENTIAL AUGUST 2021 CYCLE 13 COOLING DEGREE DAYS
A9: Line
A10: No.
A11: 1 | B11: Billing | C11: Read | D11: Prior Month
A12: =+A11+1 -> 2 | B12: Cycle | C12: Day | D12: Read Day
A13: =+A12+1 -> 3 | B13: Cycle 13 | C13: 44420 | D13: 44391
A15: =+A13+1 -> 4 | C15: Normal Cooling Degree Days | H15: Actual Cooling Degree Days
A16: =+A15+1 -> 5 | C16: Base65 | D16: Base70 | E16: Base75 | F16: Base80 | H16: Base65 | I16: Base70 | J16: Base75 | K16: Base80
A17: =+A16+1 -> 6 | C17: c1 | D17: c2 | E17: c3 | F17: c4 | H17: c1 | I17: c2 | J17: c3 | K17: c4
A18: =+A17+1 -> 7 | B18: =+D13 -> 44391 | C18: 20.061013 | D18: 15.059246 | E18: 10.09125 | F18: 5.3802641 | H18: 15.3402 | I18: 10.3352 | J18: 5.3302 | K18: 0.8991
A19: =+A18+1 -> 8 | B19: =+B18+1 -> 44392 | C19: 20.144734 | D19: 15.142967 | E19: 10.172665 | F19: 5.4498293 | H19: 17.5996 | I19: 12.5946 | J19: 7.5896 | K19: 2.7146
A20: =+A19+1 -> 9 | B20: =+B19+1 -> 44393 | C20: 20.240705 | D20: 15.238938 | E20: 10.267015 | F20: 5.5289194 | H20: 19.1967 | I20: 14.1917 | J20: 9.1867 | K20: 4.1817
A21: =+A20+1 -> 10 | B21: =+B20+1 -> 44394 | C21: 20.38133 | D21: 15.379562 | E21: 10.406895 | F21: 5.6531282 | H21: 19.5357 | I21: 14.5307 | J21: 9.5257 | K21: 4.5207
A22: =+A21+1 -> 11 | B22: =+B21+1 -> 44395 | C22: 20.502771 | D22: 15.501003 | E22: 10.527908 | F22: 5.7616048 | H22: 19.6568 | I22: 14.6518 | J22: 9.6468 | K22: 4.6418
A23: =+A22+1 -> 12 | B23: =+B22+1 -> 44396 | C23: 20.610412 | D23: 15.608644 | E23: 10.635107 | F23: 5.8559522 | H23: 14.838 | I23: 9.833 | J23: 4.8525 | K23: 0.159
A24: =+A23+1 -> 13 | B24: =+B23+1 -> 44397 | C24: 20.723996 | D24: 15.722228 | E24: 10.748525 | F24: 5.9633742 | H24: 15.3322 | I24: 10.3272 | J24: 5.3222 | K24: 0.987
A25: =+A24+1 -> 14 | B25: =+B24+1 -> 44398 | C25: 20.869169 | D25: 15.867401 | E25: 10.893705 | F25: 6.0996533 | H25: 16.0043 | I25: 10.9993 | J25: 5.9943 | K25: 1.5169
A26: =+A25+1 -> 15 | B26: =+B25+1 -> 44399 | C26: 21.001776 | D26: 16.000008 | E26: 11.026143 | F26: 6.2279148 | H26: 18.0208 | I26: 13.0158 | J26: 8.0108 | K26: 3.2562
A27: =+A26+1 -> 16 | B27: =+B26+1 -> 44400 | C27: 21.115393 | D27: 16.113625 | E27: 11.139528 | F27: 6.3373543 | H27: 19.8621 | I27: 14.8571 | J27: 9.8521 | K27: 4.8471
A28: =+A27+1 -> 17 | B28: =+B27+1 -> 44401 | C28: 21.21214 | D28: 16.210373 | E28: 11.236202 | F28: 6.4316939 | H28: 21.618 | I28: 16.613 | J28: 11.608 | K28: 6.603
A29: =+A28+1 -> 18 | B29: =+B28+1 -> 44402 | C29: 21.292582 | D29: 16.290814 | E29: 11.316624 | F29: 6.5093397 | H29: 22.1976 | I29: 17.1926 | J29: 12.1876 | K29: 7.1826
A30: =+A29+1 -> 19 | B30: =+B29+1 -> 44403 | C30: 21.354954 | D30: 16.353186 | E30: 11.379166 | F30: 6.5774234 | H30: 23.1305 | I30: 18.1255 | J30: 13.1205 | K30: 8.1155
... A46: =+A45+1 -> 35 | B46: =+B45+1 -> 44419 | C46: 20.931568 | D46: 15.927562 | E46: 10.950513 | F46: 6.2391421 | H46: 21.7024 | I46: 16.6974 | J46: 11.6924 | K46: 6.6874
A47: =+A46+1 -> 36 | B47: Total | C47: =SUM(C18:C46) -> 607.6556 | D47: =SUM(D18:D46) -> 462.58955 | E47: =SUM(E18:E46) -> 318.32786 | F47: =SUM(F18:F46) -> 180.47113 | H47: =SUM(H18:H46) -> 561.6943 | I47: =SUM(I18:I46) -> 416.5493 | J47: =SUM(J18:J46) -> 271.6348 | K47: =SUM(K18:K46) -> 131.9618

Sheet Billed Feb 20 HDD
B1: =+RES!B1 -> PUC DOCKET NO.
B2: =+RES!B2 -> ONCOR ELECTRIC DELIVERY COMPANY LLC
B3: =+RES!B3 -> ADJUSTED WEATHER STATION DATA
B4: =+RES!B4 -> FOR THE TEST YEAR ENDING DECEMBER 31, 2021
B6: =+RES!B6 -> SPONSOR: D. E. NELSON
B8: RESIDENTIAL FEBRUARY 2020 BILLING MONTH HEATINGING DEGREE DAYS
A9: Line
A10: No.
A11: 1 | B11: Billing | C11: Read | D11: Cycle | E11: Normal Heating Degree Days | K11: Actual Heating Degree Days
A12: =+A11+1 -> 2 | B12: Cycle | C12: Day | D12: Start | E12: Base 40 | F12: Base 45 | G12: Base 55 | H12: Base 60 | I12: Base 65 | K12: Base 40 | L12: Base 45 | M12: Base 55 | N12: Base 60 | O12: Base 65
A13: =+A12+1 -> 3 | B13: 1 | C13: 43857 | D13: 43825 | E13: 42.847976 | F13: 94.853211 | G13: 295.85349 | H13: 431.30234 | I13: 579.80704 | K13: 3.2181 | L13: 20.8997 | M13: 172.4803 | N13: 300.2936 | O13: 443.4274
A14: =+A13+1 -> 4 | B14: 2 | C14: 43858 | D14: 43826 | E14: 42.91252 | F14: 95.017897 | G14: 296.04245 | H14: 431.5083 | I14: 580.08745 | K14: 3.2181 | L14: 20.8997 | M14: 175.9939 | N14: 304.6653 | O14: 447.8351
A15: =+A14+1 -> 5 | B15: 3 | C15: 43859 | D15: 43829 | E15: 40.488412 | F15: 89.582367 | G15: 278.26011 | H15: 405.41916 | I15: 544.95675 | K15: 3.2181 | L15: 20.5935 | M15: 172.5929 | N15: 300.4911 | O15: 435.6548
A16: =+A15+1 -> 6 | B16: 4 | C16: 43860 | D16: 43830 | E16: 40.382491 | F16: 89.422625 | G16: 277.91878 | H16: 405.04664 | I16: 544.65951 | K16: 3.0873 | L16: 22.4671 | M16: 174.1292 | N16: 302.0274 | O16: 437.1911
A17: =+A16+1 -> 7 | B17: 5 | C17: 43861 | D17: 43832 | E17: 38.942995 | F17: 86.310599 | G17: 268.14441 | H17: 390.94124 | I17: 526.01448 | K17: 3.192 | L17: 23.8031 | M17: 169.2933 | N17: 292.1915 | O17: 422.3552
A18: =+A17+1 -> 8 | B18: 6 | C18: 43864 | D18: 43833 | E18: 40.868246 | F18: 91.064397 | G18: 284.18259 | H18: 414.90285 | I18: 559.18124 | K18: 3.2032 | L18: 24.1144 | M18: 182.2955 | N18: 310.8467 | O18: 450.2653
A19: =+A18+1 -> 9 | B19: 7 | C19: 43865 | D19: 43836 | E19: 37.575932 | F19: 84.090963 | G19: 263.80494 | H19: 385.74611 | I19: 520.70644 | K19: 3.2032 | L19: 24.0883 | M19: 167.6656 | N19: 281.5603 | O19: 409.0337
A20: =+A19+1 -> 10 | B20: 8 | C20: 43866 | D20: 43837 | E20: 37.130839 | F20: 83.282163 | G20: 262.19371 | H20: 383.82254 | I20: 518.6653 | K20: 3.2632 | L20: 24.4617 | M20: 167.3567 | N20: 280.5502 | O20: 407.5922
A21: =+A20+1 -> 11 | B21: 9 | C21: 43867 | D21: 43838 | E21: 36.67209 | F21: 82.394096 | G21: 260.39718 | H21: 381.66416 | I21: 516.34317 | K21: 8.1537 | L21: 33.9676 | M21: 180.6141 | N21: 293.8076 | O21: 420.8496
A22: =+A21+1 -> 12 | B22: 10 | C22: 43868 | D22: 43839 | E22: 36.182375 | F22: 81.451369 | G22: 258.44911 | H22: 379.33129 | I22: 513.82331 | K22: 12.2897 | L22: 43.0748 | M22: 196.0389 | N22: 309.2324 | O22: 436.2744
A23: =+A22+1 -> 13 | B23: 11 | C23: 43871 | D23: 43840 | E23: 37.578741 | F23: 84.922383 | G23: 271.46788 | H23: 399.53916 | I23: 542.60178 | K23: 12.2897 | L23: 43.2727 | M23: 208.4856 | N23: 331.6107 | O23: 469.3776
A24: =+A23+1 -> 14 | B24: 12 | C24: 43872 | D24: 43841 | E24: 37.097785 | F24: 83.937838 | G24: 269.25259 | H24: 396.85104 | I24: 539.63734 | K24: 12.3367 | L24: 43.6025 | M24: 216.9414 | N24: 344.3075 | O24: 486.436
... A33: =+A32+1 -> 23 | B33: 21 | C33: 43885 | D33: 43854 | E33: 31.607553 | F33: 72.260942 | G33: 238.14072 | H33: 356.5476 | I33: 493.01558 | K33: 13.1822 | L33: 49.5495 | M33: 227.5718 | N33: 355.0608 | O33: 497.8094
A34: =+A33+1 -> 24
A35: =+A34+1 -> 25 | B35: Billed Month Degree Days | E35: =AVERAGE(E13:E33) -> 36.590047 | F35: =AVERAGE(F13:F33) -> 82.360853 | G35: =AVERAGE(G13:G33) -> 262.47429 | H35: =AVERAGE(H13:H33) -> 386.31078 | I35: =AVERAGE(I13:I33) -> 524.75188 | K35: =AVERAGE(K13:K33) -> 8.4019571 | L35: =AVERAGE(L13:L33) -> 35.749862 | M35: =AVERAGE(M13:M33) -> 198.13076 | N35: =AVERAGE(N13:N33) -> 321.43893 | O35: =AVERAGE(O13:O33) -> 458.08657

Sheet Billed Aug 20 CDD
B1: =+RES!B1 -> PUC DOCKET NO.
B2: =+RES!B2 -> ONCOR ELECTRIC DELIVERY COMPANY LLC
B3: =+RES!B3 -> ADJUSTED WEATHER STATION DATA
B4: =+RES!B4 -> FOR THE TEST YEAR ENDING DECEMBER 31, 2021
B6: =+RES!B6 -> SPONSOR: D. E. NELSON
B8: RESIDENTIAL AUGUST 2020 BILLING MONTH COOLING DEGREE DAYS
A9: Line
A10: No.
A11: 1 | B11: Billing | C11: Read | D11: Cycle | E11: Normal Cooling Degree Days | J11: Actual Cooling Degree Days
A12: =+A11+1 -> 2 | B12: Cycle | C12: Day | D12: Start | E12: Base 65 | F12: Base 70 | G12: Base 75 | H12: Base 80 | J12: Base 65 | K12: Base 70 | L12: Base 75 | M12: Base 80
A13: =+A12+1 -> 3 | B13: 1 | C13: 44039 | D13: 44006 | E13: 651.79198 | F13: 486.69533 | G13: 322.76298 | H13: 168.86079 | J13: 661.0522 | K13: 495.8872 | L13: 330.7222 | M13: 167.743
A14: =+A13+1 -> 4 | B14: 2 | C14: 44040 | D14: 44007 | E14: 655.05014 | F14: 489.95626 | G14: 326.00119 | H14: 171.75109 | J14: 664.2229 | K14: 499.0579 | L14: 333.8929 | M14: 170.3228
A15: =+A14+1 -> 5 | B15: 3 | C15: 44041 | D15: 44008 | E15: 658.16965 | F15: 493.07853 | G15: 329.10511 | H15: 174.55294 | J15: 662.9505 | K15: 497.7855 | L15: 332.6205 | M15: 170.0062
A16: =+A15+1 -> 6 | B16: 4 | C16: 44042 | D16: 44011 | E16: 624.01876 | F16: 468.94034 | G16: 314.87977 | H16: 169.11286 | J16: 629.1289 | K16: 473.9739 | L16: 318.8189 | M16: 166.0305
A17: =+A16+1 -> 7 | B17: 5 | C17: 44043 | D17: 44012 | E17: 626.56251 | F17: 471.48718 | G17: 317.42623 | H17: 171.44616 | J17: 629.9805 | K17: 474.8255 | L17: 319.6705 | M17: 166.8821
A18: =+A17+1 -> 8 | B18: 6 | C18: 44046 | D18: 44013 | E18: 671.55488 | F18: 506.47627 | G18: 342.45172 | H18: 186.75328 | J18: 661.739 | K18: 496.574 | L18: 331.409 | M18: 168.8913
A19: =+A18+1 -> 9 | B19: 7 | C19: 44047 | D19: 44014 | E19: 673.90995 | F19: 508.83234 | G19: 344.79068 | H19: 188.90184 | J19: 658.4374 | K19: 493.2724 | L19: 328.1074 | M19: 165.6779
A20: =+A19+1 -> 10 | B20: 8 | C20: 44048 | D20: 44019 | E20: 599.26812 | F20: 454.20512 | G20: 310.01641 | H20: 172.42486 | J20: 583.428 | K20: 438.283 | L20: 293.138 | M20: 150.3598
A21: =+A20+1 -> 11 | B21: 9 | C21: 44049 | D21: 44020 | E21: 600.82544 | F21: 455.76291 | G21: 311.56146 | H21: 173.87786 | J21: 586.1091 | K21: 440.9641 | L21: 295.8444 | M21: 152.899
A22: =+A21+1 -> 12 | B22: 10 | C22: 44050 | D22: 44021 | E22: 602.19463 | F22: 457.13257 | G22: 312.92199 | H22: 175.17991 | J22: 587.1448 | K22: 441.9998 | L22: 296.8801 | M22: 153.9347
A23: =+A22+1 -> 13 | B23: 11 | C23: 44053 | D23: 44022 | E23: 645.34031 | F23: 490.2728 | G23: 336.10367 | H23: 188.92643 | J23: 633.3386 | K23: 478.1836 | L23: 323.0539 | M23: 170.0985
A24: =+A23+1 -> 14 | B24: 12 | C24: 44054 | D24: 44025 | E24: 606.7152 | F24: 461.65139 | G24: 317.39977 | H24: 179.55193 | J24: 589.3172 | K24: 444.1722 | L24: 299.0525 | M24: 156.1071
... A33: =+A32+1 -> 23 | B33: 21 | C33: 44067 | D33: 44036 | E33: 644.93822 | F33: 489.84342 | G33: 335.74963 | H33: 190.21563 | J33: 622.512 | K33: 467.357 | L33: 312.2273 | M33: 159.748
A34: =+A33+1 -> 24
A35: =+A34+1 -> 25 | B35: Billed Month Degree Days | E35: =AVERAGE(E13:E33) -> 627.23665 | F35: =AVERAGE(F13:F33) -> 475.01567 | G35: =AVERAGE(G13:G33) -> 323.7187 | H35: =AVERAGE(H13:H33) -> 179.94669 | J35: =AVERAGE(J13:J33) -> 616.7744 | K35: =AVERAGE(K13:K33) -> 464.4794 | L35: =AVERAGE(L13:L33) -> 312.20006 | M35: =AVERAGE(M13:M33) -> 162.21005

Sheet Billed Feb 21 HDD
B1: =+RES!B1 -> PUC DOCKET NO.
B2: =+RES!B2 -> ONCOR ELECTRIC DELIVERY COMPANY LLC
B3: =+RES!B3 -> ADJUSTED WEATHER STATION DATA
B4: =+RES!B4 -> FOR THE TEST YEAR ENDING DECEMBER 31, 2021
B6: =+RES!B6 -> SPONSOR: D. E. NELSON
B8: RESIDENTIAL FEBRUARY 2021 BILLING MONTH HEATINGING DEGREE DAYS
A9: Line
A10: No.
A11: 1 | B11: Billing | C11: Read | D11: Cycle | E11: Normal Heating Degree Days | K11: Actual Heating Degree Days
A12: =+A11+1 -> 2 | B12: Cycle | C12: Day | D12: Start | E12: Base 40 | F12: Base 45 | G12: Base 55 | H12: Base 60 | I12: Base 65 | K12: Base 40 | L12: Base 45 | M12: Base 55 | N12: Base 60 | O12: Base 65
A13: =+A12+1 -> 3 | B13: 1 | C13: 44219 | D13: 44187 | E13: 42.688971 | F13: 94.535724 | G13: 295.79056 | H13: 431.17568 | I13: 579.52854 | K13: 14.7883 | L13: 55.2771 | M13: 256.9754 | N13: 402.8409 | O13: 560.5627
A14: =+A13+1 -> 4 | B14: 2 | C14: 44221 | D14: 44188 | E14: 43.943088 | F14: 97.36444 | G14: 304.64478 | H14: 444.24208 | I14: 597.27787 | K14: 14.7883 | L14: 55.2771 | M14: 261.9692 | N14: 412.8646 | O14: 575.1547
A15: =+A14+1 -> 5 | B15: 3 | C15: 44222 | D15: 44193 | E15: 39.338575 | F15: 86.80425 | G15: 269.42457 | H15: 392.37647 | I15: 527.05097 | K15: 14.513 | L15: 51.1201 | M15: 235.222 | N15: 367.0964 | O15: 508.813
A16: =+A15+1 -> 6 | B16: 4 | C16: 44223 | D16: 44194 | E16: 39.326007 | F16: 86.831853 | G16: 269.43864 | H16: 392.40688 | I16: 527.17415 | K16: 14.567 | L16: 51.4287 | M16: 240.7888 | N16: 373.0116 | O16: 514.881
A17: =+A16+1 -> 7 | B17: 5 | C17: 44224 | D17: 44195 | E17: 39.286777 | F17: 86.807652 | G17: 269.33135 | H17: 392.29912 | I17: 527.15857 | K17: 14.7282 | L17: 53.7004 | M17: 252.0807 | N17: 389.2518 | O17: 532.4386
A18: =+A17+1 -> 8 | B18: 6 | C18: 44225 | D18: 44196 | E18: 39.214376 | F18: 86.714566 | G18: 269.10761 | H18: 392.07011 | I18: 527.01951 | K18: 16.3293 | L18: 59.476 | M18: 262.2005 | N18: 399.8651 | O18: 543.2126
A19: =+A18+1 -> 9 | B19: 7 | C19: 44228 | D19: 44200 | E19: 37.274568 | F19: 82.845138 | G19: 257.91547 | H19: 376.3048 | I19: 506.77219 | K19: 11.6096 | L19: 43.5008 | M19: 222.5885 | N19: 350.5092 | O19: 486.7987
A20: =+A19+1 -> 10 | B20: 8 | C20: 44229 | D20: 44201 | E20: 36.96273 | F20: 82.328493 | G20: 256.89057 | H20: 375.06909 | I20: 505.51537 | K20: 11.6096 | L20: 43.6379 | M20: 227.4032 | N20: 355.3239 | O20: 491.6134
A21: =+A20+1 -> 11 | B21: 9 | C21: 44230 | D21: 44202 | E21: 36.547936 | F21: 81.645881 | G21: 255.63275 | H21: 373.59637 | I21: 504.00471 | K21: 11.6096 | L21: 43.6721 | M21: 227.7222 | N21: 355.7099 | O21: 491.9994
A22: =+A21+1 -> 12 | B22: 10 | C22: 44231 | D22: 44203 | E22: 36.107914 | F22: 80.873013 | G22: 254.14199 | H22: 371.83708 | I22: 502.16687 | K22: 11.6096 | L22: 43.6208 | M22: 225.8683 | N22: 352.9004 | O22: 489.0387
A23: =+A22+1 -> 13 | B23: 11 | C23: 44232 | D23: 44204 | E23: 35.678852 | F23: 80.05688 | G23: 252.50033 | H23: 369.87646 | I23: 500.0838 | K23: 11.5868 | L23: 43.1223 | M23: 216.616 | N23: 340.6812 | O23: 476.2356
A24: =+A23+1 -> 14 | B24: 12 | C24: 44235 | D24: 44205 | E24: 37.163478 | F24: 83.748239 | G24: 266.17762 | H24: 390.90529 | I24: 529.82164 | K24: 11.1417 | L24: 40.7406 | M24: 227.2725 | N24: 361.2729 | O24: 506.8273
... A33: =+A32+1 -> 23 | B33: 21 | C33: 44249 | D33: 44218 | E33: 32.672734 | F33: 74.694271 | G33: 245.18734 | H33: 365.75977 | I33: 503.70934 | K33: 186.9448 | L33: 253.3428 | M33: 463.2869 | N33: 601.9685 | O33: 752.5713
A34: =+A33+1 -> 24
A35: =+A34+1 -> 25 | B35: Billed Month Degree Days | E35: =AVERAGE(E13:E33) -> 36.445793 | F35: =AVERAGE(F13:F33) -> 81.779997 | G35: =AVERAGE(G13:G33) -> 259.42263 | H35: =AVERAGE(H13:H33) -> 380.97552 | I35: =AVERAGE(I13:I33) -> 516.27681 | K35: =AVERAGE(K13:K33) -> 47.341881 | L35: =AVERAGE(L13:L33) -> 84.127257 | M35: =AVERAGE(M13:M33) -> 271.40153 | N35: =AVERAGE(N13:N33) -> 404.00081 | O35: =AVERAGE(O13:O33) -> 547.15888

Sheet Billed Aug 21 CDD
B1: =+RES!B1 -> PUC DOCKET NO.
B2: =+RES!B2 -> ONCOR ELECTRIC DELIVERY COMPANY LLC
B3: =+RES!B3 -> ADJUSTED WEATHER STATION DATA
B4: =+RES!B4 -> FOR THE TEST YEAR ENDING DECEMBER 31, 2021
B6: =+RES!B6 -> SPONSOR: D. E. NELSON
B8: RESIDENTIAL AUGUST 2021 BILLING MONTH COOLING DEGREE DAYS
A9: Line
A10: No.
A11: 1 | B11: Billing | C11: Read | D11: Cycle | E11: Normal Cooling Degree Days | J11: Actual Cooling Degree Days
A12: =+A11+1 -> 2 | B12: Cycle | C12: Day | D12: Start | E12: Base 65 | F12: Base 70 | G12: Base 75 | H12: Base 80 | J12: Base 65 | K12: Base 70 | L12: Base 75 | M12: Base 80
A13: =+A12+1 -> 3 | B13: 1 | C13: 44404 | D13: 44371 | E13: 651.79198 | F13: 486.69533 | G13: 322.76298 | H13: 168.86079 | J13: 579.5909 | K13: 414.5659 | L13: 250.2967 | M13: 98.4316
A14: =+A13+1 -> 4 | B14: 2 | C14: 44405 | D14: 44372 | E14: 655.05014 | F14: 489.95626 | G14: 326.00119 | H14: 171.75109 | J14: 581.2594 | K14: 416.2344 | L14: 251.9652 | M14: 100.1001
A15: =+A14+1 -> 5 | B15: 3 | C15: 44406 | D15: 44375 | E15: 621.3334 | F15: 466.25193 | G15: 312.19524 | H15: 166.65708 | J15: 542.8511 | K15: 387.6961 | L15: 233.1737 | M15: 91.0302
A16: =+A15+1 -> 6 | B16: 4 | C16: 44407 | D16: 44376 | E16: 624.01876 | F16: 468.94034 | G16: 314.87977 | H16: 169.11286 | J16: 552.4458 | K16: 397.2908 | L16: 242.522 | M16: 98.0106
A17: =+A16+1 -> 7 | B17: 5 | C17: 44410 | D17: 44377 | E17: 669.08469 | F17: 504.00446 | G17: 339.99128 | H17: 184.49905 | J17: 603.1382 | K17: 437.9732 | L17: 273.0768 | M17: 117.8717
A18: =+A17+1 -> 8 | B18: 6 | C18: 44411 | D18: 44378 | E18: 671.55488 | F18: 506.47627 | G18: 342.45172 | H18: 186.75328 | J18: 600.6026 | K18: 435.4376 | L18: 270.6352 | M18: 116.1923
A19: =+A18+1 -> 9 | B19: 7 | C19: 44412 | D19: 44383 | E19: 597.52057 | F19: 452.45712 | G19: 308.28769 | H19: 170.81485 | J19: 536.4038 | K19: 391.2588 | L19: 246.4876 | M19: 110.1151
A20: =+A19+1 -> 10 | B20: 8 | C20: 44413 | D20: 44384 | E20: 599.26812 | F20: 454.20512 | G20: 310.01641 | H20: 172.42486 | J20: 536.7838 | K20: 391.6388 | L20: 246.8676 | M20: 110.3855
A21: =+A20+1 -> 11 | B21: 9 | C21: 44414 | D21: 44385 | E21: 600.82544 | F21: 455.76291 | G21: 311.56146 | H21: 173.87786 | J21: 535.9759 | K21: 390.8309 | L21: 246.0597 | M21: 109.5434
A22: =+A21+1 -> 12 | B22: 10 | C22: 44417 | D22: 44386 | E22: 644.07707 | F22: 489.00908 | G22: 334.84965 | H22: 187.71268 | J22: 577.1551 | K22: 422.0001 | L22: 267.2189 | M22: 120.4609
A23: =+A22+1 -> 13 | B23: 11 | C23: 44418 | D23: 44389 | E23: 605.68722 | F23: 460.62501 | G23: 316.38365 | H23: 178.55383 | J23: 548.9709 | K23: 403.8259 | L23: 259.0547 | M23: 121.1353
A24: =+A23+1 -> 14 | B24: 12 | C24: 44419 | D24: 44390 | E24: 606.7152 | F24: 461.65139 | G24: 317.39977 | H24: 179.55193 | J24: 556.1618 | K24: 411.0168 | L24: 266.1199 | M24: 127.0916
... A33: =+A32+1 -> 23 | B33: 21 | C33: 44432 | D33: 44403 | E33: 602.4335 | F33: 457.34223 | G33: 313.1968 | H33: 177.2746 | J33: 560.0964 | K33: 414.9514 | L33: 270.3754 | M33: 134.9422
A34: =+A33+1 -> 24
A35: =+A34+1 -> 25 | B35: Billed Month Degree Days | E35: =AVERAGE(E13:E33) -> 623.84233 | F35: =AVERAGE(F13:F33) -> 472.57422 | G35: =AVERAGE(G13:G33) -> 322.22314 | H35: =AVERAGE(H13:H33) -> 179.33777 | J35: =AVERAGE(J13:J33) -> 565.64689 | K35: =AVERAGE(K13:K33) -> 414.31855 | L35: =AVERAGE(L13:L33) -> 263.43662 | M35: =AVERAGE(M13:M33) -> 121.07365

Sheet Spline Degree Days 2020
B1: =+RES!B1 -> PUC DOCKET NO.
B2: =+RES!B2 -> ONCOR ELECTRIC DELIVERY COMPANY LLC
B3: =+RES!B3 -> ADJUSTED WEATHER STATION DATA
B4: =+RES!B4 -> FOR THE TEST YEAR ENDING DECEMBER 31, 2021
B6: =+RES!B6 -> SPONSOR: D. E. NELSON
B8: RESIDENTIAL SPLINE WEIGHTING
A9: Line
A10: No.
A11: 1 | B11: 43862
A12: =+A11+1 -> 2 | B12: Residential Heating Degree Days
A13: =+A12+1 -> 3 | B13: Base | C13: Actual | D13: Normal | E13: Spline Weight | F13: Actual Contribution | G13: Normal Contribution
A14: =+A13+1 -> 4 | B14: Base40 | C14: {=TRANSPOSE('Billed Feb 20 HDD'!K35:O35)} -> 8.4019571 | D14: {=TRANSPOSE('Billed Feb 20 HDD'!E35:I35)} -> 36.590047 | E14: =+'Class Spline Weights'!D16 -> 0.22831 | F14: =+C14*$E14 -> 1.9182508 | G14: =+D14*$E14 -> 8.3538737
A15: =+A14+1 -> 5 | B15: Base45 | C15: 35.749862 | D15: 82.360853 | E15: =+'Class Spline Weights'!D15 -> 0.16279 | F15: =+C15*$E15 -> 5.81972 | G15: =+D15*$E15 -> 13.407523
A16: =+A15+1 -> 6 | B16: Base55 | C16: 198.13076 | D16: 262.47429 | E16: =+'Class Spline Weights'!D14 -> 0.35063 | F16: =+C16*$E16 -> 69.470587 | G16: =+D16*$E16 -> 92.031359
B17: Base60 | C17: 321.43893 | D17: 386.31078 | E17: =+'Class Spline Weights'!D13 -> 0.18275 | F17: =+C17*$E17 -> 58.742964 | G17: =+D17*$E17 -> 70.598296
A18: =+A16+1 -> 7 | B18: Base65 | C18: 458.08657 | D18: 524.75188 | E18: =+'Class Spline Weights'!D12 -> 0.07552 | F18: =+C18*$E18 -> 34.594698 | G18: =+D18*$E18 -> 39.629262
A19: =+A18+1 -> 8 | B19: Residential February 2020 Heating Degree Days | F19: =ROUND(SUM(F14:F18),2) -> 170.55 | G19: =ROUND(SUM(G14:G18),2) -> 224.02
A20: =+A19+1 -> 9
A21: =+A20+1 -> 10 | B21: 44044
A22: =+A21+1 -> 11 | B22: Residential Cooling Degree Days
A23: =+A22+1 -> 12 | B23: Base | C23: Actual | D23: Normal | E23: Spline Weight | F23: Actual Contribution | G23: Normal Contribution
A24: =+A23+1 -> 13 | B24: Base65 | C24: {=TRANSPOSE('Billed Aug 20 CDD'!J35:M35)} -> 616.7744 | D24: {=TRANSPOSE('Billed Aug 20 CDD'!E35:H35)} -> 627.23665 | E24: =+'Class Spline Weights'!H13 -> 0.26171 | F24: =+C24*$E24 -> 161.41603 | G24: =+D24*$E24 -> 164.1541
A25: =+A24+1 -> 14 | B25: Base70 | C25: 464.4794 | D25: 475.01567 | E25: =+'Class Spline Weights'!H14 -> 0.37145 | F25: =+C25*$E25 -> 172.53087 | G25: =+D25*$E25 -> 176.44457
B26: Base75 | C26: 312.20006 | D26: 323.7187 | E26: =+'Class Spline Weights'!H15 -> 0.27977 | F26: =+C26*$E26 -> 87.344211 | G26: =+D26*$E26 -> 90.566782
A27: =+A25+1 -> 15 | B27: Base80 | C27: 162.21005 | D27: 179.94669 | E27: =+'Class Spline Weights'!H16 -> 0.08708 | F27: =+C27*$E27 -> 14.125251 | G27: =+D27*$E27 -> 15.669758
A28: =+A27+1 -> 16 | B28: Residential August 2020 Cooling Degree Days | F28: =ROUND(SUM(F24:F27),2) -> 435.42 | G28: =ROUND(SUM(G24:G27),2) -> 446.84

Sheet Spline Degree Days 2021
B1: =+RES!B1 -> PUC DOCKET NO.
B2: =+RES!B2 -> ONCOR ELECTRIC DELIVERY COMPANY LLC
B3: =+RES!B3 -> ADJUSTED WEATHER STATION DATA
B4: =+RES!B4 -> FOR THE TEST YEAR ENDING DECEMBER 31, 2021
B6: =+RES!B6 -> SPONSOR: D. E. NELSON
B8: RESIDENTIAL SPLINE WEIGHTING
A9: Line
A10: No.
A11: 1 | B11: 44228
A12: =+A11+1 -> 2 | B12: Residential Heating Degree Days
A13: =+A12+1 -> 3 | B13: Base | C13: Actual | D13: Normal | E13: Spline Weight | F13: Actual Contribution | G13: Normal Contribution
A14: =+A13+1 -> 4 | B14: Base40 | C14: {=TRANSPOSE('Billed Feb 21 HDD'!K35:O35)} -> 47.341881 | D14: {=TRANSPOSE('Billed Feb 21 HDD'!E35:I35)} -> 36.445793 | E14: =+'Class Spline Weights'!D16 -> 0.22831 | F14: =+C14*$E14 -> 10.808625 | G14: =+D14*$E14 -> 8.320939
A15: =+A14+1 -> 5 | B15: Base45 | C15: 84.127257 | D15: 81.779997 | E15: =+'Class Spline Weights'!D15 -> 0.16279 | F15: =+C15*$E15 -> 13.695076 | G15: =+D15*$E15 -> 13.312966
A16: =+A15+1 -> 6 | B16: Base55 | C16: 271.40153 | D16: 259.42263 | E16: =+'Class Spline Weights'!D14 -> 0.35063 | F16: =+C16*$E16 -> 95.16152 | G16: =+D16*$E16 -> 90.961358
B17: Base60 | C17: 404.00081 | D17: 380.97552 | E17: =+'Class Spline Weights'!D13 -> 0.18275 | F17: =+C17*$E17 -> 73.831148 | G17: =+D17*$E17 -> 69.623276
A18: =+A16+1 -> 7 | B18: Base65 | C18: 547.15888 | D18: 516.27681 | E18: =+'Class Spline Weights'!D12 -> 0.07552 | F18: =+C18*$E18 -> 41.321438 | G18: =+D18*$E18 -> 38.989225
A19: =+A18+1 -> 8 | B19: Residential February 2021 Heating Degree Days | F19: =ROUND(SUM(F14:F18),2) -> 234.82 | G19: =ROUND(SUM(G14:G18),2) -> 221.21
A20: =+A19+1 -> 9
A21: =+A20+1 -> 10 | B21: 44409
A22: =+A21+1 -> 11 | B22: Residential Cooling Degree Days
A23: =+A22+1 -> 12 | B23: Base | C23: Actual | D23: Normal | E23: Spline Weight | F23: Actual Contribution | G23: Normal Contribution
A24: =+A23+1 -> 13 | B24: Base65 | C24: {=TRANSPOSE('Billed Aug 21 CDD'!J35:M35)} -> 565.64689 | D24: {=TRANSPOSE('Billed Aug 21 CDD'!E35:H35)} -> 623.84233 | E24: =+'Class Spline Weights'!H13 -> 0.26171 | F24: =+C24*$E24 -> 148.03545 | G24: =+D24*$E24 -> 163.26578
A25: =+A24+1 -> 14 | B25: Base70 | C25: 414.31855 | D25: 472.57422 | E25: =+'Class Spline Weights'!H14 -> 0.37145 | F25: =+C25*$E25 -> 153.89863 | G25: =+D25*$E25 -> 175.53769
B26: Base75 | C26: 263.43662 | D26: 322.22314 | E26: =+'Class Spline Weights'!H15 -> 0.27977 | F26: =+C26*$E26 -> 73.701664 | G26: =+D26*$E26 -> 90.148368
A27: =+A25+1 -> 15 | B27: Base80 | C27: 121.07365 | D27: 179.33777 | E27: =+'Class Spline Weights'!H16 -> 0.08708 | F27: =+C27*$E27 -> 10.543094 | G27: =+D27*$E27 -> 15.616733
A28: =+A27+1 -> 16 | B28: Residential August 2021 Cooling Degree Days | F28: =ROUND(SUM(F24:F27),2) -> 386.18 | G28: =ROUND(SUM(G24:G27),2) -> 444.57

Sheet Res Seasonal Weights
B1: =+RES!B1 -> PUC DOCKET NO.
B2: =+RES!B2 -> ONCOR ELECTRIC DELIVERY COMPANY LLC
B3: =+RES!B3 -> ADJUSTED WEATHER STATION DATA
B4: =+RES!B4 -> FOR THE TEST YEAR ENDING DECEMBER 31, 2021
B6: =+RES!B6 -> SPONSOR: D. E. NELSON
B8: WEATHER WEIGHTS
B9: RESIDENTIAL MONTHLY WEIGHTS
A10: Line | B10: (a) | D10: (b) | E10: (c) | F10: (d) | G10: (e) | H10: (f) | I10: (g) | J10: (h) | K10: (i) | L10: (j) | M10: (k) | N10: (l) | O10: (m) | P10: (n)
A11: No. | B11: Weather Station | D11: 36892 | E11: 36923 | F11: 36951 | G11: 36982 | H11: 37012 | I11: 37043 | J11: 37073 | K11: 37104 | L11: 37135 | M11: 37165 | N11: 37196 | O11: 37226 | P11: Annual
A12: 1 | B12: Dallas-Fort Worth | D12: =+'[5]Res Seasonal Weights'!D11 -> 0.68709956 | E12: =+'[5]Res Seasonal Weights'!E11 -> 0.68879318 | F12: =+'[5]Res Seasonal Weights'!F11 -> 0.69243574 | G12: =+'[5]Res Seasonal Weights'!G11 -> 0.69209896 | H12: =+'[5]Res Seasonal Weights'!H11 -> 0.69628509 | I12: =+'[5]Res Seasonal Weights'!I11 -> 0.7026699 | J12: =+'[5]Res Seasonal Weights'!J11 -> 0.70950311 | K12: =+'[5]Res Seasonal Weights'!K11 -> 0.7084686 | ... P12: =+'[5]Res Seasonal Weights'!P11 -> 0.69872108
A13: =+A12+1 -> 2 | B13: Midland-Odessa | D13: =+'[5]Res Seasonal Weights'!D12 -> 0.056560098 | E13: =+'[5]Res Seasonal Weights'!E12 -> 0.055646288 | F13: =+'[5]Res Seasonal Weights'!F12 -> 0.05481438 | G13: =+'[5]Res Seasonal Weights'!G12 -> 0.056031992 | H13: =+'[5]Res Seasonal Weights'!H12 -> 0.058727011 | I13: =+'[5]Res Seasonal Weights'!I12 -> 0.056896675 | J13: =+'[5]Res Seasonal Weights'!J12 -> 0.056319089 | K13: =+'[5]Res Seasonal Weights'!K12 -> 0.054634107 | ... P13: =+'[5]Res Seasonal Weights'!P12 -> 0.055724565
A14: =+A13+1 -> 3 | B14: Lufkin | D14: =+'[5]Res Seasonal Weights'!D13 -> 0.029688635 | E14: =+'[5]Res Seasonal Weights'!E13 -> 0.029742559 | F14: =+'[5]Res Seasonal Weights'!F13 -> 0.027267064 | G14: =+'[5]Res Seasonal Weights'!G13 -> 0.028030843 | H14: =+'[5]Res Seasonal Weights'!H13 -> 0.026948349 | I14: =+'[5]Res Seasonal Weights'!I13 -> 0.02651301 | J14: =+'[5]Res Seasonal Weights'!J13 -> 0.025176696 | K14: =+'[5]Res Seasonal Weights'!K13 -> 0.024758861 | ... P14: =+'[5]Res Seasonal Weights'!P13 -> 0.02698467
A15: =+A14+1 -> 4 | B15: Abilene | D15: =+'[5]Res Seasonal Weights'!D14 -> 0.01465283 | E15: =+'[5]Res Seasonal Weights'!E14 -> 0.014253049 | F15: =+'[5]Res Seasonal Weights'!F14 -> 0.013643821 | G15: =+'[5]Res Seasonal Weights'!G14 -> 0.013241611 | H15: =+'[5]Res Seasonal Weights'!H14 -> 0.012815129 | I15: =+'[5]Res Seasonal Weights'!I14 -> 0.012518242 | J15: =+'[5]Res Seasonal Weights'!J14 -> 0.012526363 | K15: =+'[5]Res Seasonal Weights'!K14 -> 0.012298306 | ... P15: =+'[5]Res Seasonal Weights'!P14 -> 0.013001239
A16: =+A15+1 -> 5 | B16: Sherman-Dennison | D16: =+'[5]Res Seasonal Weights'!D15 -> 0.026842543 | E16: =+'[5]Res Seasonal Weights'!E15 -> 0.028176525 | F16: =+'[5]Res Seasonal Weights'!F15 -> 0.0278976 | G16: =+'[5]Res Seasonal Weights'!G15 -> 0.025985295 | H16: =+'[5]Res Seasonal Weights'!H15 -> 0.023497178 | I16: =+'[5]Res Seasonal Weights'!I15 -> 0.021989329 | J16: =+'[5]Res Seasonal Weights'!J15 -> 0.022877952 | K16: =+'[5]Res Seasonal Weights'!K15 -> 0.02350872 | ... P16: =+'[5]Res Seasonal Weights'!P15 -> 0.024726041
A17: =+A16+1 -> 6 | B17: Killeen-Temple | D17: =+'[5]Res Seasonal Weights'!D16 -> 0.052662426 | E17: =+'[5]Res Seasonal Weights'!E16 -> 0.051389227 | F17: =+'[5]Res Seasonal Weights'!F16 -> 0.051150749 | G17: =+'[5]Res Seasonal Weights'!G16 -> 0.048580007 | H17: =+'[5]Res Seasonal Weights'!H16 -> 0.046802378 | I17: =+'[5]Res Seasonal Weights'!I16 -> 0.045186052 | J17: =+'[5]Res Seasonal Weights'!J16 -> 0.042879856 | K17: =+'[5]Res Seasonal Weights'!K16 -> 0.043488336 | ... P17: =+'[5]Res Seasonal Weights'!P16 -> 0.047133936
A18: =+A17+1 -> 7 | B18: Waco | D18: =+'[5]Res Seasonal Weights'!D17 -> 0.039296716 | E18: =+'[5]Res Seasonal Weights'!E17 -> 0.039822223 | F18: =+'[5]Res Seasonal Weights'!F17 -> 0.040258223 | G18: =+'[5]Res Seasonal Weights'!G17 -> 0.037574406 | H18: =+'[5]Res Seasonal Weights'!H17 -> 0.036258187 | I18: =+'[5]Res Seasonal Weights'!I17 -> 0.035367661 | J18: =+'[5]Res Seasonal Weights'!J17 -> 0.034672013 | K18: =+'[5]Res Seasonal Weights'!K17 -> 0.03606507 | ... P18: =+'[5]Res Seasonal Weights'!P17 -> 0.037392541
A19: =+A18+1 -> 8 | B19: Wichita Falls. | D19: =+'[5]Res Seasonal Weights'!D18 -> 0.020046388 | E19: =+'[5]Res Seasonal Weights'!E18 -> 0.02005032 | F19: =+'[5]Res Seasonal Weights'!F18 -> 0.020038562 | G19: =+'[5]Res Seasonal Weights'!G18 -> 0.019308588 | H19: =+'[5]Res Seasonal Weights'!H18 -> 0.018558901 | I19: =+'[5]Res Seasonal Weights'!I18 -> 0.018128872 | J19: =+'[5]Res Seasonal Weights'!J18 -> 0.018964083 | K19: =+'[5]Res Seasonal Weights'!K18 -> 0.019329542 | ... P19: =+'[5]Res Seasonal Weights'!P18 -> 0.01916035
A20: =+A19+1 -> 9 | B20: Longview | D20: =+'[5]Res Seasonal Weights'!D19 -> 0.038966903 | E20: =+'[5]Res Seasonal Weights'!E19 -> 0.039325245 | F20: =+'[5]Res Seasonal Weights'!F19 -> 0.038164762 | G20: =+'[5]Res Seasonal Weights'!G19 -> 0.037615111 | H20: =+'[5]Res Seasonal Weights'!H19 -> 0.036292026 | I20: =+'[5]Res Seasonal Weights'!I19 -> 0.035532292 | J20: =+'[5]Res Seasonal Weights'!J19 -> 0.034480561 | K20: =+'[5]Res Seasonal Weights'!K19 -> 0.034571142 | ... P20: =+'[5]Res Seasonal Weights'!P19 -> 0.036488214
A21: =+A20+1 -> 10 | B21: Austin | D21: =+'[5]Res Seasonal Weights'!D20 -> 0.034183904 | E21: =+'[5]Res Seasonal Weights'!E20 -> 0.032801387 | F21: =+'[5]Res Seasonal Weights'!F20 -> 0.034329096 | G21: =+'[5]Res Seasonal Weights'!G20 -> 0.041533186 | H21: =+'[5]Res Seasonal Weights'!H20 -> 0.043815749 | I21: =+'[5]Res Seasonal Weights'!I20 -> 0.045197967 | J21: =+'[5]Res Seasonal Weights'!J20 -> 0.042600273 | K21: =+'[5]Res Seasonal Weights'!K20 -> 0.042877318 | ... P21: =+'[5]Res Seasonal Weights'!P20 -> 0.040667364
A22: =+A21+1 -> 11 | D22: =SUM(D12:D21) -> 1 | E22: =SUM(E12:E21) -> 1 | F22: =SUM(F12:F21) -> 1 | G22: =SUM(G12:G21) -> 1 | H22: =SUM(H12:H21) -> 1 | I22: =SUM(I12:I21) -> 1 | J22: =SUM(J12:J21) -> 1 | K22: =SUM(K12:K21) -> 1 | ... P22: =SUM(P12:P21) -> 1
A23: =+A22+1 -> 12
A24: =+A23+1 -> 13 | D24: SEASONAL WEIGHTS
A25: =+A24+1 -> 14 | D25: Nov to Mar | F25: May to Sep
A26: =+A25+1 -> 15 | B26: Weather Station | D26: Winter | F26: Summer
A27: =+A26+1 -> 16 | B27: Dallas-Fort Worth | D27: =ROUND(AVERAGE(D12:F12,N12:O12),3) -> 0.689 | F27: =ROUND(AVERAGE(H12:L12),3) -> 0.705
A28: =+A27+1 -> 17 | B28: Midland-Odessa | D28: =ROUND(AVERAGE(D13:F13,N13:O13),3) -> 0.057 | F28: =ROUND(AVERAGE(H13:L13),3) -> 0.056
A29: =+A28+1 -> 18 | B29: Lufkin | D29: =ROUND(AVERAGE(D14:F14,N14:O14),3) -> 0.029 | F29: =ROUND(AVERAGE(H14:L14),3) -> 0.026
A30: =+A29+1 -> 19 | B30: Abilene | D30: =ROUND(AVERAGE(D15:F15,N15:O15),3) -> 0.014 | F30: =ROUND(AVERAGE(H15:L15),3) -> 0.012
A31: =+A30+1 -> 20 | B31: Sherman-Dennison | D31: =ROUND(AVERAGE(D16:F16,N16:O16),3) -> 0.027 | F31: =ROUND(AVERAGE(H16:L16),3) -> 0.023
A32: =+A31+1 -> 21 | B32: Killeen-Temple | D32: =ROUND(AVERAGE(D17:F17,N17:O17),3) -> 0.051 | F32: =ROUND(AVERAGE(H17:L17),3) -> 0.045
A33: =+A32+1 -> 22 | B33: Waco | D33: =ROUND(AVERAGE(D18:F18,N18:O18),3) -> 0.039 | F33: =ROUND(AVERAGE(H18:L18),3) -> 0.036
A34: =+A33+1 -> 23 | B34: Wichita Falls. | D34: =ROUND(AVERAGE(D19:F19,N19:O19),3) -> 0.02 | F34: =ROUND(AVERAGE(H19:L19),3) -> 0.019
A35: =+A34+1 -> 24 | B35: Longview | D35: =ROUND(AVERAGE(D20:F20,N20:O20),3) -> 0.038 | F35: =ROUND(AVERAGE(H20:L20),3) -> 0.035
A36: =+A35+1 -> 25 | B36: Austin | D36: =ROUND(AVERAGE(D21:F21,N21:O21),3) -> 0.036 | F36: =ROUND(AVERAGE(H21:L21),3) -> 0.044
A37: =+A36+1 -> 26 | D37: =AVERAGE(D22:F22,N22:O22) -> 1 | F37: =AVERAGE(H22:L22) -> 1

Sheet SECTE10KW Seasonal Weights
B1: =+RES!B1 -> PUC DOCKET NO.
B2: =+RES!B2 -> ONCOR ELECTRIC DELIVERY COMPANY LLC
B3: =+RES!B3 -> ADJUSTED WEATHER STATION DATA
B4: =+RES!B4 -> FOR THE TEST YEAR ENDING DECEMBER 31, 2021
B6: =+RES!B6 -> SPONSOR: D. E. NELSON
B8: WEATHER WEIGHTS
B9: SECONDARY SERVICE LESS THAN OR EQUAL TO 10 KW MONTHLY WEIGHTS
A10: Line | B10: (a) | D10: (b) | E10: (c) | F10: (d) | G10: (e) | H10: (f) | I10: (g) | J10: (h) | K10: (i) | L10: (j) | M10: (k) | N10: (l) | O10: (m) | P10: (n)
A11: No. | B11: Weather Station | D11: 36892 | E11: 36923 | F11: 36951 | G11: 36982 | H11: 37012 | I11: 37043 | J11: 37073 | K11: 37104 | L11: 37135 | M11: 37165 | N11: 37196 | O11: 37226 | P11: Annual
A12: 1 | B12: Dallas-Fort Worth | D12: =+'[6]SECLE10 Seasonal Weights'!D11 -> 0.60953941 | E12: =+'[6]SECLE10 Seasonal Weights'!E11 -> 0.59423142 | F12: =+'[6]SECLE10 Seasonal Weights'!F11 -> 0.59932853 | G12: =+'[6]SECLE10 Seasonal Weights'!G11 -> 0.60208915 | H12: =+'[6]SECLE10 Seasonal Weights'!H11 -> 0.59998678 | I12: =+'[6]SECLE10 Seasonal Weights'!I11 -> 0.60037932 | J12: =+'[6]SECLE10 Seasonal Weights'!J11 -> 0.59108746 | K12: =+'[6]SECLE10 Seasonal Weights'!K11 -> 0.5922319 | ... P12: =+'[6]SECLE10 Seasonal Weights'!P11 -> 0.60037359
A13: =+A12+1 -> 2 | B13: Midland-Odessa | D13: =+'[6]SECLE10 Seasonal Weights'!D12 -> 0.11458138 | E13: =+'[6]SECLE10 Seasonal Weights'!E12 -> 0.13197133 | F13: =+'[6]SECLE10 Seasonal Weights'!F12 -> 0.13293848 | G13: =+'[6]SECLE10 Seasonal Weights'!G12 -> 0.13200134 | H13: =+'[6]SECLE10 Seasonal Weights'!H12 -> 0.13229046 | I13: =+'[6]SECLE10 Seasonal Weights'!I12 -> 0.1221432 | J13: =+'[6]SECLE10 Seasonal Weights'!J12 -> 0.12920341 | K13: =+'[6]SECLE10 Seasonal Weights'!K12 -> 0.12387508 | ... P13: =+'[6]SECLE10 Seasonal Weights'!P12 -> 0.12362936
A14: =+A13+1 -> 3 | B14: Lufkin | D14: =+'[6]SECLE10 Seasonal Weights'!D13 -> 0.036713347 | E14: =+'[6]SECLE10 Seasonal Weights'!E13 -> 0.036716392 | F14: =+'[6]SECLE10 Seasonal Weights'!F13 -> 0.034617192 | G14: =+'[6]SECLE10 Seasonal Weights'!G13 -> 0.035303155 | H14: =+'[6]SECLE10 Seasonal Weights'!H13 -> 0.035966962 | I14: =+'[6]SECLE10 Seasonal Weights'!I13 -> 0.038726462 | J14: =+'[6]SECLE10 Seasonal Weights'!J13 -> 0.038550932 | K14: =+'[6]SECLE10 Seasonal Weights'!K13 -> 0.038655974 | ... P14: =+'[6]SECLE10 Seasonal Weights'!P13 -> 0.03717003
A15: =+A14+1 -> 4 | B15: Abilene | D15: =+'[6]SECLE10 Seasonal Weights'!D14 -> 0.029957457 | E15: =+'[6]SECLE10 Seasonal Weights'!E14 -> 0.029259608 | F15: =+'[6]SECLE10 Seasonal Weights'!F14 -> 0.028472731 | G15: =+'[6]SECLE10 Seasonal Weights'!G14 -> 0.028638881 | H15: =+'[6]SECLE10 Seasonal Weights'!H14 -> 0.029352259 | I15: =+'[6]SECLE10 Seasonal Weights'!I14 -> 0.029471808 | J15: =+'[6]SECLE10 Seasonal Weights'!J14 -> 0.030757833 | K15: =+'[6]SECLE10 Seasonal Weights'!K14 -> 0.031116751 | ... P15: =+'[6]SECLE10 Seasonal Weights'!P14 -> 0.029650474
A16: =+A15+1 -> 5 | B16: Sherman-Dennison | D16: =+'[6]SECLE10 Seasonal Weights'!D15 -> 0.033218802 | E16: =+'[6]SECLE10 Seasonal Weights'!E15 -> 0.033547987 | F16: =+'[6]SECLE10 Seasonal Weights'!F15 -> 0.032622487 | G16: =+'[6]SECLE10 Seasonal Weights'!G15 -> 0.03118848 | H16: =+'[6]SECLE10 Seasonal Weights'!H15 -> 0.030826125 | I16: =+'[6]SECLE10 Seasonal Weights'!I15 -> 0.032127344 | J16: =+'[6]SECLE10 Seasonal Weights'!J15 -> 0.033447646 | K16: =+'[6]SECLE10 Seasonal Weights'!K15 -> 0.034146939 | ... P16: =+'[6]SECLE10 Seasonal Weights'!P15 -> 0.032716091
A17: =+A16+1 -> 6 | B17: Killeen-Temple | D17: =+'[6]SECLE10 Seasonal Weights'!D16 -> 0.033840666 | E17: =+'[6]SECLE10 Seasonal Weights'!E16 -> 0.033122569 | F17: =+'[6]SECLE10 Seasonal Weights'!F16 -> 0.032911985 | G17: =+'[6]SECLE10 Seasonal Weights'!G16 -> 0.032995359 | H17: =+'[6]SECLE10 Seasonal Weights'!H16 -> 0.033300037 | I17: =+'[6]SECLE10 Seasonal Weights'!I16 -> 0.034121209 | J17: =+'[6]SECLE10 Seasonal Weights'!J16 -> 0.033384502 | K17: =+'[6]SECLE10 Seasonal Weights'!K16 -> 0.033927507 | ... P17: =+'[6]SECLE10 Seasonal Weights'!P16 -> 0.033789271
A18: =+A17+1 -> 7 | B18: Waco | D18: =+'[6]SECLE10 Seasonal Weights'!D17 -> 0.037485931 | E18: =+'[6]SECLE10 Seasonal Weights'!E17 -> 0.037241356 | F18: =+'[6]SECLE10 Seasonal Weights'!F17 -> 0.037928951 | G18: =+'[6]SECLE10 Seasonal Weights'!G17 -> 0.037019603 | H18: =+'[6]SECLE10 Seasonal Weights'!H17 -> 0.037391153 | I18: =+'[6]SECLE10 Seasonal Weights'!I17 -> 0.038489288 | J18: =+'[6]SECLE10 Seasonal Weights'!J17 -> 0.038256567 | K18: =+'[6]SECLE10 Seasonal Weights'!K17 -> 0.039297679 | ... P18: =+'[6]SECLE10 Seasonal Weights'!P17 -> 0.038338298
A19: =+A18+1 -> 8 | B19: Wichita Falls. | D19: =+'[6]SECLE10 Seasonal Weights'!D18 -> 0.026890517 | E19: =+'[6]SECLE10 Seasonal Weights'!E18 -> 0.02634851 | F19: =+'[6]SECLE10 Seasonal Weights'!F18 -> 0.026137524 | G19: =+'[6]SECLE10 Seasonal Weights'!G18 -> 0.025726933 | H19: =+'[6]SECLE10 Seasonal Weights'!H18 -> 0.025561565 | I19: =+'[6]SECLE10 Seasonal Weights'!I18 -> 0.025771814 | J19: =+'[6]SECLE10 Seasonal Weights'!J18 -> 0.02636846 | K19: =+'[6]SECLE10 Seasonal Weights'!K18 -> 0.026701485 | ... P19: =+'[6]SECLE10 Seasonal Weights'!P18 -> 0.026145269
A20: =+A19+1 -> 9 | B20: Longview | D20: =+'[6]SECLE10 Seasonal Weights'!D19 -> 0.043330201 | E20: =+'[6]SECLE10 Seasonal Weights'!E19 -> 0.043711486 | F20: =+'[6]SECLE10 Seasonal Weights'!F19 -> 0.042054132 | G20: =+'[6]SECLE10 Seasonal Weights'!G19 -> 0.041448919 | H20: =+'[6]SECLE10 Seasonal Weights'!H19 -> 0.041557383 | I20: =+'[6]SECLE10 Seasonal Weights'!I19 -> 0.044453719 | J20: =+'[6]SECLE10 Seasonal Weights'!J19 -> 0.045476405 | K20: =+'[6]SECLE10 Seasonal Weights'!K19 -> 0.046203535 | ... P20: =+'[6]SECLE10 Seasonal Weights'!P19 -> 0.043940015
A21: =+A20+1 -> 10 | B21: Austin | D21: =+'[6]SECLE10 Seasonal Weights'!D20 -> 0.034442291 | E21: =+'[6]SECLE10 Seasonal Weights'!E20 -> 0.033849341 | F21: =+'[6]SECLE10 Seasonal Weights'!F20 -> 0.03298799 | G21: =+'[6]SECLE10 Seasonal Weights'!G20 -> 0.033588186 | H21: =+'[6]SECLE10 Seasonal Weights'!H20 -> 0.033767276 | I21: =+'[6]SECLE10 Seasonal Weights'!I20 -> 0.034315832 | J21: =+'[6]SECLE10 Seasonal Weights'!J20 -> 0.033466783 | K21: =+'[6]SECLE10 Seasonal Weights'!K20 -> 0.033843151 | ... P21: =+'[6]SECLE10 Seasonal Weights'!P20 -> 0.034247599
A22: =+A21+1 -> 11 | D22: =SUM(D12:D21) -> 1 | E22: =SUM(E12:E21) -> 1 | F22: =SUM(F12:F21) -> 1 | G22: =SUM(G12:G21) -> 1 | H22: =SUM(H12:H21) -> 1 | I22: =SUM(I12:I21) -> 1 | J22: =SUM(J12:J21) -> 1 | K22: =SUM(K12:K21) -> 1 | ... P22: =SUM(P12:P21) -> 1
A23: =+A22+1 -> 12
A24: =+A23+1 -> 13 | D24: SEASONAL WEIGHTS
A25: =+A24+1 -> 14 | D25: Nov to Mar | F25: May to Sep
A26: =+A25+1 -> 15 | B26: Weather Station | D26: Winter | F26: Summer
A27: =+A26+1 -> 16 | B27: Dallas-Fort Worth | D27: =ROUND(AVERAGE(D12:F12,N12:O12),3) -> 0.604 | F27: =ROUND(AVERAGE(H12:L12),3) -> 0.596
A28: =+A27+1 -> 17 | B28: Midland-Odessa | D28: =ROUND(AVERAGE(D13:F13,N13:O13),3) -> 0.123 | F28: =ROUND(AVERAGE(H13:L13),3) -> 0.125
A29: =+A28+1 -> 18 | B29: Lufkin | D29: =ROUND(AVERAGE(D14:F14,N14:O14),3) -> 0.036 | F29: =ROUND(AVERAGE(H14:L14),3) -> 0.038
A30: =+A29+1 -> 19 | B30: Abilene | D30: =ROUND(AVERAGE(D15:F15,N15:O15),3) -> 0.029 | F30: =ROUND(AVERAGE(H15:L15),3) -> 0.03
A31: =+A30+1 -> 20 | B31: Sherman-Dennison | D31: =ROUND(AVERAGE(D16:F16,N16:O16),3) -> 0.033 | F31: =ROUND(AVERAGE(H16:L16),3) -> 0.033
A32: =+A31+1 -> 21 | B32: Killeen-Temple | D32: =ROUND(AVERAGE(D17:F17,N17:O17),3) -> 0.034 | F32: =ROUND(AVERAGE(H17:L17),3) -> 0.034
A33: =+A32+1 -> 22 | B33: Waco | D33: =ROUND(AVERAGE(D18:F18,N18:O18),3) -> 0.038 | F33: =ROUND(AVERAGE(H18:L18),3) -> 0.039
A34: =+A33+1 -> 23 | B34: Wichita Falls. | D34: =ROUND(AVERAGE(D19:F19,N19:O19),3) -> 0.026 | F34: =ROUND(AVERAGE(H19:L19),3) -> 0.026
A35: =+A34+1 -> 24 | B35: Longview | D35: =ROUND(AVERAGE(D20:F20,N20:O20),3) -> 0.043 | F35: =ROUND(AVERAGE(H20:L20),3) -> 0.045
A36: =+A35+1 -> 25 | B36: Austin | D36: =ROUND(AVERAGE(D21:F21,N21:O21),3) -> 0.034 | F36: =ROUND(AVERAGE(H21:L21),3) -> 0.034
A37: =+A36+1 -> 26 | D37: =AVERAGE(D22:F22,N22:O22) -> 1 | F37: =AVERAGE(H22:L22) -> 1

Sheet SECGT10KW Seasonal Weights
B1: =+RES!B1 -> PUC DOCKET NO.
B2: =+RES!B2 -> ONCOR ELECTRIC DELIVERY COMPANY LLC
B3: =+RES!B3 -> ADJUSTED WEATHER STATION DATA
B4: =+RES!B4 -> FOR THE TEST YEAR ENDING DECEMBER 31, 2021
B6: =+RES!B6 -> SPONSOR: D. E. NELSON
B8: WEATHER WEIGHTS
B9: SECONDARY SERVICE GREATER THAN 10 KW MONTHLY WEIGHTS
A10: Line | B10: (a) | D10: (b) | E10: (c) | F10: (d) | G10: (e) | H10: (f) | I10: (g) | J10: (h) | K10: (i) | L10: (j) | M10: (k) | N10: (l) | O10: (m) | P10: (n)
A11: No. | B11: Weather Station | D11: 36892 | E11: 36923 | F11: 36951 | G11: 36982 | H11: 37012 | I11: 37043 | J11: 37073 | K11: 37104 | L11: 37135 | M11: 37165 | N11: 37196 | O11: 37226 | P11: Annual
A12: 1 | B12: Dallas-Fort Worth | D12: =+'[7]SECGT10 Seasonal Weights'!D11 -> 0.74552691 | E12: =+'[7]SECGT10 Seasonal Weights'!E11 -> 0.74153345 | F12: =+'[7]SECGT10 Seasonal Weights'!F11 -> 0.74096418 | G12: =+'[7]SECGT10 Seasonal Weights'!G11 -> 0.74302556 | H12: =+'[7]SECGT10 Seasonal Weights'!H11 -> 0.73915397 | I12: =+'[7]SECGT10 Seasonal Weights'!I11 -> 0.73998801 | J12: =+'[7]SECGT10 Seasonal Weights'!J11 -> 0.74219828 | K12: =+'[7]SECGT10 Seasonal Weights'!K11 -> 0.74106369 | ... P12: =+'[7]SECGT10 Seasonal Weights'!P11 -> 0.74136424
A13: =+A12+1 -> 2 | B13: Midland-Odessa | D13: =+'[7]SECGT10 Seasonal Weights'!D12 -> 0.066043751 | E13: =+'[7]SECGT10 Seasonal Weights'!E12 -> 0.06679345 | F13: =+'[7]SECGT10 Seasonal Weights'!F12 -> 0.068866567 | G13: =+'[7]SECGT10 Seasonal Weights'!G12 -> 0.066298383 | H13: =+'[7]SECGT10 Seasonal Weights'!H12 -> 0.068585498 | I13: =+'[7]SECGT10 Seasonal Weights'!I12 -> 0.064345197 | J13: =+'[7]SECGT10 Seasonal Weights'!J12 -> 0.064017834 | K13: =+'[7]SECGT10 Seasonal Weights'!K12 -> 0.064223839 | ... P13: =+'[7]SECGT10 Seasonal Weights'!P12 -> 0.065594632
A14: =+A13+1 -> 3 | B14: Lufkin | D14: =+'[7]SECGT10 Seasonal Weights'!D13 -> 0.023953034 | E14: =+'[7]SECGT10 Seasonal Weights'!E13 -> 0.024662487 | F14: =+'[7]SECGT10 Seasonal Weights'!F13 -> 0.024329972 | G14: =+'[7]SECGT10 Seasonal Weights'!G13 -> 0.025018733 | H14: =+'[7]SECGT10 Seasonal Weights'!H13 -> 0.025282669 | I14: =+'[7]SECGT10 Seasonal Weights'!I13 -> 0.026001271 | J14: =+'[7]SECGT10 Seasonal Weights'!J13 -> 0.025020173 | K14: =+'[7]SECGT10 Seasonal Weights'!K13 -> 0.024899329 | ... P14: =+'[7]SECGT10 Seasonal Weights'!P13 -> 0.02493313
A15: =+A14+1 -> 4 | B15: Abilene | D15: =+'[7]SECGT10 Seasonal Weights'!D14 -> 0.012101426 | E15: =+'[7]SECGT10 Seasonal Weights'!E14 -> 0.012052904 | F15: =+'[7]SECGT10 Seasonal Weights'!F14 -> 0.011455309 | G15: =+'[7]SECGT10 Seasonal Weights'!G14 -> 0.011337875 | H15: =+'[7]SECGT10 Seasonal Weights'!H14 -> 0.011309753 | I15: =+'[7]SECGT10 Seasonal Weights'!I14 -> 0.011395411 | J15: =+'[7]SECGT10 Seasonal Weights'!J14 -> 0.011711666 | K15: =+'[7]SECGT10 Seasonal Weights'!K14 -> 0.011923687 | ... P15: =+'[7]SECGT10 Seasonal Weights'!P14 -> 0.01156842
A16: =+A15+1 -> 5 | B16: Sherman-Dennison | D16: =+'[7]SECGT10 Seasonal Weights'!D15 -> 0.024012628 | E16: =+'[7]SECGT10 Seasonal Weights'!E15 -> 0.024553924 | F16: =+'[7]SECGT10 Seasonal Weights'!F15 -> 0.024123748 | G16: =+'[7]SECGT10 Seasonal Weights'!G15 -> 0.023995124 | H16: =+'[7]SECGT10 Seasonal Weights'!H15 -> 0.023672116 | I16: =+'[7]SECGT10 Seasonal Weights'!I15 -> 0.023556244 | J16: =+'[7]SECGT10 Seasonal Weights'!J15 -> 0.023693416 | K16: =+'[7]SECGT10 Seasonal Weights'!K15 -> 0.024092846 | ... P16: =+'[7]SECGT10 Seasonal Weights'!P15 -> 0.023949324
A17: =+A16+1 -> 6 | B17: Killeen-Temple | D17: =+'[7]SECGT10 Seasonal Weights'!D16 -> 0.026053194 | E17: =+'[7]SECGT10 Seasonal Weights'!E16 -> 0.026280249 | F17: =+'[7]SECGT10 Seasonal Weights'!F16 -> 0.02621685 | G17: =+'[7]SECGT10 Seasonal Weights'!G16 -> 0.026140089 | H17: =+'[7]SECGT10 Seasonal Weights'!H16 -> 0.026454499 | I17: =+'[7]SECGT10 Seasonal Weights'!I16 -> 0.027186127 | J17: =+'[7]SECGT10 Seasonal Weights'!J16 -> 0.02689005 | K17: =+'[7]SECGT10 Seasonal Weights'!K16 -> 0.026900894 | ... P17: =+'[7]SECGT10 Seasonal Weights'!P16 -> 0.026768723
A18: =+A17+1 -> 7 | B18: Waco | D18: =+'[7]SECGT10 Seasonal Weights'!D17 -> 0.032013123 | E18: =+'[7]SECGT10 Seasonal Weights'!E17 -> 0.032544375 | F18: =+'[7]SECGT10 Seasonal Weights'!F17 -> 0.032828373 | G18: =+'[7]SECGT10 Seasonal Weights'!G17 -> 0.032679163 | H18: =+'[7]SECGT10 Seasonal Weights'!H17 -> 0.033036355 | I18: =+'[7]SECGT10 Seasonal Weights'!I17 -> 0.033837914 | J18: =+'[7]SECGT10 Seasonal Weights'!J17 -> 0.033421467 | K18: =+'[7]SECGT10 Seasonal Weights'!K17 -> 0.033803454 | ... P18: =+'[7]SECGT10 Seasonal Weights'!P17 -> 0.033291602
A19: =+A18+1 -> 8 | B19: Wichita Falls. | D19: =+'[7]SECGT10 Seasonal Weights'!D18 -> 0.014676124 | E19: =+'[7]SECGT10 Seasonal Weights'!E18 -> 0.015001919 | F19: =+'[7]SECGT10 Seasonal Weights'!F18 -> 0.014789395 | G19: =+'[7]SECGT10 Seasonal Weights'!G18 -> 0.01458159 | H19: =+'[7]SECGT10 Seasonal Weights'!H18 -> 0.014554373 | I19: =+'[7]SECGT10 Seasonal Weights'!I18 -> 0.014841545 | J19: =+'[7]SECGT10 Seasonal Weights'!J18 -> 0.015216227 | K19: =+'[7]SECGT10 Seasonal Weights'!K18 -> 0.015331513 | ... P19: =+'[7]SECGT10 Seasonal Weights'!P18 -> 0.014879542
A20: =+A19+1 -> 9 | B20: Longview | D20: =+'[7]SECGT10 Seasonal Weights'!D19 -> 0.03028191 | E20: =+'[7]SECGT10 Seasonal Weights'!E19 -> 0.030772472 | F20: =+'[7]SECGT10 Seasonal Weights'!F19 -> 0.030429795 | G20: =+'[7]SECGT10 Seasonal Weights'!G19 -> 0.03050628 | H20: =+'[7]SECGT10 Seasonal Weights'!H19 -> 0.031158835 | I20: =+'[7]SECGT10 Seasonal Weights'!I19 -> 0.031539096 | J20: =+'[7]SECGT10 Seasonal Weights'!J19 -> 0.031544031 | K20: =+'[7]SECGT10 Seasonal Weights'!K19 -> 0.031362229 | ... P20: =+'[7]SECGT10 Seasonal Weights'!P19 -> 0.031062164
A21: =+A20+1 -> 10 | B21: Austin | D21: =+'[7]SECGT10 Seasonal Weights'!D20 -> 0.025337905 | E21: =+'[7]SECGT10 Seasonal Weights'!E20 -> 0.025804772 | F21: =+'[7]SECGT10 Seasonal Weights'!F20 -> 0.02599581 | G21: =+'[7]SECGT10 Seasonal Weights'!G20 -> 0.026417204 | H21: =+'[7]SECGT10 Seasonal Weights'!H20 -> 0.026791936 | I21: =+'[7]SECGT10 Seasonal Weights'!I20 -> 0.027309184 | J21: =+'[7]SECGT10 Seasonal Weights'!J20 -> 0.026286856 | K21: =+'[7]SECGT10 Seasonal Weights'!K20 -> 0.026398516 | ... P21: =+'[7]SECGT10 Seasonal Weights'!P20 -> 0.026588223
A22: =+A21+1 -> 11 | D22: =SUM(D12:D21) -> 1 | E22: =SUM(E12:E21) -> 1 | F22: =SUM(F12:F21) -> 1 | G22: =SUM(G12:G21) -> 1 | H22: =SUM(H12:H21) -> 1 | I22: =SUM(I12:I21) -> 1 | J22: =SUM(J12:J21) -> 1 | K22: =SUM(K12:K21) -> 1 | ... P22: =SUM(P12:P21) -> 1
A23: =+A22+1 -> 12
A24: =+A23+1 -> 13 | D24: SEASONAL WEIGHTS
A25: =+A24+1 -> 14 | D25: Nov to Mar | F25: May to Sep
A26: =+A25+1 -> 15 | B26: Weather Station | D26: Winter | F26: Summer
A27: =+A26+1 -> 16 | B27: Dallas-Fort Worth | D27: =ROUND(AVERAGE(D12:F12,N12:O12),3) -> 0.741 | F27: =ROUND(AVERAGE(H12:L12),3) -> 0.74
A28: =+A27+1 -> 17 | B28: Midland-Odessa | D28: =ROUND(AVERAGE(D13:F13,N13:O13),3) -> 0.068 | F28: =ROUND(AVERAGE(H13:L13),3) -> 0.065
A29: =+A28+1 -> 18 | B29: Lufkin | D29: =ROUND(AVERAGE(D14:F14,N14:O14),3) -> 0.024 | F29: =ROUND(AVERAGE(H14:L14),3) -> 0.025
A30: =+A29+1 -> 19 | B30: Abilene | D30: =ROUND(AVERAGE(D15:F15,N15:O15),3) -> 0.012 | F30: =ROUND(AVERAGE(H15:L15),3) -> 0.012
A31: =+A30+1 -> 20 | B31: Sherman-Dennison | D31: =ROUND(AVERAGE(D16:F16,N16:O16),3) -> 0.024 | F31: =ROUND(AVERAGE(H16:L16),3) -> 0.024
A32: =+A31+1 -> 21 | B32: Killeen-Temple | D32: =ROUND(AVERAGE(D17:F17,N17:O17),3) -> 0.026 | F32: =ROUND(AVERAGE(H17:L17),3) -> 0.027
A33: =+A32+1 -> 22 | B33: Waco | D33: =ROUND(AVERAGE(D18:F18,N18:O18),3) -> 0.033 | F33: =ROUND(AVERAGE(H18:L18),3) -> 0.034
A34: =+A33+1 -> 23 | B34: Wichita Falls. | D34: =ROUND(AVERAGE(D19:F19,N19:O19),3) -> 0.015 | F34: =ROUND(AVERAGE(H19:L19),3) -> 0.015
A35: =+A34+1 -> 24 | B35: Longview | D35: =ROUND(AVERAGE(D20:F20,N20:O20),3) -> 0.031 | F35: =ROUND(AVERAGE(H20:L20),3) -> 0.031
A36: =+A35+1 -> 25 | B36: Austin | D36: =ROUND(AVERAGE(D21:F21,N21:O21),3) -> 0.026 | F36: =ROUND(AVERAGE(H21:L21),3) -> 0.027
A37: =+A36+1 -> 26 | D37: =AVERAGE(D22:F22,N22:O22) -> 1 | F37: =AVERAGE(H22:L22) -> 1

Sheet PRMGT10KWD Seasonal Weights
B1: =+RES!B1 -> PUC DOCKET NO.
B2: =+RES!B2 -> ONCOR ELECTRIC DELIVERY COMPANY LLC
B3: =+RES!B3 -> ADJUSTED WEATHER STATION DATA
B4: =+RES!B4 -> FOR THE TEST YEAR ENDING DECEMBER 31, 2021
B6: =+RES!B6 -> SPONSOR: D. E. NELSON
B8: WEATHER WEIGHTS
B9: PRIMARY SERVICE GREATER THAN 10 KW DISTRIBUTION MONTHLY WEIGHTS
A10: Line | B10: (a) | D10: (b) | E10: (c) | F10: (d) | G10: (e) | H10: (f) | I10: (g) | J10: (h) | K10: (i) | L10: (j) | M10: (k) | N10: (l) | O10: (m) | P10: (n)
A11: No. | B11: Weather Station | D11: 36892 | E11: 36923 | F11: 36951 | G11: 36982 | H11: 37012 | I11: 37043 | J11: 37073 | K11: 37104 | L11: 37135 | M11: 37165 | N11: 37196 | O11: 37226 | P11: Annual
A12: 1 | B12: Dallas-Fort Worth | D12: =+'[8]PRMDIST Seasonal Weights'!D11 -> 0.328226 | E12: =+'[8]PRMDIST Seasonal Weights'!E11 -> 0.32266191 | F12: =+'[8]PRMDIST Seasonal Weights'!F11 -> 0.32732932 | G12: =+'[8]PRMDIST Seasonal Weights'!G11 -> 0.31714974 | H12: =+'[8]PRMDIST Seasonal Weights'!H11 -> 0.32321905 | I12: =+'[8]PRMDIST Seasonal Weights'!I11 -> 0.3450813 | J12: =+'[8]PRMDIST Seasonal Weights'!J11 -> 0.33935886 | K12: =+'[8]PRMDIST Seasonal Weights'!K11 -> 0.34128748 | ... P12: =+'[8]PRMDIST Seasonal Weights'!P11 -> 0.32848884
A13: =+A12+1 -> 2 | B13: Midland-Odessa | D13: =+'[8]PRMDIST Seasonal Weights'!D12 -> 0.48668399 | E13: =+'[8]PRMDIST Seasonal Weights'!E12 -> 0.50187124 | F13: =+'[8]PRMDIST Seasonal Weights'!F12 -> 0.48972573 | G13: =+'[8]PRMDIST Seasonal Weights'!G12 -> 0.50500125 | H13: =+'[8]PRMDIST Seasonal Weights'!H12 -> 0.50046587 | I13: =+'[8]PRMDIST Seasonal Weights'!I12 -> 0.4680114 | J13: =+'[8]PRMDIST Seasonal Weights'!J12 -> 0.47795834 | K13: =+'[8]PRMDIST Seasonal Weights'!K12 -> 0.47488034 | ... P13: =+'[8]PRMDIST Seasonal Weights'!P12 -> 0.49306163
A14: =+A13+1 -> 3 | B14: Lufkin | D14: =+'[8]PRMDIST Seasonal Weights'!D13 -> 0.027254216 | E14: =+'[8]PRMDIST Seasonal Weights'!E13 -> 0.024839491 | F14: =+'[8]PRMDIST Seasonal Weights'!F13 -> 0.027407058 | G14: =+'[8]PRMDIST Seasonal Weights'!G13 -> 0.026148179 | H14: =+'[8]PRMDIST Seasonal Weights'!H13 -> 0.025656084 | I14: =+'[8]PRMDIST Seasonal Weights'!I13 -> 0.025877507 | J14: =+'[8]PRMDIST Seasonal Weights'!J13 -> 0.025826648 | K14: =+'[8]PRMDIST Seasonal Weights'!K13 -> 0.025426618 | ... P14: =+'[8]PRMDIST Seasonal Weights'!P13 -> 0.025709103
A15: =+A14+1 -> 4 | B15: Abilene | D15: =+'[8]PRMDIST Seasonal Weights'!D14 -> 0.061071093 | E15: =+'[8]PRMDIST Seasonal Weights'!E14 -> 0.054992027 | F15: =+'[8]PRMDIST Seasonal Weights'!F14 -> 0.060247628 | G15: =+'[8]PRMDIST Seasonal Weights'!G14 -> 0.056754361 | H15: =+'[8]PRMDIST Seasonal Weights'!H14 -> 0.052662538 | I15: =+'[8]PRMDIST Seasonal Weights'!I14 -> 0.05773936 | J15: =+'[8]PRMDIST Seasonal Weights'!J14 -> 0.053860932 | K15: =+'[8]PRMDIST Seasonal Weights'!K14 -> 0.052131199 | ... P15: =+'[8]PRMDIST Seasonal Weights'!P14 -> 0.053856814
A16: =+A15+1 -> 5 | B16: Sherman-Dennison | D16: =+'[8]PRMDIST Seasonal Weights'!D15 -> 0.019398925 | E16: =+'[8]PRMDIST Seasonal Weights'!E15 -> 0.019138918 | F16: =+'[8]PRMDIST Seasonal Weights'!F15 -> 0.019108258 | G16: =+'[8]PRMDIST Seasonal Weights'!G15 -> 0.018649098 | H16: =+'[8]PRMDIST Seasonal Weights'!H15 -> 0.01954551 | I16: =+'[8]PRMDIST Seasonal Weights'!I15 -> 0.020949493 | J16: =+'[8]PRMDIST Seasonal Weights'!J15 -> 0.020971536 | K16: =+'[8]PRMDIST Seasonal Weights'!K15 -> 0.02273271 | ... P16: =+'[8]PRMDIST Seasonal Weights'!P15 -> 0.020227917
A17: =+A16+1 -> 6 | B17: Killeen-Temple | D17: =+'[8]PRMDIST Seasonal Weights'!D16 -> 0.012577132 | E17: =+'[8]PRMDIST Seasonal Weights'!E16 -> 0.012373842 | F17: =+'[8]PRMDIST Seasonal Weights'!F16 -> 0.012683625 | G17: =+'[8]PRMDIST Seasonal Weights'!G16 -> 0.012975132 | H17: =+'[8]PRMDIST Seasonal Weights'!H16 -> 0.013003348 | I17: =+'[8]PRMDIST Seasonal Weights'!I16 -> 0.014023058 | J17: =+'[8]PRMDIST Seasonal Weights'!J16 -> 0.014092221 | K17: =+'[8]PRMDIST Seasonal Weights'!K16 -> 0.014653302 | ... P17: =+'[8]PRMDIST Seasonal Weights'!P16 -> 0.013350299
A18: =+A17+1 -> 7 | B18: Waco | D18: =+'[8]PRMDIST Seasonal Weights'!D17 -> 0.028808675 | E18: =+'[8]PRMDIST Seasonal Weights'!E17 -> 0.029460354 | F18: =+'[8]PRMDIST Seasonal Weights'!F17 -> 0.029088941 | G18: =+'[8]PRMDIST Seasonal Weights'!G17 -> 0.030734966 | H18: =+'[8]PRMDIST Seasonal Weights'!H17 -> 0.031197155 | I18: =+'[8]PRMDIST Seasonal Weights'!I17 -> 0.033201741 | J18: =+'[8]PRMDIST Seasonal Weights'!J17 -> 0.032984262 | K18: =+'[8]PRMDIST Seasonal Weights'!K17 -> 0.033798245 | ... P18: =+'[8]PRMDIST Seasonal Weights'!P17 -> 0.031367603
A19: =+A18+1 -> 8 | B19: Wichita Falls. | D19: =+'[8]PRMDIST Seasonal Weights'!D18 -> 0.012713329 | E19: =+'[8]PRMDIST Seasonal Weights'!E18 -> 0.011436721 | F19: =+'[8]PRMDIST Seasonal Weights'!F18 -> 0.011571006 | G19: =+'[8]PRMDIST Seasonal Weights'!G18 -> 0.01157421 | H19: =+'[8]PRMDIST Seasonal Weights'!H18 -> 0.011072984 | I19: =+'[8]PRMDIST Seasonal Weights'!I18 -> 0.010975502 | J19: =+'[8]PRMDIST Seasonal Weights'!J18 -> 0.011263686 | K19: =+'[8]PRMDIST Seasonal Weights'!K18 -> 0.011365939 | ... P19: =+'[8]PRMDIST Seasonal Weights'!P18 -> 0.011387239
A20: =+A19+1 -> 9 | B20: Longview | D20: =+'[8]PRMDIST Seasonal Weights'!D19 -> 0.015893352 | E20: =+'[8]PRMDIST Seasonal Weights'!E19 -> 0.016296942 | F20: =+'[8]PRMDIST Seasonal Weights'!F19 -> 0.016137419 | G20: =+'[8]PRMDIST Seasonal Weights'!G19 -> 0.014301341 | H20: =+'[8]PRMDIST Seasonal Weights'!H19 -> 0.016392524 | I20: =+'[8]PRMDIST Seasonal Weights'!I19 -> 0.017297406 | J20: =+'[8]PRMDIST Seasonal Weights'!J19 -> 0.017462035 | K20: =+'[8]PRMDIST Seasonal Weights'!K19 -> 0.017903039 | ... P20: =+'[8]PRMDIST Seasonal Weights'!P19 -> 0.016506774
A21: =+A20+1 -> 10 | B21: Austin | D21: =+'[8]PRMDIST Seasonal Weights'!D20 -> 0.0073732915 | E21: =+'[8]PRMDIST Seasonal Weights'!E20 -> 0.0069285604 | F21: =+'[8]PRMDIST Seasonal Weights'!F20 -> 0.0067010191 | G21: =+'[8]PRMDIST Seasonal Weights'!G20 -> 0.0067117279 | H21: =+'[8]PRMDIST Seasonal Weights'!H20 -> 0.0067849373 | I21: =+'[8]PRMDIST Seasonal Weights'!I20 -> 0.0068432254 | J21: =+'[8]PRMDIST Seasonal Weights'!J20 -> 0.006221479 | K21: =+'[8]PRMDIST Seasonal Weights'!K20 -> 0.0058211239 | ... P21: =+'[8]PRMDIST Seasonal Weights'!P20 -> 0.0060437824
A22: =+A21+1 -> 11 | D22: =SUM(D12:D21) -> 1 | E22: =SUM(E12:E21) -> 1 | F22: =SUM(F12:F21) -> 1 | G22: =SUM(G12:G21) -> 1 | H22: =SUM(H12:H21) -> 1 | I22: =SUM(I12:I21) -> 1 | J22: =SUM(J12:J21) -> 1 | K22: =SUM(K12:K21) -> 1 | ... P22: =SUM(P12:P21) -> 1
A23: =+A22+1 -> 12
A24: =+A23+1 -> 13 | D24: SEASONAL WEIGHTS
A25: =+A24+1 -> 14 | D25: Nov to Mar | F25: May to Sep
A26: =+A25+1 -> 15 | B26: Weather Station | D26: Winter | F26: Summer
A27: =+A26+1 -> 16 | B27: Dallas-Fort Worth | D27: =ROUND(AVERAGE(D12:F12,N12:O12),3) -> 0.32 | F27: =ROUND(AVERAGE(H12:L12),3) -> 0.338
A28: =+A27+1 -> 17 | B28: Midland-Odessa | D28: =ROUND(AVERAGE(D13:F13,N13:O13),3) -> 0.504 | F28: =ROUND(AVERAGE(H13:L13),3) -> 0.48
A29: =+A28+1 -> 18 | B29: Lufkin | D29: =ROUND(AVERAGE(D14:F14,N14:O14),3) -> 0.026 | F29: =ROUND(AVERAGE(H14:L14),3) -> 0.026
A30: =+A29+1 -> 19 | B30: Abilene | D30: =ROUND(AVERAGE(D15:F15,N15:O15),3) -> 0.055 | F30: =ROUND(AVERAGE(H15:L15),3) -> 0.053
A31: =+A30+1 -> 20 | B31: Sherman-Dennison | D31: =ROUND(AVERAGE(D16:F16,N16:O16),3) -> 0.019 | F31: =ROUND(AVERAGE(H16:L16),3) -> 0.021
A32: =+A31+1 -> 21 | B32: Killeen-Temple | D32: =ROUND(AVERAGE(D17:F17,N17:O17),3) -> 0.013 | F32: =ROUND(AVERAGE(H17:L17),3) -> 0.014
A33: =+A32+1 -> 22 | B33: Waco | D33: =ROUND(AVERAGE(D18:F18,N18:O18),3) -> 0.03 | F33: =ROUND(AVERAGE(H18:L18),3) -> 0.033
A34: =+A33+1 -> 23 | B34: Wichita Falls. | D34: =ROUND(AVERAGE(D19:F19,N19:O19),3) -> 0.012 | F34: =ROUND(AVERAGE(H19:L19),3) -> 0.011
A35: =+A34+1 -> 24 | B35: Longview | D35: =ROUND(AVERAGE(D20:F20,N20:O20),3) -> 0.016 | F35: =ROUND(AVERAGE(H20:L20),3) -> 0.017
A36: =+A35+1 -> 25 | B36: Austin | D36: =ROUND(AVERAGE(D21:F21,N21:O21),3) -> 0.006 | F36: =ROUND(AVERAGE(H21:L21),3) -> 0.006
A37: =+A36+1 -> 26 | D37: =AVERAGE(D22:F22,N22:O22) -> 1 | F37: =AVERAGE(H22:L22) -> 1

Sheet Substation Seasonal Weights
B1: =+RES!B1 -> PUC DOCKET NO.
B2: =+RES!B2 -> ONCOR ELECTRIC DELIVERY COMPANY LLC
B3: =+RES!B3 -> ADJUSTED WEATHER STATION DATA
B4: =+RES!B4 -> FOR THE TEST YEAR ENDING DECEMBER 31, 2021
B6: =+RES!B6 -> SPONSOR: D. E. NELSON
B8: WEATHER WEIGHTS
B9: SUBSTATION MONTHLY WEIGHTS
A10: Line | B10: (a) | D10: (b) | E10: (c) | F10: (d) | G10: (e) | H10: (f) | I10: (g) | J10: (h) | K10: (i) | L10: (j) | M10: (k) | N10: (l) | O10: (m) | P10: (n)
A11: No. | B11: Weather Station | D11: 36892 | E11: 36923 | F11: 36951 | G11: 36982 | H11: 37012 | I11: 37043 | J11: 37073 | K11: 37104 | L11: 37135 | M11: 37165 | N11: 37196 | O11: 37226 | P11: Annual
A12: 1 | B12: Dallas-Fort Worth | D12: =+'[9]SUBS Seasonal Weights'!D11 -> 0.21765428 | E12: =+'[9]SUBS Seasonal Weights'!E11 -> 0.18748585 | F12: =+'[9]SUBS Seasonal Weights'!F11 -> 0.17431432 | G12: =+'[9]SUBS Seasonal Weights'!G11 -> 0.21232151 | H12: =+'[9]SUBS Seasonal Weights'!H11 -> 0.21439831 | I12: =+'[9]SUBS Seasonal Weights'!I11 -> 0.20342946 | J12: =+'[9]SUBS Seasonal Weights'!J11 -> 0.20570831 | K12: =+'[9]SUBS Seasonal Weights'!K11 -> 0.20826756 | ... P12: =+'[9]SUBS Seasonal Weights'!P11 -> 0.19938555
A13: =+A12+1 -> 2 | B13: Midland-Odessa | D13: =+'[9]SUBS Seasonal Weights'!D12 -> 0.50096146 | E13: =+'[9]SUBS Seasonal Weights'!E12 -> 0.56143874 | F13: =+'[9]SUBS Seasonal Weights'!F12 -> 0.60911325 | G13: =+'[9]SUBS Seasonal Weights'!G12 -> 0.53944196 | H13: =+'[9]SUBS Seasonal Weights'!H12 -> 0.53570712 | I13: =+'[9]SUBS Seasonal Weights'!I12 -> 0.55266883 | J13: =+'[9]SUBS Seasonal Weights'!J12 -> 0.54896787 | K13: =+'[9]SUBS Seasonal Weights'!K12 -> 0.54302974 | ... P13: =+'[9]SUBS Seasonal Weights'!P12 -> 0.55565719
A14: =+A13+1 -> 3 | B14: Lufkin | D14: =+'[9]SUBS Seasonal Weights'!D13 -> 0.027585256 | E14: =+'[9]SUBS Seasonal Weights'!E13 -> 0.025443645 | F14: =+'[9]SUBS Seasonal Weights'!F13 -> 0.022991431 | G14: =+'[9]SUBS Seasonal Weights'!G13 -> 0.025246417 | H14: =+'[9]SUBS Seasonal Weights'!H13 -> 0.025200147 | I14: =+'[9]SUBS Seasonal Weights'!I13 -> 0.026757366 | J14: =+'[9]SUBS Seasonal Weights'!J13 -> 0.029754612 | K14: =+'[9]SUBS Seasonal Weights'!K13 -> 0.027781334 | ... P14: =+'[9]SUBS Seasonal Weights'!P13 -> 0.025790839
A15: =+A14+1 -> 4 | B15: Abilene | D15: =+'[9]SUBS Seasonal Weights'!D14 -> 0.10537862 | E15: =+'[9]SUBS Seasonal Weights'!E14 -> 0.10309727 | F15: =+'[9]SUBS Seasonal Weights'!F14 -> 0.083616291 | G15: =+'[9]SUBS Seasonal Weights'!G14 -> 0.090255214 | H15: =+'[9]SUBS Seasonal Weights'!H14 -> 0.096031002 | I15: =+'[9]SUBS Seasonal Weights'!I14 -> 0.084536339 | J15: =+'[9]SUBS Seasonal Weights'!J14 -> 0.079838219 | K15: =+'[9]SUBS Seasonal Weights'!K14 -> 0.075145389 | ... P15: =+'[9]SUBS Seasonal Weights'!P14 -> 0.08572536
A16: =+A15+1 -> 5 | B16: Sherman-Dennison | D16: =+'[9]SUBS Seasonal Weights'!D15 -> 0.0083843902 | E16: =+'[9]SUBS Seasonal Weights'!E15 -> 0.0085181258 | F16: =+'[9]SUBS Seasonal Weights'!F15 -> 0.0073563061 | G16: =+'[9]SUBS Seasonal Weights'!G15 -> 0.0080119876 | H16: =+'[9]SUBS Seasonal Weights'!H15 -> 0.0072324793 | I16: =+'[9]SUBS Seasonal Weights'!I15 -> 0.01113834 | J16: =+'[9]SUBS Seasonal Weights'!J15 -> 0.01262735 | K16: =+'[9]SUBS Seasonal Weights'!K15 -> 0.012327552 | ... P16: =+'[9]SUBS Seasonal Weights'!P15 -> 0.0098316421
A17: =+A16+1 -> 6 | B17: Killeen-Temple | D17: =+'[9]SUBS Seasonal Weights'!D16 -> 0.075693122 | E17: =+'[9]SUBS Seasonal Weights'!E16 -> 0.047624336 | F17: =+'[9]SUBS Seasonal Weights'!F16 -> 0.05086343 | G17: =+'[9]SUBS Seasonal Weights'!G16 -> 0.056338142 | H17: =+'[9]SUBS Seasonal Weights'!H16 -> 0.056825128 | I17: =+'[9]SUBS Seasonal Weights'!I16 -> 0.06217756 | J17: =+'[9]SUBS Seasonal Weights'!J16 -> 0.061942108 | K17: =+'[9]SUBS Seasonal Weights'!K16 -> 0.069950115 | ... P17: =+'[9]SUBS Seasonal Weights'!P16 -> 0.061860227
A18: =+A17+1 -> 7 | B18: Waco | D18: =+'[9]SUBS Seasonal Weights'!D17 -> 0.017878424 | E18: =+'[9]SUBS Seasonal Weights'!E17 -> 0.017726037 | F18: =+'[9]SUBS Seasonal Weights'!F17 -> 0.012494008 | G18: =+'[9]SUBS Seasonal Weights'!G17 -> 0.020031102 | H18: =+'[9]SUBS Seasonal Weights'!H17 -> 0.014216466 | I18: =+'[9]SUBS Seasonal Weights'!I17 -> 0.013143384 | J18: =+'[9]SUBS Seasonal Weights'!J17 -> 0.013680482 | K18: =+'[9]SUBS Seasonal Weights'!K17 -> 0.013867671 | ... P18: =+'[9]SUBS Seasonal Weights'!P17 -> 0.014117903
A19: =+A18+1 -> 8 | B19: Wichita Falls. | D19: =+'[9]SUBS Seasonal Weights'!D18 -> 0.035481282 | E19: =+'[9]SUBS Seasonal Weights'!E18 -> 0.037699351 | F19: =+'[9]SUBS Seasonal Weights'!F18 -> 0.031438246 | G19: =+'[9]SUBS Seasonal Weights'!G18 -> 0.037494006 | H19: =+'[9]SUBS Seasonal Weights'!H18 -> 0.038494161 | I19: =+'[9]SUBS Seasonal Weights'!I18 -> 0.035278656 | J19: =+'[9]SUBS Seasonal Weights'!J18 -> 0.034818928 | K19: =+'[9]SUBS Seasonal Weights'!K18 -> 0.034729604 | ... P19: =+'[9]SUBS Seasonal Weights'!P18 -> 0.034534564
A20: =+A19+1 -> 9 | B20: Longview | D20: =+'[9]SUBS Seasonal Weights'!D19 -> 0.010983162 | E20: =+'[9]SUBS Seasonal Weights'!E19 -> 0.01096664 | F20: =+'[9]SUBS Seasonal Weights'!F19 -> 0.0078127117 | G20: =+'[9]SUBS Seasonal Weights'!G19 -> 0.010859666 | H20: =+'[9]SUBS Seasonal Weights'!H19 -> 0.011895186 | I20: =+'[9]SUBS Seasonal Weights'!I19 -> 0.010870071 | J20: =+'[9]SUBS Seasonal Weights'!J19 -> 0.012662117 | K20: =+'[9]SUBS Seasonal Weights'!K19 -> 0.014901043 | ... P20: =+'[9]SUBS Seasonal Weights'!P19 -> 0.013096732
A21: =+A20+1 -> 10 | B21: Austin | D21: =+'[9]SUBS Seasonal Weights'!D20 -> 0 | E21: =+'[9]SUBS Seasonal Weights'!E20 -> 0 | F21: =+'[9]SUBS Seasonal Weights'!F20 -> 0 | G21: =+'[9]SUBS Seasonal Weights'!G20 -> 0 | H21: =+'[9]SUBS Seasonal Weights'!H20 -> 0 | I21: =+'[9]SUBS Seasonal Weights'!I20 -> 0 | J21: =+'[9]SUBS Seasonal Weights'!J20 -> 0 | K21: =+'[9]SUBS Seasonal Weights'!K20 -> 0 | ... P21: =+'[9]SUBS Seasonal Weights'!P20 -> 0
A22: =+A21+1 -> 11 | D22: =SUM(D12:D21) -> 1 | E22: =SUM(E12:E21) -> 1 | F22: =SUM(F12:F21) -> 1 | G22: =SUM(G12:G21) -> 1 | H22: =SUM(H12:H21) -> 1 | I22: =SUM(I12:I21) -> 1 | J22: =SUM(J12:J21) -> 1 | K22: =SUM(K12:K21) -> 1 | ... P22: =SUM(P12:P21) -> 1
A23: =+A22+1 -> 12
A24: =+A23+1 -> 13 | D24: SEASONAL WEIGHTS
A25: =+A24+1 -> 14 | D25: Nov to Mar | F25: May to Sep
A26: =+A25+1 -> 15 | B26: Weather Station | D26: Winter | F26: Summer
A27: =+A26+1 -> 16 | B27: Dallas-Fort Worth | D27: =ROUND(AVERAGE(D12:F12,N12:O12),3) -> 0.191 | F27: =ROUND(AVERAGE(H12:L12),3) -> 0.207
A28: =+A27+1 -> 17 | B28: Midland-Odessa | D28: =ROUND(AVERAGE(D13:F13,N13:O13),3) -> 0.565 | F28: =ROUND(AVERAGE(H13:L13),3) -> 0.545
A29: =+A28+1 -> 18 | B29: Lufkin | D29: =ROUND(AVERAGE(D14:F14,N14:O14),3) -> 0.024 | F29: =ROUND(AVERAGE(H14:L14),3) -> 0.028
A30: =+A29+1 -> 19 | B30: Abilene | D30: =ROUND(AVERAGE(D15:F15,N15:O15),3) -> 0.092 | F30: =ROUND(AVERAGE(H15:L15),3) -> 0.082
A31: =+A30+1 -> 20 | B31: Sherman-Dennison | D31: =ROUND(AVERAGE(D16:F16,N16:O16),3) -> 0.008 | F31: =ROUND(AVERAGE(H16:L16),3) -> 0.011
A32: =+A31+1 -> 21 | B32: Killeen-Temple | D32: =ROUND(AVERAGE(D17:F17,N17:O17),3) -> 0.06 | F32: =ROUND(AVERAGE(H17:L17),3) -> 0.064
A33: =+A32+1 -> 22 | B33: Waco | D33: =ROUND(AVERAGE(D18:F18,N18:O18),3) -> 0.014 | F33: =ROUND(AVERAGE(H18:L18),3) -> 0.013
A34: =+A33+1 -> 23 | B34: Wichita Falls. | D34: =ROUND(AVERAGE(D19:F19,N19:O19),3) -> 0.034 | F34: =ROUND(AVERAGE(H19:L19),3) -> 0.035
A35: =+A34+1 -> 24 | B35: Longview | D35: =ROUND(AVERAGE(D20:F20,N20:O20),3) -> 0.012 | F35: =ROUND(AVERAGE(H20:L20),3) -> 0.014
A36: =+A35+1 -> 25 | B36: Austin | D36: =ROUND(AVERAGE(D21:F21,N21:O21),3) -> 0 | F36: =ROUND(AVERAGE(H21:L21),3) -> 0
A37: =+A36+1 -> 26 | D37: =AVERAGE(D22:F22,N22:O22) -> 1 | F37: =AVERAGE(H22:L22) -> 1

Sheet Class Spline Weights
B1: =+RES!B1 -> PUC DOCKET NO.
B2: =+RES!B2 -> ONCOR ELECTRIC DELIVERY COMPANY LLC
B3: =+RES!B3 -> ADJUSTED WEATHER STATION DATA
B4: =+RES!B4 -> FOR THE TEST YEAR ENDING DECEMBER 31, 2021
B6: =+RES!B6 -> SPONSOR: D. E. NELSON
B8: SPLINE WEIGHTS BY CLASS
A9: Line | B9: (a) | C9: (b) | D9: (c) | F9: (d) | G9: (e) | H9: (f)
A10: No. | B10: Residential Heating | F10: Residential Cooling
A11: 1 | B11: Temperature Base | C11: Coefficient | D11: Weight | F11: Temperature Base | G11: Coefficient | H11: Weight
A12: =+A11+1 -> 2 | B12: 65 | C12: =+'[10]RES Spline Model'!C51 -> 408.43 | D12: =ROUND(C12/$C$17,5) -> 0.07552
A13: =+A12+1 -> 3 | B13: 60 | C13: =+'[10]RES Spline Model'!C50 -> 988.327 | D13: =ROUND(C13/$C$17,5) -> 0.18275 | F13: 65 | G13: =+'[10]RES Spline Model'!C52 -> 1462.072 | H13: =ROUND(G13/$G$17,5) -> 0.26171
A14: =+A13+1 -> 4 | B14: 55 | C14: =+'[10]RES Spline Model'!C49 -> 1896.28 | D14: =ROUND(C14/$C$17,5) -> 0.35063 | F14: 70 | G14: =+'[10]RES Spline Model'!C53 -> 2075.154 | H14: =ROUND(G14/$G$17,5) -> 0.37145
A15: =+A14+1 -> 5 | B15: 45 | C15: =+'[10]RES Spline Model'!C48 -> 880.419 | D15: =ROUND(C15/$C$17,5) -> 0.16279 | F15: 75 | G15: =+'[10]RES Spline Model'!C54 -> 1562.961 | H15: =ROUND(G15/$G$17,5) -> 0.27977
A16: =+A15+1 -> 6 | B16: 40 | C16: =+'[10]RES Spline Model'!C47 -> 1234.77 | D16: =ROUND(C16/$C$17,5) -> 0.22831 | F16: 80 | G16: =+'[10]RES Spline Model'!C55 -> 486.469 | H16: =ROUND(G16/$G$17,5) -> 0.08708
A17: =+A16+1 -> 7 | B17: Total | C17: =SUM(C12:C16) -> 5408.226 | D17: =SUM(D12:D16) -> 1 | F17: Total | G17: =SUM(G13:G16) -> 5586.656 | H17: =SUM(H13:H16) -> 1.00001
A18: =+A17+1 -> 8
A19: =+A18+1 -> 9 | B19: Secondary Service Less Than or Equal to 10 kW Heating | F19: Secondary Service Less Than or Equal to 10 kW Cooling
A20: =+A19+1 -> 10 | B20: Temperature Base | C20: Coefficient | D20: Weight | F20: Temperature Base | G20: Coefficient | H20: Weight
A21: =+A20+1 -> 11 | F21: 65 | G21: =+'[10]GSS Spline Model'!C49 -> 15.156 | H21: =ROUND(G21/$G$25,5) -> 0.18266
A22: =+A21+1 -> 12 | B22: 60 | C22: =+'[10]GSS Spline Model'!C48 -> 18.439 | D22: =ROUND(C22/$C$25,5) -> 0.37453 | F22: 70 | G22: =+'[10]GSS Spline Model'!C50 -> 22.432 | H22: =ROUND(G22/$G$25,5) -> 0.27035
A23: =+A22+1 -> 13 | B23: 55 | C23: =+'[10]GSS Spline Model'!C47 -> 13.441 | D23: =ROUND(C23/$C$25,5) -> 0.27301 | F23: 75 | G23: =+'[10]GSS Spline Model'!C51 -> 25.371 | H23: =ROUND(G23/$G$25,5) -> 0.30577
A24: =+A23+1 -> 14 | B24: 45 | C24: =+'[10]GSS Spline Model'!C46 -> 17.353 | D24: =ROUND(C24/$C$25,5) -> 0.35247 | F24: 85 | G24: =+'[10]GSS Spline Model'!C52 -> 20.015 | H24: =ROUND(G24/$G$25,5) -> 0.24122
A25: =+A24+1 -> 15 | B25: Total | C25: =SUM(C22:C24) -> 49.233 | D25: =SUM(D22:D24) -> 1.00001 | F25: Total | G25: =SUM(G21:G24) -> 82.974 | H25: =SUM(H21:H24) -> 1
A26: =+A25+1 -> 16
A27: =+A26+1 -> 17 | B27: Secondary Service Greater Than 10 kW Heating | F27: Secondary Service Greater Than 10 kW Cooling
A28: =+A27+1 -> 18 | B28: Temperature Base | C28: Coefficient | D28: Weight | F28: Temperature Base | G28: Coefficient | H28: Weight
A29: =+A28+1 -> 19 | F29: 60 | G29: =+'[10]GSL Spline Model'!C49 -> 523.01 | H29: =ROUND(G29/$G$33,5) -> 0.25864
A30: =+A29+1 -> 20 | F30: 65 | G30: =+'[10]GSL Spline Model'!C50 -> 346.225 | H30: =ROUND(G30/$G$33,5) -> 0.17121
A31: =+A30+1 -> 21 | B31: 55 | C31: =+'[10]GSL Spline Model'!C48 -> 530.556 | D31: =ROUND(C31/$C$33,5) -> 0.45607 | F31: 70 | G31: =+'[10]GSL Spline Model'!C51 -> 676.207 | H31: =ROUND(G31/$G$33,5) -> 0.33439
A32: =+A31+1 -> 22 | B32: 45 | C32: =+'[10]GSL Spline Model'!C47 -> 632.775 | D32: =ROUND(C32/$C$33,5) -> 0.54393 | F32: 75 | G32: =+'[10]GSL Spline Model'!C52 -> 476.746 | H32: =ROUND(G32/$G$33,5) -> 0.23576
A33: =+A32+1 -> 23 | B33: Total | C33: =SUM(C31:C32) -> 1163.331 | D33: =SUM(D31:D32) -> 1 | F33: Total | G33: =SUM(G29:G32) -> 2022.188 | H33: =SUM(H29:H32) -> 1
A34: =+A33+1 -> 24
A35: =+A34+1 -> 25 | B35: Primary Service Greater Than 10 kW Distribution Heating | F35: Primary Service Greater Than 10 kW Distribution Cooling
A36: =+A35+1 -> 26 | B36: Temperature Base | C36: Coefficient | D36: Weight | F36: Temperature Base | G36: Coefficient | H36: Weight
A37: =+A36+1 -> 27 | F37: 55 | G37: =+'[10]GPLD Spline Model'!C49 -> 58.096 | H37: =ROUND(G37/$G$39,5) -> 0.42683
A38: =+A37+1 -> 28 | F38: 70 | G38: =+'[10]GPLD Spline Model'!C50 -> 78.014 | H38: =ROUND(G38/$G$39,5) -> 0.57317
A39: =+A38+1 -> 29 | F39: Total | G39: =SUM(G37:G38) -> 136.11 | H39: =SUM(H37:H38) -> 1
B41: Substation Heating | F41: Substation Cooling
B42: Temperature Base | C42: Coefficient | D42: Weight | F42: Temperature Base | G42: Coefficient | H42: Weight
F43: 50 | G43: =+'[10]SUBS Spline Model'!C33 -> 14.089 | H43: =ROUND(G43/$G$46,5) -> 2.12472
F44: 70 | G44: =+'[10]SUBS Spline Model'!C34 -> 21.438 | H44: =ROUND(G44/$G$46,5) -> 3.233
F45: 85 | G45: =+'[10]SUBS Spline Model'!C35 -> -28.896 | H45: =ROUND(G45/$G$46,5) -> -4.35771
F46: Total | G46: =SUM(G43:G45) -> 6.631 | H46: =SUM(H43:H45) -> 1.00001
