Workbook

Sheet Introduction
B1: PUC DOCKET NO.
B2: ONCOR ELECTRIC DELIVERY COMPANY LLC
B3: MODEL DATA
B4: FOR THE TEST YEAR ENDING DECEMBER 31, 2021
B6: SPONSOR: D. E. NELSON
A8: Line
A9: No.
A10: 1 | B10: Schedule II-H-2.2 page 2 to 31 provides the data necessary to replicate
A12: 2 | B12: the models presented in Schedule II-H-2.1.
A14: 3 | B14: Page 2 through 16 is the data in models used for the weather adjustment
A16: 4 | B16: Page 17 through 31 provides data included in the before autocorrelation adjustment

Sheet RES Data
B1: =+Introduction!B1 -> PUC DOCKET NO.
B2: =+Introduction!B2 -> ONCOR ELECTRIC DELIVERY COMPANY LLC
B3: =+Introduction!B3 -> MODEL DATA
B4: =+Introduction!B4 -> FOR THE TEST YEAR ENDING DECEMBER 31, 2021
B6: =+Introduction!B6 -> SPONSOR: D. E. NELSON
B8: (a) | C8: (b) | D8: (c) | E8: (d) | F8: (e) | G8: (f) | H8: (g) | I8: (h) | J8: (i) | K8: (j) | L8: (k) | M8: (l) | N8: (n) | O8: (o) | P8: (p) | Q8: (q) | R8: (r) | S8: (s) | T8: (t)
A9: Line | B9: RESIDENTIAL MODEL
A10: No. | B10: Year | C10: Month | D10: Res_UPC_Day | E10: XHeatNew | F10: XCoolNew | G10: XOther | H10: Jan | I10: Feb | J10: Mar | K10: Apr | L10: May | M10: Jun | N10: Jul | O10: Aug | P10: Sep | Q10: Oct | R10: Nov | S10: Dec | T10: XOtherTrend
A11: 1 | B11: 2010 | C11: 1 | D11: 49.02 | E11: 11.592186 | F11: 0 | G11: 26.13 | H11: 1 | I11: 0 | J11: 0 | K11: 0 | L11: 0 | M11: 0 | N11: 0 | O11: 0 | P11: 0 | Q11: 0 | R11: 0 | S11: 0 | T11: 130.64
A12: =+A11+1 -> 2 | B12: 2010 | C12: 2 | D12: 44.88 | E12: 9.7024626 | F12: 0 | G12: 25.83 | H12: 0 | I12: 1 | J12: 0 | K12: 0 | L12: 0 | M12: 0 | N12: 0 | O12: 0 | P12: 0 | Q12: 0 | R12: 0 | S12: 0 | T12: 129.13
A13: =+A12+1 -> 3 | B13: 2010 | C13: 3 | D13: 39.95 | E13: 7.0183814 | F13: 0 | G13: 25.49 | H13: 0 | I13: 0 | J13: 1 | K13: 0 | L13: 0 | M13: 0 | N13: 0 | O13: 0 | P13: 0 | Q13: 0 | R13: 0 | S13: 0 | T13: 127.45
A14: =+A13+1 -> 4 | B14: 2010 | C14: 4 | D14: 27.99 | E14: 1.4266775 | F14: 0.46 | G14: 24.9 | H14: 0 | I14: 0 | J14: 0 | K14: 1 | L14: 0 | M14: 0 | N14: 0 | O14: 0 | P14: 0 | Q14: 0 | R14: 0 | S14: 0 | T14: 124.52
A15: =+A14+1 -> 5 | B15: 2010 | C15: 5 | D15: 28.6 | E15: 0.10928776 | F15: 2.14 | G15: 24.53 | H15: 0 | I15: 0 | J15: 0 | K15: 0 | L15: 1 | M15: 0 | N15: 0 | O15: 0 | P15: 0 | Q15: 0 | R15: 0 | S15: 0 | T15: 122.66
A16: =+A15+1 -> 6 | B16: 2010 | C16: 6 | D16: 46.73 | E16: 0.0044418456 | F16: 9.37 | G16: 24.18 | H16: 0 | I16: 0 | J16: 0 | K16: 0 | L16: 0 | M16: 1 | N16: 0 | O16: 0 | P16: 0 | Q16: 0 | R16: 0 | S16: 0 | T16: 120.92
A17: =+A16+1 -> 7 | B17: 2010 | C17: 7 | D17: 55.15 | E17: 0 | F17: 12.19 | G17: 23.54 | H17: 0 | I17: 0 | J17: 0 | K17: 0 | L17: 0 | M17: 0 | N17: 1 | O17: 0 | P17: 0 | Q17: 0 | R17: 0 | S17: 0 | T17: 117.68
A18: =+A17+1 -> 8 | B18: 2010 | C18: 8 | D18: 61.47 | E18: 0 | F18: 14.51 | G18: 23.44 | H18: 0 | I18: 0 | J18: 0 | K18: 0 | L18: 0 | M18: 0 | N18: 0 | O18: 1 | P18: 0 | Q18: 0 | R18: 0 | S18: 0 | T18: 117.22
A19: =+A18+1 -> 9 | B19: 2010 | C19: 9 | D19: 57.2 | E19: 0 | F19: 13.06 | G19: 23.84 | H19: 0 | I19: 0 | J19: 0 | K19: 0 | L19: 0 | M19: 0 | N19: 0 | O19: 0 | P19: 1 | Q19: 0 | R19: 0 | S19: 0 | T19: 119.22
A20: =+A19+1 -> 10 | B20: 2010 | C20: 10 | D20: 38.29 | E20: 0.024351264 | F20: 5.07 | G20: 24.5 | H20: 0 | I20: 0 | J20: 0 | K20: 0 | L20: 0 | M20: 0 | N20: 0 | O20: 0 | P20: 0 | Q20: 1 | R20: 0 | S20: 0 | T20: 122.52
A21: =+A20+1 -> 11 | B21: 2010 | C21: 11 | D21: 28.17 | E21: 0.65601193 | F21: 1.13 | G21: 25.11 | H21: 0 | I21: 0 | J21: 0 | K21: 0 | L21: 0 | M21: 0 | N21: 0 | O21: 0 | P21: 0 | Q21: 0 | R21: 1 | S21: 0 | T21: 125.53
A22: =+A21+1 -> 12 | B22: 2010 | C22: 12 | D22: 32.93 | E22: 4.1149858 | F22: 0.33 | G22: 25.85 | H22: 0 | I22: 0 | J22: 0 | K22: 0 | L22: 0 | M22: 0 | N22: 0 | O22: 0 | P22: 0 | Q22: 0 | R22: 0 | S22: 1 | T22: 129.25
A23: =+A22+1 -> 13 | B23: 2011 | C23: 1 | D23: 42.42 | E23: 8.4919152 | F23: 0.01 | G23: 26.87 | H23: 1 | I23: 0 | J23: 0 | K23: 0 | L23: 0 | M23: 0 | N23: 0 | O23: 0 | P23: 0 | Q23: 0 | R23: 0 | S23: 0 | T23: 161.22
... A149: =+A148+1 -> 139 | B149: 2021 | C149: 7 | D149: 47.5 | E149: 1.9252985e-05 | F149: 9.89 | G149: 27.69 | H149: 0 | I149: 0 | J149: 0 | K149: 0 | L149: 0 | M149: 0 | N149: 1 | O149: 0 | P149: 0 | Q149: 0 | R149: 0 | S149: 0 | T149: 442.99

Sheet SECLE10KW Data
B1: =+Introduction!B1 -> PUC DOCKET NO.
B2: =+Introduction!B2 -> ONCOR ELECTRIC DELIVERY COMPANY LLC
B3: =+Introduction!B3 -> MODEL DATA
B4: =+Introduction!B4 -> FOR THE TEST YEAR ENDING DECEMBER 31, 2021
B6: =+Introduction!B6 -> SPONSOR: D. E. NELSON
B8: (a) | C8: (b) | D8: (c) | E8: (d) | F8: (e) | G8: (f) | H8: (g) | I8: (h) | J8: (i) | K8: (j) | L8: (k) | M8: (l) | N8: (n) | O8: (o) | P8: (p) | Q8: (q) | R8: (r)
A9: Line | B9: SECONDARY SERVICE LESS THAN OR EQUAL TO 10 KW MODEL
A10: No. | B10: Year | C10: Month | D10: SS_UPC_Day | E10: SS_HDDNew | F10: SS_CDDNew | G10: Jan | H10: Feb | I10: Mar | J10: Apr | K10: May | L10: Jun | M10: Jul | N10: Aug | O10: Sep | P10: Oct | Q10: Nov | R10: Dec
A11: 1 | B11: 2010 | C11: 1 | D11: 19.68 | E11: 12.85 | F11: 0 | G11: 1 | H11: 0 | I11: 0 | J11: 0 | K11: 0 | L11: 0 | M11: 0 | N11: 0 | O11: 0 | P11: 0 | Q11: 0 | R11: 0
A12: =+A11+1 -> 2 | B12: 2010 | C12: 2 | D12: 18.85 | E12: 10.72 | F12: 0 | G12: 0 | H12: 1 | I12: 0 | J12: 0 | K12: 0 | L12: 0 | M12: 0 | N12: 0 | O12: 0 | P12: 0 | Q12: 0 | R12: 0
A13: =+A12+1 -> 3 | B13: 2010 | C13: 3 | D13: 17.66 | E13: 7.76 | F13: 0 | G13: 0 | H13: 0 | I13: 1 | J13: 0 | K13: 0 | L13: 0 | M13: 0 | N13: 0 | O13: 0 | P13: 0 | Q13: 0 | R13: 0
A14: =+A13+1 -> 4 | B14: 2010 | C14: 4 | D14: 15.48 | E14: 1.56 | F14: 0.35 | G14: 0 | H14: 0 | I14: 0 | J14: 1 | K14: 0 | L14: 0 | M14: 0 | N14: 0 | O14: 0 | P14: 0 | Q14: 0 | R14: 0
A15: =+A14+1 -> 5 | B15: 2010 | C15: 5 | D15: 15.64 | E15: 0.1 | F15: 1.67 | G15: 0 | H15: 0 | I15: 0 | J15: 0 | K15: 1 | L15: 0 | M15: 0 | N15: 0 | O15: 0 | P15: 0 | Q15: 0 | R15: 0
A16: =+A15+1 -> 6 | B16: 2010 | C16: 6 | D16: 18.55 | E16: 0 | F16: 7.76 | G16: 0 | H16: 0 | I16: 0 | J16: 0 | K16: 0 | L16: 1 | M16: 0 | N16: 0 | O16: 0 | P16: 0 | Q16: 0 | R16: 0
A17: =+A16+1 -> 7 | B17: 2010 | C17: 7 | D17: 20.74 | E17: 0 | F17: 10.2 | G17: 0 | H17: 0 | I17: 0 | J17: 0 | K17: 0 | L17: 0 | M17: 1 | N17: 0 | O17: 0 | P17: 0 | Q17: 0 | R17: 0
A18: =+A17+1 -> 8 | B18: 2010 | C18: 8 | D18: 21.94 | E18: 0 | F18: 12.41 | G18: 0 | H18: 0 | I18: 0 | J18: 0 | K18: 0 | L18: 0 | M18: 0 | N18: 1 | O18: 0 | P18: 0 | Q18: 0 | R18: 0
A19: =+A18+1 -> 9 | B19: 2010 | C19: 9 | D19: 21.05 | E19: 0 | F19: 11.12 | G19: 0 | H19: 0 | I19: 0 | J19: 0 | K19: 0 | L19: 0 | M19: 0 | N19: 0 | O19: 1 | P19: 0 | Q19: 0 | R19: 0
A20: =+A19+1 -> 10 | B20: 2010 | C20: 10 | D20: 17.97 | E20: 0 | F20: 4.05 | G20: 0 | H20: 0 | I20: 0 | J20: 0 | K20: 0 | L20: 0 | M20: 0 | N20: 0 | O20: 0 | P20: 1 | Q20: 0 | R20: 0
A21: =+A20+1 -> 11 | B21: 2010 | C21: 11 | D21: 16.36 | E21: 0.69 | F21: 0.83 | G21: 0 | H21: 0 | I21: 0 | J21: 0 | K21: 0 | L21: 0 | M21: 0 | N21: 0 | O21: 0 | P21: 0 | Q21: 1 | R21: 0
A22: =+A21+1 -> 12 | B22: 2010 | C22: 12 | D22: 17.18 | E22: 4.64 | F22: 0.23 | G22: 0 | H22: 0 | I22: 0 | J22: 0 | K22: 0 | L22: 0 | M22: 0 | N22: 0 | O22: 0 | P22: 0 | Q22: 0 | R22: 1
A23: =+A22+1 -> 13 | B23: 2011 | C23: 1 | D23: 18.32 | E23: 9.29 | F23: 0.01 | G23: 1 | H23: 0 | I23: 0 | J23: 0 | K23: 0 | L23: 0 | M23: 0 | N23: 0 | O23: 0 | P23: 0 | Q23: 0 | R23: 0
... A149: =+A148+1 -> 139 | B149: 2021 | C149: 7 | D149: 18.12 | E149: 0 | F149: 8.37 | G149: 0 | H149: 0 | I149: 0 | J149: 0 | K149: 0 | L149: 0 | M149: 1 | N149: 0 | O149: 0 | P149: 0 | Q149: 0 | R149: 0

Sheet SECGT10KW Data 
B1: =+Introduction!B1 -> PUC DOCKET NO.
B2: =+Introduction!B2 -> ONCOR ELECTRIC DELIVERY COMPANY LLC
B3: =+Introduction!B3 -> MODEL DATA
B4: =+Introduction!B4 -> FOR THE TEST YEAR ENDING DECEMBER 31, 2021
B6: =+Introduction!B6 -> SPONSOR: D. E. NELSON
B8: (a) | C8: (b) | D8: (c) | E8: (d) | F8: (e) | G8: (f) | H8: (g) | I8: (h) | J8: (i) | K8: (j) | L8: (k) | M8: (l) | N8: (n) | O8: (o) | P8: (p) | Q8: (q)
A9: Line | B9: SECONDARY SERVICE GREATER THAN 10 KW MODEL
A10: No. | B10: Year | C10: Month | D10: LS_UPC_Day | E10: LS_HDDNew | F10: LS_CDDNew | G10: EMFGONCOR | H10: Jan | I10: Feb | J10: Mar | K10: Apr | L10: May | M10: Jun | N10: Jul | O10: Aug | P10: Nov | Q10: Dec
A11: 1 | B11: 2010 | C11: 1 | D11: 595.58 | E11: 9.48 | F11: 0.05 | G11: 392.53 | H11: 1 | I11: 0 | J11: 0 | K11: 0 | L11: 0 | M11: 0 | N11: 0 | O11: 0 | P11: 0 | Q11: 0
A12: =+A11+1 -> 2 | B12: 2010 | C12: 2 | D12: 610.82 | E12: 7.66 | F12: 0.04 | G12: 392.71 | H12: 0 | I12: 1 | J12: 0 | K12: 0 | L12: 0 | M12: 0 | N12: 0 | O12: 0 | P12: 0 | Q12: 0
A13: =+A12+1 -> 3 | B13: 2010 | C13: 3 | D13: 587.08 | E13: 5.03 | F13: 0.03 | G13: 392.81 | H13: 0 | I13: 0 | J13: 1 | K13: 0 | L13: 0 | M13: 0 | N13: 0 | O13: 0 | P13: 0 | Q13: 0
A14: =+A13+1 -> 4 | B14: 2010 | C14: 4 | D14: 568.46 | E14: 0.66 | F14: 1.33 | G14: 392.83 | H14: 0 | I14: 0 | J14: 0 | K14: 1 | L14: 0 | M14: 0 | N14: 0 | O14: 0 | P14: 0 | Q14: 0
A15: =+A14+1 -> 5 | B15: 2010 | C15: 5 | D15: 614.22 | E15: 0.01 | F15: 4.2 | G15: 392.75 | H15: 0 | I15: 0 | J15: 0 | K15: 0 | L15: 1 | M15: 0 | N15: 0 | O15: 0 | P15: 0 | Q15: 0
A16: =+A15+1 -> 6 | B16: 2010 | C16: 6 | D16: 719.91 | E16: 0 | F16: 13.36 | G16: 392.57 | H16: 0 | I16: 0 | J16: 0 | K16: 0 | L16: 0 | M16: 1 | N16: 0 | O16: 0 | P16: 0 | Q16: 0
A17: =+A16+1 -> 7 | B17: 2010 | C17: 7 | D17: 770.37 | E17: 0 | F17: 16.6 | G17: 392.29 | H17: 0 | I17: 0 | J17: 0 | K17: 0 | L17: 0 | M17: 0 | N17: 1 | O17: 0 | P17: 0 | Q17: 0
A18: =+A17+1 -> 8 | B18: 2010 | C18: 8 | D18: 808.14 | E18: 0 | F18: 19.21 | G18: 391.9 | H18: 0 | I18: 0 | J18: 0 | K18: 0 | L18: 0 | M18: 0 | N18: 0 | O18: 1 | P18: 0 | Q18: 0
A19: =+A18+1 -> 9 | B19: 2010 | C19: 9 | D19: 800.35 | E19: 0 | F19: 17.53 | G19: 391.43 | H19: 0 | I19: 0 | J19: 0 | K19: 0 | L19: 0 | M19: 0 | N19: 0 | O19: 0 | P19: 0 | Q19: 0
A20: =+A19+1 -> 10 | B20: 2010 | C20: 10 | D20: 682.57 | E20: 0 | F20: 8.02 | G20: 390.89 | H20: 0 | I20: 0 | J20: 0 | K20: 0 | L20: 0 | M20: 0 | N20: 0 | O20: 0 | P20: 0 | Q20: 0
A21: =+A20+1 -> 11 | B21: 2010 | C21: 11 | D21: 612.57 | E21: 0.19 | F21: 2.6 | G21: 390.3 | H21: 0 | I21: 0 | J21: 0 | K21: 0 | L21: 0 | M21: 0 | N21: 0 | O21: 0 | P21: 1 | Q21: 0
A22: =+A21+1 -> 12 | B22: 2010 | C22: 12 | D22: 574.98 | E22: 2.51 | F22: 0.78 | G22: 389.68 | H22: 0 | I22: 0 | J22: 0 | K22: 0 | L22: 0 | M22: 0 | N22: 0 | O22: 0 | P22: 0 | Q22: 1
A23: =+A22+1 -> 13 | B23: 2011 | C23: 1 | D23: 580.17 | E23: 6.33 | F23: 0.1 | G23: 389.05 | H23: 1 | I23: 0 | J23: 0 | K23: 0 | L23: 0 | M23: 0 | N23: 0 | O23: 0 | P23: 0 | Q23: 0
... A149: =+A148+1 -> 139 | B149: 2021 | C149: 7 | D149: 695.01 | E149: 0 | F149: 14.32 | G149: 365.78 | H149: 0 | I149: 0 | J149: 0 | K149: 0 | L149: 0 | M149: 0 | N149: 1 | O149: 0 | P149: 0 | Q149: 0

Sheet PRMGT10KWD Data
B1: =+Introduction!B1 -> PUC DOCKET NO.
B2: =+Introduction!B2 -> ONCOR ELECTRIC DELIVERY COMPANY LLC
B3: =+Introduction!B3 -> MODEL DATA
B4: =+Introduction!B4 -> FOR THE TEST YEAR ENDING DECEMBER 31, 2021
B6: =+Introduction!B6 -> SPONSOR: D. E. NELSON
B8: (a) | C8: (b) | D8: (c) | E8: (d) | F8: (e) | G8: (f) | H8: (g) | I8: (h)
A9: Line | B9: PRIMARY SERVICE GREATER THAN 10 KW MODEL
A10: No. | B10: Year | C10: Month | D10: LP_UPD | E10: LP_CDDNew | F10: GMPR | G10: Feb | H10: Apr | I10: Oct
A11: 1 | B11: 2010 | C11: 1 | D11: 24981.86 | E11: 0.13 | F11: 352414.29 | G11: 0 | H11: 0 | I11: 0
A12: =+A11+1 -> 2 | B12: 2010 | C12: 2 | D12: 26601.47 | E12: 0.16 | F12: 352965.23 | G12: 1 | H12: 0 | I12: 0
A13: =+A12+1 -> 3 | B13: 2010 | C13: 3 | D13: 27419.11 | E13: 0.33 | F13: 352853.35 | G13: 0 | H13: 0 | I13: 0
A14: =+A13+1 -> 4 | B14: 2010 | C14: 4 | D14: 27698.19 | E14: 2.93 | F14: 352446.7 | G14: 0 | H14: 1 | I14: 0
A15: =+A14+1 -> 5 | B15: 2010 | C15: 5 | D15: 24508 | E15: 6.44 | F15: 352305.22 | G15: 0 | H15: 0 | I15: 0
A16: =+A15+1 -> 6 | B16: 2010 | C16: 6 | D16: 28722.44 | E16: 16.21 | F16: 352836.47 | G16: 0 | H16: 0 | I16: 0
A17: =+A16+1 -> 7 | B17: 2010 | C17: 7 | D17: 29662.68 | E17: 18.85 | F17: 353968.57 | G17: 0 | H17: 0 | I17: 0
A18: =+A17+1 -> 8 | B18: 2010 | C18: 8 | D18: 30286.3 | E18: 20.9 | F18: 355481.63 | G18: 0 | H18: 0 | I18: 0
A19: =+A18+1 -> 9 | B19: 2010 | C19: 9 | D19: 29923.99 | E19: 19.53 | F19: 357036.86 | G19: 0 | H19: 0 | I19: 0
A20: =+A19+1 -> 10 | B20: 2010 | C20: 10 | D20: 30650.21 | E20: 10.38 | F20: 358231.23 | G20: 0 | H20: 0 | I20: 1
A21: =+A20+1 -> 11 | B21: 2010 | C21: 11 | D21: 27691.95 | E21: 4.4 | F21: 358610.73 | G21: 0 | H21: 0 | I21: 0
A22: =+A21+1 -> 12 | B22: 2010 | C22: 12 | D22: 26096.02 | E22: 1.24 | F22: 358064.01 | G22: 0 | H22: 0 | I22: 0
A23: =+A22+1 -> 13 | B23: 2011 | C23: 1 | D23: 25758.24 | E23: 0.34 | F23: 357578.2 | G23: 0 | H23: 0 | I23: 0
... A149: =+A148+1 -> 139 | B149: 2021 | C149: 7 | D149: 48162.79 | E149: 17.04 | F149: 465836.72 | G149: 0 | H149: 0 | I149: 0

Sheet SUBSTATION Data
B1: =+Introduction!B1 -> PUC DOCKET NO.
B2: =+Introduction!B2 -> ONCOR ELECTRIC DELIVERY COMPANY LLC
B3: =+Introduction!B3 -> MODEL DATA
B4: =+Introduction!B4 -> FOR THE TEST YEAR ENDING DECEMBER 31, 2021
B6: =+Introduction!B6 -> SPONSOR: D. E. NELSON
B8: (a) | C8: (b) | D8: (c) | E8: (d) | F8: (e) | G8: (f) | H8: (g) | I8: (h) | J8: (i) | K8: (j) | L8: (k) | M8: (l) | N8: (n)
A9: Line | B9: SUBSTATION MODEL
A10: No. | B10: Year | C10: Month | D10: LP_Sub_UPD | E10: SUB_CDDNew | F10: GMPR | G10: Jan | H10: Mar | I10: Apr | J10: May | K10: Jun | L10: Jul | M10: Aug | N10: NOV2015
A11: 1 | B11: 2012 | C11: 1 | D11: 5136.11 | E11: 2.65 | F11: 375639.65 | G11: 1 | H11: 0 | I11: 0 | J11: 0 | K11: 0 | L11: 0 | M11: 0 | N11: 0
A12: =+A11+1 -> 2 | B12: 2012 | C12: 2 | D12: 5365.52 | E12: 6.01 | F12: 376901.95 | G12: 0 | H12: 0 | I12: 0 | J12: 0 | K12: 0 | L12: 0 | M12: 0 | N12: 0
A13: =+A12+1 -> 3 | B13: 2012 | C13: 3 | D13: 5514.7 | E13: 16.08 | F13: 377503.19 | G13: 0 | H13: 1 | I13: 0 | J13: 0 | K13: 0 | L13: 0 | M13: 0 | N13: 0
A14: =+A13+1 -> 4 | B14: 2012 | C14: 4 | D14: 5733.52 | E14: 41.06 | F14: 377489.9 | G14: 0 | H14: 0 | I14: 1 | J14: 0 | K14: 0 | L14: 0 | M14: 0 | N14: 0
A15: =+A14+1 -> 5 | B15: 2012 | C15: 5 | D15: 5755.74 | E15: 66.79 | F15: 376932.54 | G15: 0 | H15: 0 | I15: 0 | J15: 1 | K15: 0 | L15: 0 | M15: 0 | N15: 0
A16: =+A15+1 -> 6 | B16: 2012 | C16: 6 | D16: 6198.8 | E16: 94.65 | F16: 376081.91 | G16: 0 | H16: 0 | I16: 0 | J16: 0 | K16: 1 | L16: 0 | M16: 0 | N16: 0
A17: =+A16+1 -> 7 | B17: 2012 | C17: 7 | D17: 6263.9 | E17: 113.82 | F17: 375644.6 | G17: 0 | H17: 0 | I17: 0 | J17: 0 | K17: 0 | L17: 1 | M17: 0 | N17: 0
A18: =+A17+1 -> 8 | B18: 2012 | C18: 8 | D18: 6867.51 | E18: 118.3 | F18: 376495.47 | G18: 0 | H18: 0 | I18: 0 | J18: 0 | K18: 0 | L18: 0 | M18: 1 | N18: 0
A19: =+A18+1 -> 9 | B19: 2012 | C19: 9 | D19: 6987.75 | E19: 101.06 | F19: 378958.13 | G19: 0 | H19: 0 | I19: 0 | J19: 0 | K19: 0 | L19: 0 | M19: 0 | N19: 0
A20: =+A19+1 -> 10 | B20: 2012 | C20: 10 | D20: 6861.98 | E20: 58.77 | F20: 381897.35 | G20: 0 | H20: 0 | I20: 0 | J20: 0 | K20: 0 | L20: 0 | M20: 0 | N20: 0
A21: =+A20+1 -> 11 | B21: 2012 | C21: 11 | D21: 6282.5 | E21: 31.63 | F21: 383710.13 | G21: 0 | H21: 0 | I21: 0 | J21: 0 | K21: 0 | L21: 0 | M21: 0 | N21: 0
A22: =+A21+1 -> 12 | B22: 2012 | C22: 12 | D22: 6438.59 | E22: 15.92 | F22: 383412.93 | G22: 0 | H22: 0 | I22: 0 | J22: 0 | K22: 0 | L22: 0 | M22: 0 | N22: 0
A23: =+A22+1 -> 13 | B23: 2013 | C23: 1 | D23: 5168.43 | E23: 3.94 | F23: 381981.05 | G23: 1 | H23: 0 | I23: 0 | J23: 0 | K23: 0 | L23: 0 | M23: 0 | N23: 0
... A125: =+A124+1 -> 115 | B125: 2021 | C125: 7 | D125: 14247.32 | E125: 96.25 | F125: 465836.72 | G125: 0 | H125: 0 | I125: 0 | J125: 0 | K125: 0 | L125: 1 | M125: 0 | N125: 0

Sheet RES B Data
B1: =+Introduction!B1 -> PUC DOCKET NO.
B2: =+Introduction!B2 -> ONCOR ELECTRIC DELIVERY COMPANY LLC
B3: =+Introduction!B3 -> MODEL DATA
B4: =+Introduction!B4 -> FOR THE TEST YEAR ENDING DECEMBER 31, 2021
B6: =+Introduction!B6 -> SPONSOR: D. E. NELSON
B8: (a) | C8: (b) | D8: (c) | E8: (d)
A9: Line | B9: RESIDENTIAL (B) MODEL
A10: No. | B10: Year | C10: Month | D10: XHeatTrendNew | E10: XCoolTrendNew
A11: 1 | B11: 2010 | C11: 1 | D11: 57.96 | E11: 0.02
A12: =+A11+1 -> 2 | B12: 2010 | C12: 2 | D12: 48.51 | E12: 0
A13: =+A12+1 -> 3 | B13: 2010 | C13: 3 | D13: 35.09 | E13: 0.01
A14: =+A13+1 -> 4 | B14: 2010 | C14: 4 | D14: 7.13 | E14: 2.29
A15: =+A14+1 -> 5 | B15: 2010 | C15: 5 | D15: 0.55 | E15: 10.71
A16: =+A15+1 -> 6 | B16: 2010 | C16: 6 | D16: 0.02 | E16: 46.87
A17: =+A16+1 -> 7 | B17: 2010 | C17: 7 | D17: 0 | E17: 60.93
A18: =+A17+1 -> 8 | B18: 2010 | C18: 8 | D18: 0 | E18: 72.57
A19: =+A18+1 -> 9 | B19: 2010 | C19: 9 | D19: 0 | E19: 65.31
A20: =+A19+1 -> 10 | B20: 2010 | C20: 10 | D20: 0.12 | E20: 25.34
A21: =+A20+1 -> 11 | B21: 2010 | C21: 11 | D21: 3.28 | E21: 5.63
A22: =+A21+1 -> 12 | B22: 2010 | C22: 12 | D22: 20.57 | E22: 1.64
A23: =+A22+1 -> 13 | B23: 2011 | C23: 1 | D23: 50.95 | E23: 0.06
... A149: =+A148+1 -> 139 | B149: 2021 | C149: 7 | D149: 0 | E149: 158.2

Sheet SECLE10KW B Data
B1: =+Introduction!B1 -> PUC DOCKET NO.
B2: =+Introduction!B2 -> ONCOR ELECTRIC DELIVERY COMPANY LLC
B3: =+Introduction!B3 -> MODEL DATA
B4: =+Introduction!B4 -> FOR THE TEST YEAR ENDING DECEMBER 31, 2021
B6: =+Introduction!B6 -> SPONSOR: D. E. NELSON
B8: (a) | C8: (b) | D8: (c)
A9: Line | B9: SECONDARY SERVICE LESS THAN OR EQUAL TO 10 KW (B) MODEL
A10: No. | B10: Year | C10: Month | D10: DFW_ESRV
A11: 1 | B11: 2010 | C11: 1 | D11: 400.33
A12: =+A11+1 -> 2 | B12: 2010 | C12: 2 | D12: 401.46
A13: =+A12+1 -> 3 | B13: 2010 | C13: 3 | D13: 404.66
A14: =+A13+1 -> 4 | B14: 2010 | C14: 4 | D14: 408.55
A15: =+A14+1 -> 5 | B15: 2010 | C15: 5 | D15: 410.67
A16: =+A15+1 -> 6 | B16: 2010 | C16: 6 | D16: 409.56
A17: =+A16+1 -> 7 | B17: 2010 | C17: 7 | D17: 406.51
A18: =+A17+1 -> 8 | B18: 2010 | C18: 8 | D18: 403.72
A19: =+A18+1 -> 9 | B19: 2010 | C19: 9 | D19: 402.83
A20: =+A19+1 -> 10 | B20: 2010 | C20: 10 | D20: 403.31
A21: =+A20+1 -> 11 | B21: 2010 | C21: 11 | D21: 404
A22: =+A21+1 -> 12 | B22: 2010 | C22: 12 | D22: 404.11
A23: =+A22+1 -> 13 | B23: 2011 | C23: 1 | D23: 403.82
... A149: =+A148+1 -> 139 | B149: 2021 | C149: 7 | D149: 448.7

Sheet SECGT10KW B DATA
B1: =+Introduction!B1 -> PUC DOCKET NO.
B2: =+Introduction!B2 -> ONCOR ELECTRIC DELIVERY COMPANY LLC
B3: =+Introduction!B3 -> MODEL DATA
B4: =+Introduction!B4 -> FOR THE TEST YEAR ENDING DECEMBER 31, 2021
B6: =+Introduction!B6 -> SPONSOR: D. E. NELSON
B8: (a) | C8: (b) | D8: (c) | E8: (d)
A9: Line | B9: SECONDARY SERVICE GREATER THAN 10 KW (B) MODEL
A10: No. | B10: Year | C10: Month | D10: Sep | E10: Oct
A11: 1 | B11: 2010 | C11: 1 | D11: 0 | E11: 0
A12: =+A11+1 -> 2 | B12: 2010 | C12: 2 | D12: 0 | E12: 0
A13: =+A12+1 -> 3 | B13: 2010 | C13: 3 | D13: 0 | E13: 0
A14: =+A13+1 -> 4 | B14: 2010 | C14: 4 | D14: 0 | E14: 0
A15: =+A14+1 -> 5 | B15: 2010 | C15: 5 | D15: 0 | E15: 0
A16: =+A15+1 -> 6 | B16: 2010 | C16: 6 | D16: 0 | E16: 0
A17: =+A16+1 -> 7 | B17: 2010 | C17: 7 | D17: 0 | E17: 0
A18: =+A17+1 -> 8 | B18: 2010 | C18: 8 | D18: 0 | E18: 0
A19: =+A18+1 -> 9 | B19: 2010 | C19: 9 | D19: 1 | E19: 0
A20: =+A19+1 -> 10 | B20: 2010 | C20: 10 | D20: 0 | E20: 1
A21: =+A20+1 -> 11 | B21: 2010 | C21: 11 | D21: 0 | E21: 0
A22: =+A21+1 -> 12 | B22: 2010 | C22: 12 | D22: 0 | E22: 0
A23: =+A22+1 -> 13 | B23: 2011 | C23: 1 | D23: 0 | E23: 0
... A149: =+A148+1 -> 139 | B149: 2021 | C149: 7 | D149: 0 | E149: 0

Sheet PRMGT10KWD B DATA
B1: =+Introduction!B1 -> PUC DOCKET NO.
B2: =+Introduction!B2 -> ONCOR ELECTRIC DELIVERY COMPANY LLC
B3: =+Introduction!B3 -> MODEL DATA
B4: =+Introduction!B4 -> FOR THE TEST YEAR ENDING DECEMBER 31, 2021
B6: =+Introduction!B6 -> SPONSOR: D. E. NELSON
B8: (a) | C8: (b) | D8: (c) | E8: (d) | F8: (e) | G8: (f) | H8: (g) | I8: (h) | J8: (i) | K8: (j)
A9: Line | B9: PRIMARY SERVICE GREATER THAN 10 KW DIST (B) MODEL
A10: No. | B10: Year | C10: Month | D10: Jan | E10: Mar | F10: May | G10: Jun | H10: Jul | I10: Aug | J10: Sep | K10: Nov
A11: 1 | B11: 2010 | C11: 1 | D11: 1 | E11: 0 | F11: 0 | G11: 0 | H11: 0 | I11: 0 | J11: 0 | K11: 0
A12: =+A11+1 -> 2 | B12: 2010 | C12: 2 | D12: 0 | E12: 0 | F12: 0 | G12: 0 | H12: 0 | I12: 0 | J12: 0 | K12: 0
A13: =+A12+1 -> 3 | B13: 2010 | C13: 3 | D13: 0 | E13: 1 | F13: 0 | G13: 0 | H13: 0 | I13: 0 | J13: 0 | K13: 0
A14: =+A13+1 -> 4 | B14: 2010 | C14: 4 | D14: 0 | E14: 0 | F14: 0 | G14: 0 | H14: 0 | I14: 0 | J14: 0 | K14: 0
A15: =+A14+1 -> 5 | B15: 2010 | C15: 5 | D15: 0 | E15: 0 | F15: 1 | G15: 0 | H15: 0 | I15: 0 | J15: 0 | K15: 0
A16: =+A15+1 -> 6 | B16: 2010 | C16: 6 | D16: 0 | E16: 0 | F16: 0 | G16: 1 | H16: 0 | I16: 0 | J16: 0 | K16: 0
A17: =+A16+1 -> 7 | B17: 2010 | C17: 7 | D17: 0 | E17: 0 | F17: 0 | G17: 0 | H17: 1 | I17: 0 | J17: 0 | K17: 0
A18: =+A17+1 -> 8 | B18: 2010 | C18: 8 | D18: 0 | E18: 0 | F18: 0 | G18: 0 | H18: 0 | I18: 1 | J18: 0 | K18: 0
A19: =+A18+1 -> 9 | B19: 2010 | C19: 9 | D19: 0 | E19: 0 | F19: 0 | G19: 0 | H19: 0 | I19: 0 | J19: 1 | K19: 0
A20: =+A19+1 -> 10 | B20: 2010 | C20: 10 | D20: 0 | E20: 0 | F20: 0 | G20: 0 | H20: 0 | I20: 0 | J20: 0 | K20: 0
A21: =+A20+1 -> 11 | B21: 2010 | C21: 11 | D21: 0 | E21: 0 | F21: 0 | G21: 0 | H21: 0 | I21: 0 | J21: 0 | K21: 1
A22: =+A21+1 -> 12 | B22: 2010 | C22: 12 | D22: 0 | E22: 0 | F22: 0 | G22: 0 | H22: 0 | I22: 0 | J22: 0 | K22: 0
A23: =+A22+1 -> 13 | B23: 2011 | C23: 1 | D23: 1 | E23: 0 | F23: 0 | G23: 0 | H23: 0 | I23: 0 | J23: 0 | K23: 0
... A149: =+A148+1 -> 139 | B149: 2021 | C149: 7 | D149: 0 | E149: 0 | F149: 0 | G149: 0 | H149: 1 | I149: 0 | J149: 0 | K149: 0

Sheet SUBSTATION B DATA
B1: =+Introduction!B1 -> PUC DOCKET NO.
B2: =+Introduction!B2 -> ONCOR ELECTRIC DELIVERY COMPANY LLC
B3: =+Introduction!B3 -> MODEL DATA
B4: =+Introduction!B4 -> FOR THE TEST YEAR ENDING DECEMBER 31, 2021
B6: =+Introduction!B6 -> SPONSOR: D. E. NELSON
B8: (a) | C8: (b) | D8: (c) | E8: (d) | F8: (e) | G8: (f) | H8: (g)
A9: Line | B9: SUBSTATION (B) MODEL
A10: No. | B10: Year | C10: Month | D10: Feb | E10: Sep | F10: Oct | G10: Nov | H10: Dec
A11: 1 | B11: 2012 | C11: 1 | D11: 0 | E11: 0 | F11: 0 | G11: 0 | H11: 0
A12: =+A11+1 -> 2 | B12: 2012 | C12: 2 | D12: 1 | E12: 0 | F12: 0 | G12: 0 | H12: 0
A13: =+A12+1 -> 3 | B13: 2012 | C13: 3 | D13: 0 | E13: 0 | F13: 0 | G13: 0 | H13: 0
A14: =+A13+1 -> 4 | B14: 2012 | C14: 4 | D14: 0 | E14: 0 | F14: 0 | G14: 0 | H14: 0
A15: =+A14+1 -> 5 | B15: 2012 | C15: 5 | D15: 0 | E15: 0 | F15: 0 | G15: 0 | H15: 0
A16: =+A15+1 -> 6 | B16: 2012 | C16: 6 | D16: 0 | E16: 0 | F16: 0 | G16: 0 | H16: 0
A17: =+A16+1 -> 7 | B17: 2012 | C17: 7 | D17: 0 | E17: 0 | F17: 0 | G17: 0 | H17: 0
A18: =+A17+1 -> 8 | B18: 2012 | C18: 8 | D18: 0 | E18: 0 | F18: 0 | G18: 0 | H18: 0
A19: =+A18+1 -> 9 | B19: 2012 | C19: 9 | D19: 0 | E19: 1 | F19: 0 | G19: 0 | H19: 0
A20: =+A19+1 -> 10 | B20: 2012 | C20: 10 | D20: 0 | E20: 0 | F20: 1 | G20: 0 | H20: 0
A21: =+A20+1 -> 11 | B21: 2012 | C21: 11 | D21: 0 | E21: 0 | F21: 0 | G21: 1 | H21: 0
A22: =+A21+1 -> 12 | B22: 2012 | C22: 12 | D22: 0 | E22: 0 | F22: 0 | G22: 0 | H22: 1
A23: =+A22+1 -> 13 | B23: 2013 | C23: 1 | D23: 0 | E23: 0 | F23: 0 | G23: 0 | H23: 0
... A125: =+A124+1 -> 115 | B125: 2021 | C125: 7 | D125: 0 | E125: 0 | F125: 0 | G125: 0 | H125: 0
