Workbook
Name HOURLY: [1]HOURLY!$A$1:$G$745
Name OLE_LINK2: 'Res Seasonal Weights'!$B$24
Name rngBilled: OFFSET([2]Sheet2!$A$2,0,0,[2]Sheet2!$B$1,9)
Name rngYear: OFFSET('[3]Daily Actual_August'!$A$2,0,0,'[3]Daily Actual_August'!$C$1,8)

Sheet Res Seasonal Weights
B1: PUC DOCKET NO.
B2: ONCOR ELECTRIC DELIVERY COMPANY LLC
B3: WEATHER WEIGHTS
B4: FOR THE TEST YEAR ENDING DECEMBER 31, 2024
B6: SPONSOR: D. E. NELSON
B8: RESIDENTIAL MONTHLY WEIGHTS
A9: Line | B9: (a) | D9: (b) | E9: (c) | F9: (d) | G9: (e) | H9: (f) | I9: (g) | J9: (h) | K9: (i) | L9: (j) | M9: (k) | N9: (l) | O9: (m) | P9: (n)
A10: No. | B10: Weather Station | D10: 36892 | E10: 36923 | F10: 36951 | G10: 36982 | H10: 37012 | I10: 37043 | J10: 37073 | K10: 37104 | L10: 37135 | M10: 37165 | N10: 37196 | O10: 37226 | P10: Annual
A11: 1 | B11: Dallas-Fort Worth | D11: =+'Res Monthly Weather Weights'!C11 -> 0.68424665 | E11: =+'Res Monthly Weather Weights'!D11 -> 0.68405043 | F11: =+'Res Monthly Weather Weights'!E11 -> 0.68559851 | G11: =+'Res Monthly Weather Weights'!F11 -> 0.68865637 | H11: =+'Res Monthly Weather Weights'!G11 -> 0.68952427 | I11: =+'Res Monthly Weather Weights'!H11 -> 0.69610927 | J11: =+'Res Monthly Weather Weights'!I11 -> 0.70517894 | K11: =+'Res Monthly Weather Weights'!J11 -> 0.71056044 | ... P11: =+'Res Monthly Weather Weights'!O11 -> 0.69612564
A12: =+A11+1 -> 2 | B12: Midland-Odessa | D12: =+'Res Monthly Weather Weights'!C12 -> 0.05632707 | E12: =+'Res Monthly Weather Weights'!D12 -> 0.056672599 | F12: =+'Res Monthly Weather Weights'!E12 -> 0.054263579 | G12: =+'Res Monthly Weather Weights'!F12 -> 0.054894437 | H12: =+'Res Monthly Weather Weights'!G12 -> 0.057650058 | I12: =+'Res Monthly Weather Weights'!H12 -> 0.057171461 | J12: =+'Res Monthly Weather Weights'!I12 -> 0.054274809 | K12: =+'Res Monthly Weather Weights'!J12 -> 0.051466788 | ... P12: =+'Res Monthly Weather Weights'!O12 -> 0.054282928
A13: =+A12+1 -> 3 | B13: Lufkin | D13: =+'Res Monthly Weather Weights'!C13 -> 0.029210749 | E13: =+'Res Monthly Weather Weights'!D13 -> 0.028802294 | F13: =+'Res Monthly Weather Weights'!E13 -> 0.027102349 | G13: =+'Res Monthly Weather Weights'!F13 -> 0.027922034 | H13: =+'Res Monthly Weather Weights'!G13 -> 0.026923798 | I13: =+'Res Monthly Weather Weights'!H13 -> 0.026149408 | J13: =+'Res Monthly Weather Weights'!I13 -> 0.02534795 | K13: =+'Res Monthly Weather Weights'!J13 -> 0.024563015 | ... P13: =+'Res Monthly Weather Weights'!O13 -> 0.026432333
A14: =+A13+1 -> 4 | B14: Abilene | D14: =+'Res Monthly Weather Weights'!C14 -> 0.014502322 | E14: =+'Res Monthly Weather Weights'!D14 -> 0.01462754 | F14: =+'Res Monthly Weather Weights'!E14 -> 0.013729779 | G14: =+'Res Monthly Weather Weights'!F14 -> 0.012922011 | H14: =+'Res Monthly Weather Weights'!G14 -> 0.012842979 | I14: =+'Res Monthly Weather Weights'!H14 -> 0.012411264 | J14: =+'Res Monthly Weather Weights'!I14 -> 0.012142129 | K14: =+'Res Monthly Weather Weights'!J14 -> 0.011859707 | ... P14: =+'Res Monthly Weather Weights'!O14 -> 0.012714991
A15: =+A14+1 -> 5 | B15: Sherman-Denison | D15: =+'Res Monthly Weather Weights'!C15 -> 0.027510074 | E15: =+'Res Monthly Weather Weights'!D15 -> 0.027931991 | F15: =+'Res Monthly Weather Weights'!E15 -> 0.028152503 | G15: =+'Res Monthly Weather Weights'!F15 -> 0.026100432 | H15: =+'Res Monthly Weather Weights'!G15 -> 0.023295878 | I15: =+'Res Monthly Weather Weights'!H15 -> 0.022195851 | J15: =+'Res Monthly Weather Weights'!I15 -> 0.022809322 | K15: =+'Res Monthly Weather Weights'!J15 -> 0.023586126 | ... P15: =+'Res Monthly Weather Weights'!O15 -> 0.024937123
A16: =+A15+1 -> 6 | B16: Killeen-Temple | D16: =+'Res Monthly Weather Weights'!C16 -> 0.052350246 | E16: =+'Res Monthly Weather Weights'!D16 -> 0.053723293 | F16: =+'Res Monthly Weather Weights'!E16 -> 0.05415944 | G16: =+'Res Monthly Weather Weights'!F16 -> 0.049904218 | H16: =+'Res Monthly Weather Weights'!G16 -> 0.049078764 | I16: =+'Res Monthly Weather Weights'!H16 -> 0.047041514 | J16: =+'Res Monthly Weather Weights'!I16 -> 0.044598991 | K16: =+'Res Monthly Weather Weights'!J16 -> 0.043724614 | ... P16: =+'Res Monthly Weather Weights'!O16 -> 0.048269624
A17: =+A16+1 -> 7 | B17: Waco | D17: =+'Res Monthly Weather Weights'!C17 -> 0.038231387 | E17: =+'Res Monthly Weather Weights'!D17 -> 0.039066819 | F17: =+'Res Monthly Weather Weights'!E17 -> 0.040905812 | G17: =+'Res Monthly Weather Weights'!F17 -> 0.038050379 | H17: =+'Res Monthly Weather Weights'!G17 -> 0.036764385 | I17: =+'Res Monthly Weather Weights'!H17 -> 0.035600916 | J17: =+'Res Monthly Weather Weights'!I17 -> 0.035106317 | K17: =+'Res Monthly Weather Weights'!J17 -> 0.035176502 | ... P17: =+'Res Monthly Weather Weights'!O17 -> 0.037182177
A18: =+A17+1 -> 8 | B18: Wichita Falls. | D18: =+'Res Monthly Weather Weights'!C18 -> 0.019416085 | E18: =+'Res Monthly Weather Weights'!D18 -> 0.019545808 | F18: =+'Res Monthly Weather Weights'!E18 -> 0.019845794 | G18: =+'Res Monthly Weather Weights'!F18 -> 0.01846772 | H18: =+'Res Monthly Weather Weights'!G18 -> 0.017801695 | I18: =+'Res Monthly Weather Weights'!H18 -> 0.017725578 | J18: =+'Res Monthly Weather Weights'!I18 -> 0.01821501 | K18: =+'Res Monthly Weather Weights'!J18 -> 0.018702553 | ... P18: =+'Res Monthly Weather Weights'!O18 -> 0.018702767
A19: =+A18+1 -> 9 | B19: Longview | D19: =+'Res Monthly Weather Weights'!C19 -> 0.039423881 | E19: =+'Res Monthly Weather Weights'!D19 -> 0.039091156 | F19: =+'Res Monthly Weather Weights'!E19 -> 0.038490681 | G19: =+'Res Monthly Weather Weights'!F19 -> 0.038257478 | H19: =+'Res Monthly Weather Weights'!G19 -> 0.036702593 | I19: =+'Res Monthly Weather Weights'!H19 -> 0.035932793 | J19: =+'Res Monthly Weather Weights'!I19 -> 0.035399141 | K19: =+'Res Monthly Weather Weights'!J19 -> 0.034795332 | ... P19: =+'Res Monthly Weather Weights'!O19 -> 0.036732626
A20: =+A19+1 -> 10 | B20: Austin | D20: =+'Res Monthly Weather Weights'!C20 -> 0.038781533 | E20: =+'Res Monthly Weather Weights'!D20 -> 0.036488075 | F20: =+'Res Monthly Weather Weights'!E20 -> 0.037751548 | G20: =+'Res Monthly Weather Weights'!F20 -> 0.044824918 | H20: =+'Res Monthly Weather Weights'!G20 -> 0.04941558 | I20: =+'Res Monthly Weather Weights'!H20 -> 0.049661948 | J20: =+'Res Monthly Weather Weights'!I20 -> 0.046927388 | K20: =+'Res Monthly Weather Weights'!J20 -> 0.045564923 | ... P20: =+'Res Monthly Weather Weights'!O20 -> 0.044619788
A21: =+A20+1 -> 11 | D21: =SUM(D11:D20) -> 1 | E21: =SUM(E11:E20) -> 1 | F21: =SUM(F11:F20) -> 1 | G21: =SUM(G11:G20) -> 1 | H21: =SUM(H11:H20) -> 1 | I21: =SUM(I11:I20) -> 1 | J21: =SUM(J11:J20) -> 1 | K21: =SUM(K11:K20) -> 1 | ... P21: =SUM(P11:P20) -> 1
A22: =+A21+1 -> 12
A23: =+A22+1 -> 13 | D23: SEASONAL WEIGHTS
A24: =+A23+1 -> 14 | D24: Nov to Mar | F24: May to Sep
A25: =+A24+1 -> 15 | B25: Weather Station | D25: HDD | F25: CDD
A26: =+A25+1 -> 16 | B26: Dallas-Fort Worth | D26: =ROUND(AVERAGE(D11:F11,N11:O11),3) -> 0.686 | F26: =ROUND(AVERAGE(H11:L11),3) -> 0.702
A27: =+A26+1 -> 17 | B27: Midland-Odessa | D27: =ROUND(AVERAGE(D12:F12,N12:O12),3) -> 0.056 | F27: =ROUND(AVERAGE(H12:L12),3) -> 0.054
A28: =+A27+1 -> 18 | B28: Lufkin | D28: =ROUND(AVERAGE(D13:F13,N13:O13),3) -> 0.028 | F28: =ROUND(AVERAGE(H13:L13),3) -> 0.026
A29: =+A28+1 -> 19 | B29: Abilene | D29: =ROUND(AVERAGE(D14:F14,N14:O14),3) -> 0.014 | F29: =ROUND(AVERAGE(H14:L14),3) -> 0.012
A30: =+A29+1 -> 20 | B30: Sherman-Denison | D30: =ROUND(AVERAGE(D15:F15,N15:O15),3) -> 0.027 | F30: =ROUND(AVERAGE(H15:L15),3) -> 0.023
A31: =+A30+1 -> 21 | B31: Killeen-Temple | D31: =ROUND(AVERAGE(D16:F16,N16:O16),3) -> 0.052 | F31: =ROUND(AVERAGE(H16:L16),3) -> 0.046
A32: =+A31+1 -> 22 | B32: Waco | D32: =ROUND(AVERAGE(D17:F17,N17:O17),3) -> 0.039 | F32: =ROUND(AVERAGE(H17:L17),3) -> 0.036
A33: =+A32+1 -> 23 | B33: Wichita Falls. | D33: =ROUND(AVERAGE(D18:F18,N18:O18),3) -> 0.019 | F33: =ROUND(AVERAGE(H18:L18),3) -> 0.018
A34: =+A33+1 -> 24 | B34: Longview | D34: =ROUND(AVERAGE(D19:F19,N19:O19),3) -> 0.039 | F34: =ROUND(AVERAGE(H19:L19),3) -> 0.036
A35: =+A34+1 -> 25 | B35: Austin | D35: =ROUND(AVERAGE(D20:F20,N20:O20),3) -> 0.04 | F35: =ROUND(AVERAGE(H20:L20),3) -> 0.048
A36: =+A35+1 -> 26 | D36: =AVERAGE(D21:F21,N21:O21) -> 1 | F36: =AVERAGE(H21:L21) -> 1

Sheet Res Monthly Weather Weights
B1: PUC DOCKET NO.
B2: ONCOR ELECTRIC DELIVERY COMPANY
B3: WEATHER WEIGHTS
B4: =+'Res Seasonal Weights'!B4:P4 -> FOR THE TEST YEAR ENDING DECEMBER 31, 2024
B6: SPONSOR: D. E. NELSON
B8: RESIDENTIAL MONTHLY WEIGHTS
A9: Line | B9: (a) | C9: (b) | D9: (c) | E9: (d) | F9: (e) | G9: (f) | H9: (g) | I9: (h) | J9: (i) | K9: (j) | L9: (k) | M9: (l) | N9: (m) | O9: (n)
A10: No. | B10: Weather Station | C10: 36892 | D10: 36923 | E10: 36951 | F10: 36982 | G10: 37012 | H10: 37043 | I10: 37073 | J10: 37104 | K10: 37135 | L10: 37165 | M10: 37196 | N10: 37226 | O10: Annual
A11: 1 | B11: Dallas-Fort Worth | C11: =+'Res Weights by Year (21-23)'!D14 -> 0.68424665 | D11: =+'Res Weights by Year (21-23)'!E14 -> 0.68405043 | E11: =+'Res Weights by Year (21-23)'!F14 -> 0.68559851 | F11: =+'Res Weights by Year (21-23)'!G14 -> 0.68865637 | G11: =+'Res Weights by Year (21-23)'!H14 -> 0.68952427 | H11: =+'Res Weights by Year (21-23)'!I14 -> 0.69610927 | I11: =+'Res Weights by Year (21-23)'!J14 -> 0.70517894 | J11: =+'Res Weights by Year (21-23)'!K14 -> 0.71056044 | ... O11: =+'Res Weights by Year (21-23)'!P14 -> 0.69612564
A12: =+A11+1 -> 2 | B12: Midland-Odessa | C12: =+'Res Weights by Year (21-23)'!D54 -> 0.05632707 | D12: =+'Res Weights by Year (21-23)'!E54 -> 0.056672599 | E12: =+'Res Weights by Year (21-23)'!F54 -> 0.054263579 | F12: =+'Res Weights by Year (21-23)'!G54 -> 0.054894437 | G12: =+'Res Weights by Year (21-23)'!H54 -> 0.057650058 | H12: =+'Res Weights by Year (21-23)'!I54 -> 0.057171461 | I12: =+'Res Weights by Year (21-23)'!J54 -> 0.054274809 | J12: =+'Res Weights by Year (21-23)'!K54 -> 0.051466788 | ... O12: =+'Res Weights by Year (21-23)'!P54 -> 0.054282928
A13: =+A12+1 -> 3 | B13: Lufkin | C13: =+'Res Weights by Year (21-23)'!D19 -> 0.029210749 | D13: =+'Res Weights by Year (21-23)'!E19 -> 0.028802294 | E13: =+'Res Weights by Year (21-23)'!F19 -> 0.027102349 | F13: =+'Res Weights by Year (21-23)'!G19 -> 0.027922034 | G13: =+'Res Weights by Year (21-23)'!H19 -> 0.026923798 | H13: =+'Res Weights by Year (21-23)'!I19 -> 0.026149408 | I13: =+'Res Weights by Year (21-23)'!J19 -> 0.02534795 | J13: =+'Res Weights by Year (21-23)'!K19 -> 0.024563015 | ... O13: =+'Res Weights by Year (21-23)'!P19 -> 0.026432333
A14: =+A13+1 -> 4 | B14: Abilene | C14: =+'Res Weights by Year (21-23)'!D44 -> 0.014502322 | D14: =+'Res Weights by Year (21-23)'!E44 -> 0.01462754 | E14: =+'Res Weights by Year (21-23)'!F44 -> 0.013729779 | F14: =+'Res Weights by Year (21-23)'!G44 -> 0.012922011 | G14: =+'Res Weights by Year (21-23)'!H44 -> 0.012842979 | H14: =+'Res Weights by Year (21-23)'!I44 -> 0.012411264 | I14: =+'Res Weights by Year (21-23)'!J44 -> 0.012142129 | J14: =+'Res Weights by Year (21-23)'!K44 -> 0.011859707 | ... O14: =+'Res Weights by Year (21-23)'!P44 -> 0.012714991
A15: =+A14+1 -> 5 | B15: Sherman-Denison | C15: =+'Res Weights by Year (21-23)'!D59 -> 0.027510074 | D15: =+'Res Weights by Year (21-23)'!E59 -> 0.027931991 | E15: =+'Res Weights by Year (21-23)'!F59 -> 0.028152503 | F15: =+'Res Weights by Year (21-23)'!G59 -> 0.026100432 | G15: =+'Res Weights by Year (21-23)'!H59 -> 0.023295878 | H15: =+'Res Weights by Year (21-23)'!I59 -> 0.022195851 | I15: =+'Res Weights by Year (21-23)'!J59 -> 0.022809322 | J15: =+'Res Weights by Year (21-23)'!K59 -> 0.023586126 | ... O15: =+'Res Weights by Year (21-23)'!P59 -> 0.024937123
A16: =+A15+1 -> 6 | B16: Killeen-Temple | C16: =+'Res Weights by Year (21-23)'!D29 -> 0.052350246 | D16: =+'Res Weights by Year (21-23)'!E29 -> 0.053723293 | E16: =+'Res Weights by Year (21-23)'!F29 -> 0.05415944 | F16: =+'Res Weights by Year (21-23)'!G29 -> 0.049904218 | G16: =+'Res Weights by Year (21-23)'!H29 -> 0.049078764 | H16: =+'Res Weights by Year (21-23)'!I29 -> 0.047041514 | I16: =+'Res Weights by Year (21-23)'!J29 -> 0.044598991 | J16: =+'Res Weights by Year (21-23)'!K29 -> 0.043724614 | ... O16: =+'Res Weights by Year (21-23)'!P29 -> 0.048269624
A17: =+A16+1 -> 7 | B17: Waco | C17: =+'Res Weights by Year (21-23)'!D39 -> 0.038231387 | D17: =+'Res Weights by Year (21-23)'!E39 -> 0.039066819 | E17: =+'Res Weights by Year (21-23)'!F39 -> 0.040905812 | F17: =+'Res Weights by Year (21-23)'!G39 -> 0.038050379 | G17: =+'Res Weights by Year (21-23)'!H39 -> 0.036764385 | H17: =+'Res Weights by Year (21-23)'!I39 -> 0.035600916 | I17: =+'Res Weights by Year (21-23)'!J39 -> 0.035106317 | J17: =+'Res Weights by Year (21-23)'!K39 -> 0.035176502 | ... O17: =+'Res Weights by Year (21-23)'!P39 -> 0.037182177
A18: =+A17+1 -> 8 | B18: Wichita Falls. | C18: =+'Res Weights by Year (21-23)'!D49 -> 0.019416085 | D18: =+'Res Weights by Year (21-23)'!E49 -> 0.019545808 | E18: =+'Res Weights by Year (21-23)'!F49 -> 0.019845794 | F18: =+'Res Weights by Year (21-23)'!G49 -> 0.01846772 | G18: =+'Res Weights by Year (21-23)'!H49 -> 0.017801695 | H18: =+'Res Weights by Year (21-23)'!I49 -> 0.017725578 | I18: =+'Res Weights by Year (21-23)'!J49 -> 0.01821501 | J18: =+'Res Weights by Year (21-23)'!K49 -> 0.018702553 | ... O18: =+'Res Weights by Year (21-23)'!P49 -> 0.018702767
A19: =+A18+1 -> 9 | B19: Longview | C19: =+'Res Weights by Year (21-23)'!D34 -> 0.039423881 | D19: =+'Res Weights by Year (21-23)'!E34 -> 0.039091156 | E19: =+'Res Weights by Year (21-23)'!F34 -> 0.038490681 | F19: =+'Res Weights by Year (21-23)'!G34 -> 0.038257478 | G19: =+'Res Weights by Year (21-23)'!H34 -> 0.036702593 | H19: =+'Res Weights by Year (21-23)'!I34 -> 0.035932793 | I19: =+'Res Weights by Year (21-23)'!J34 -> 0.035399141 | J19: =+'Res Weights by Year (21-23)'!K34 -> 0.034795332 | ... O19: =+'Res Weights by Year (21-23)'!P34 -> 0.036732626
A20: =+A19+1 -> 10 | B20: Austin | C20: =+'Res Weights by Year (21-23)'!D24 -> 0.038781533 | D20: =+'Res Weights by Year (21-23)'!E24 -> 0.036488075 | E20: =+'Res Weights by Year (21-23)'!F24 -> 0.037751548 | F20: =+'Res Weights by Year (21-23)'!G24 -> 0.044824918 | G20: =+'Res Weights by Year (21-23)'!H24 -> 0.04941558 | H20: =+'Res Weights by Year (21-23)'!I24 -> 0.049661948 | I20: =+'Res Weights by Year (21-23)'!J24 -> 0.046927388 | J20: =+'Res Weights by Year (21-23)'!K24 -> 0.045564923 | ... O20: =+'Res Weights by Year (21-23)'!P24 -> 0.044619788
C21: =SUM(C11:C20) -> 1 | D21: =SUM(D11:D20) -> 1 | E21: =SUM(E11:E20) -> 1 | F21: =SUM(F11:F20) -> 1 | G21: =SUM(G11:G20) -> 1 | H21: =SUM(H11:H20) -> 1 | I21: =SUM(I11:I20) -> 1 | J21: =SUM(J11:J20) -> 1 | ... O21: =SUM(O11:O20) -> 1

Sheet Res Weights by Year (21-23)
B1: PUC DOCKET NO.
B2: ONCOR ELECTRIC DELIVERY COMPANY
B3: WEATHER WEIGHTS
B4: =+'Res Seasonal Weights'!B4:P4 -> FOR THE TEST YEAR ENDING DECEMBER 31, 2024
B6: SPONSOR: D. E. NELSON
B8: RESIDENTIAL MONTHLY WEIGHTS BY YEAR
A9: Line | B9: (a) | C9: (b) | D9: (c) | E9: (d) | F9: (e) | G9: (f) | H9: (g) | I9: (h) | J9: (i) | K9: (j) | L9: (k) | M9: (l) | N9: (m) | O9: (n) | P9: (o)
A10: No. | B10: Weather Station | C10: Year | D10: 36892 | E10: 36923 | F10: 36951 | G10: 36982 | H10: 37012 | I10: 37043 | J10: 37073 | K10: 37104 | L10: 37135 | M10: 37165 | N10: 37196 | O10: 37226 | P10: Annual
A11: 1 | B11: Dallas-Fort Worth | C11: 2021 | D11: ='Res Sales by Year (21-23)'!D11/'Res Sales by Year (21-23)'!D61 -> 0.68081362 | E11: ='Res Sales by Year (21-23)'!E11/'Res Sales by Year (21-23)'!E$61 -> 0.6856683 | F11: ='Res Sales by Year (21-23)'!F11/'Res Sales by Year (21-23)'!F$61 -> 0.6876195 | G11: ='Res Sales by Year (21-23)'!G11/'Res Sales by Year (21-23)'!G$61 -> 0.6869969 | H11: ='Res Sales by Year (21-23)'!H11/'Res Sales by Year (21-23)'!H$61 -> 0.68741736 | I11: ='Res Sales by Year (21-23)'!I11/'Res Sales by Year (21-23)'!I$61 -> 0.69278082 | J11: ='Res Sales by Year (21-23)'!J11/'Res Sales by Year (21-23)'!J$61 -> 0.70894374 | K11: ='Res Sales by Year (21-23)'!K11/'Res Sales by Year (21-23)'!K$61 -> 0.71428343 | L11: ='Res Sales by Year (21-23)'!L11/'Res Sales by Year (21-23)'!L$61 -> 0.70863313 | ... P11: ='Res Sales by Year (21-23)'!P11/'Res Sales by Year (21-23)'!P$61 -> 0.69686833
A12: =+A11+1 -> 2 | B12: Dallas-Fort Worth | C12: 2022 | D12: ='Res Sales by Year (21-23)'!D12/'Res Sales by Year (21-23)'!D62 -> 0.69114184 | E12: ='Res Sales by Year (21-23)'!E12/'Res Sales by Year (21-23)'!E$62 -> 0.68256963 | F12: ='Res Sales by Year (21-23)'!F12/'Res Sales by Year (21-23)'!F$62 -> 0.68372926 | G12: ='Res Sales by Year (21-23)'!G12/'Res Sales by Year (21-23)'!G$62 -> 0.68998219 | H12: ='Res Sales by Year (21-23)'!H12/'Res Sales by Year (21-23)'!H$62 -> 0.69063556 | I12: ='Res Sales by Year (21-23)'!I12/'Res Sales by Year (21-23)'!I$62 -> 0.69557197 | J12: ='Res Sales by Year (21-23)'!J12/'Res Sales by Year (21-23)'!J$62 -> 0.71018309 | K12: ='Res Sales by Year (21-23)'!K12/'Res Sales by Year (21-23)'!K$62 -> 0.71313291 | L12: ='Res Sales by Year (21-23)'!L12/'Res Sales by Year (21-23)'!L$62 -> 0.70474766 | ... P12: ='Res Sales by Year (21-23)'!P12/'Res Sales by Year (21-23)'!P$62 -> 0.69690011
A13: =+A12+1 -> 3 | B13: Dallas-Fort Worth | C13: 2023 | D13: ='Res Sales by Year (21-23)'!D13/'Res Sales by Year (21-23)'!D63 -> 0.6818116 | E13: ='Res Sales by Year (21-23)'!E13/'Res Sales by Year (21-23)'!E63 -> 0.68404433 | F13: ='Res Sales by Year (21-23)'!F13/'Res Sales by Year (21-23)'!F63 -> 0.68518395 | G13: ='Res Sales by Year (21-23)'!G13/'Res Sales by Year (21-23)'!G63 -> 0.68875127 | H13: ='Res Sales by Year (21-23)'!H13/'Res Sales by Year (21-23)'!H63 -> 0.69029432 | I13: ='Res Sales by Year (21-23)'!I13/'Res Sales by Year (21-23)'!I63 -> 0.69968343 | J13: ='Res Sales by Year (21-23)'!J13/'Res Sales by Year (21-23)'!J63 -> 0.69637174 | K13: ='Res Sales by Year (21-23)'!K13/'Res Sales by Year (21-23)'!K63 -> 0.70486653 | ... P13: ='Res Sales by Year (21-23)'!P13/'Res Sales by Year (21-23)'!P63 -> 0.69464583
A14: =+A13+1 -> 4 | B14: Dallas-Fort Worth | C14: Total | D14: ='Res Sales by Year (21-23)'!D14/'Res Sales by Year (21-23)'!D64 -> 0.68424665 | E14: ='Res Sales by Year (21-23)'!E14/'Res Sales by Year (21-23)'!E64 -> 0.68405043 | F14: ='Res Sales by Year (21-23)'!F14/'Res Sales by Year (21-23)'!F64 -> 0.68559851 | G14: ='Res Sales by Year (21-23)'!G14/'Res Sales by Year (21-23)'!G64 -> 0.68865637 | H14: ='Res Sales by Year (21-23)'!H14/'Res Sales by Year (21-23)'!H64 -> 0.68952427 | I14: ='Res Sales by Year (21-23)'!I14/'Res Sales by Year (21-23)'!I64 -> 0.69610927 | J14: ='Res Sales by Year (21-23)'!J14/'Res Sales by Year (21-23)'!J64 -> 0.70517894 | K14: ='Res Sales by Year (21-23)'!K14/'Res Sales by Year (21-23)'!K64 -> 0.71056044 | ... P14: ='Res Sales by Year (21-23)'!P14/'Res Sales by Year (21-23)'!P64 -> 0.69612564
A15: =+A14+1 -> 5
A16: =+A15+1 -> 6 | B16: Lufkin | C16: =+C11 -> 2021 | D16: ='Res Sales by Year (21-23)'!D16/'Res Sales by Year (21-23)'!D61 -> 0.030021685 | E16: ='Res Sales by Year (21-23)'!E16/'Res Sales by Year (21-23)'!E$61 -> 0.028526621 | F16: ='Res Sales by Year (21-23)'!F16/'Res Sales by Year (21-23)'!F$61 -> 0.026826842 | G16: ='Res Sales by Year (21-23)'!G16/'Res Sales by Year (21-23)'!G$61 -> 0.029076617 | H16: ='Res Sales by Year (21-23)'!H16/'Res Sales by Year (21-23)'!H$61 -> 0.027997905 | I16: ='Res Sales by Year (21-23)'!I16/'Res Sales by Year (21-23)'!I$61 -> 0.02722968 | J16: ='Res Sales by Year (21-23)'!J16/'Res Sales by Year (21-23)'!J$61 -> 0.025720873 | K16: ='Res Sales by Year (21-23)'!K16/'Res Sales by Year (21-23)'!K$61 -> 0.02507149 | L16: ='Res Sales by Year (21-23)'!L16/'Res Sales by Year (21-23)'!L$61 -> 0.025417335 | ... P16: ='Res Sales by Year (21-23)'!P16/'Res Sales by Year (21-23)'!P$61 -> 0.027057191
A17: =+A16+1 -> 7 | B17: Lufkin | C17: =+C12 -> 2022 | D17: ='Res Sales by Year (21-23)'!D17/'Res Sales by Year (21-23)'!D62 -> 0.028401807 | E17: ='Res Sales by Year (21-23)'!E17/'Res Sales by Year (21-23)'!E$62 -> 0.02979507 | F17: ='Res Sales by Year (21-23)'!F17/'Res Sales by Year (21-23)'!F$62 -> 0.028403154 | G17: ='Res Sales by Year (21-23)'!G17/'Res Sales by Year (21-23)'!G$62 -> 0.02735189 | H17: ='Res Sales by Year (21-23)'!H17/'Res Sales by Year (21-23)'!H$62 -> 0.026763859 | I17: ='Res Sales by Year (21-23)'!I17/'Res Sales by Year (21-23)'!I$62 -> 0.026084783 | J17: ='Res Sales by Year (21-23)'!J17/'Res Sales by Year (21-23)'!J$62 -> 0.024964197 | K17: ='Res Sales by Year (21-23)'!K17/'Res Sales by Year (21-23)'!K$62 -> 0.024035696 | L17: ='Res Sales by Year (21-23)'!L17/'Res Sales by Year (21-23)'!L$62 -> 0.024772186 | ... P17: ='Res Sales by Year (21-23)'!P17/'Res Sales by Year (21-23)'!P$62 -> 0.026340596
A18: =+A17+1 -> 8 | B18: Lufkin | C18: =+C13 -> 2023 | D18: ='Res Sales by Year (21-23)'!D18/'Res Sales by Year (21-23)'!D63 -> 0.029092577 | E18: ='Res Sales by Year (21-23)'!E18/'Res Sales by Year (21-23)'!E63 -> 0.027995195 | F18: ='Res Sales by Year (21-23)'!F18/'Res Sales by Year (21-23)'!F63 -> 0.025886832 | G18: ='Res Sales by Year (21-23)'!G18/'Res Sales by Year (21-23)'!G63 -> 0.027473735 | H18: ='Res Sales by Year (21-23)'!H18/'Res Sales by Year (21-23)'!H63 -> 0.026060669 | I18: ='Res Sales by Year (21-23)'!I18/'Res Sales by Year (21-23)'!I63 -> 0.025267077 | J18: ='Res Sales by Year (21-23)'!J18/'Res Sales by Year (21-23)'!J63 -> 0.025425674 | K18: ='Res Sales by Year (21-23)'!K18/'Res Sales by Year (21-23)'!K63 -> 0.024691394 | ... P18: ='Res Sales by Year (21-23)'!P18/'Res Sales by Year (21-23)'!P63 -> 0.025941635
A19: =+A18+1 -> 9 | B19: Lufkin | C19: Total | D19: ='Res Sales by Year (21-23)'!D19/'Res Sales by Year (21-23)'!D64 -> 0.029210749 | E19: ='Res Sales by Year (21-23)'!E19/'Res Sales by Year (21-23)'!E64 -> 0.028802294 | F19: ='Res Sales by Year (21-23)'!F19/'Res Sales by Year (21-23)'!F64 -> 0.027102349 | G19: ='Res Sales by Year (21-23)'!G19/'Res Sales by Year (21-23)'!G64 -> 0.027922034 | H19: ='Res Sales by Year (21-23)'!H19/'Res Sales by Year (21-23)'!H64 -> 0.026923798 | I19: ='Res Sales by Year (21-23)'!I19/'Res Sales by Year (21-23)'!I64 -> 0.026149408 | J19: ='Res Sales by Year (21-23)'!J19/'Res Sales by Year (21-23)'!J64 -> 0.02534795 | K19: ='Res Sales by Year (21-23)'!K19/'Res Sales by Year (21-23)'!K64 -> 0.024563015 | ... P19: ='Res Sales by Year (21-23)'!P19/'Res Sales by Year (21-23)'!P64 -> 0.026432333
A20: =+A19+1 -> 10
A21: =+A20+1 -> 11 | B21: Austin | C21: =+C16 -> 2021 | D21: ='Res Sales by Year (21-23)'!D21/'Res Sales by Year (21-23)'!D61 -> 0.03679496 | E21: ='Res Sales by Year (21-23)'!E21/'Res Sales by Year (21-23)'!E$61 -> 0.034768476 | F21: ='Res Sales by Year (21-23)'!F21/'Res Sales by Year (21-23)'!F$61 -> 0.035169398 | G21: ='Res Sales by Year (21-23)'!G21/'Res Sales by Year (21-23)'!G$61 -> 0.04485967 | H21: ='Res Sales by Year (21-23)'!H21/'Res Sales by Year (21-23)'!H$61 -> 0.047894541 | I21: ='Res Sales by Year (21-23)'!I21/'Res Sales by Year (21-23)'!I$61 -> 0.04886508 | J21: ='Res Sales by Year (21-23)'!J21/'Res Sales by Year (21-23)'!J$61 -> 0.044693839 | K21: ='Res Sales by Year (21-23)'!K21/'Res Sales by Year (21-23)'!K$61 -> 0.04376685 | L21: ='Res Sales by Year (21-23)'!L21/'Res Sales by Year (21-23)'!L$61 -> 0.046175173 | ... P21: ='Res Sales by Year (21-23)'!P21/'Res Sales by Year (21-23)'!P$61 -> 0.042896894
A22: =+A21+1 -> 12 | B22: Austin | C22: =+C17 -> 2022 | D22: ='Res Sales by Year (21-23)'!D22/'Res Sales by Year (21-23)'!D62 -> 0.040732111 | E22: ='Res Sales by Year (21-23)'!E22/'Res Sales by Year (21-23)'!E$62 -> 0.036615922 | F22: ='Res Sales by Year (21-23)'!F22/'Res Sales by Year (21-23)'!F$62 -> 0.037997804 | G22: ='Res Sales by Year (21-23)'!G22/'Res Sales by Year (21-23)'!G$62 -> 0.043032489 | H22: ='Res Sales by Year (21-23)'!H22/'Res Sales by Year (21-23)'!H$62 -> 0.050548543 | I22: ='Res Sales by Year (21-23)'!I22/'Res Sales by Year (21-23)'!I$62 -> 0.049850177 | J22: ='Res Sales by Year (21-23)'!J22/'Res Sales by Year (21-23)'!J$62 -> 0.045939418 | K22: ='Res Sales by Year (21-23)'!K22/'Res Sales by Year (21-23)'!K$62 -> 0.044756713 | L22: ='Res Sales by Year (21-23)'!L22/'Res Sales by Year (21-23)'!L$62 -> 0.047079918 | ... P22: ='Res Sales by Year (21-23)'!P22/'Res Sales by Year (21-23)'!P$62 -> 0.044606132
A23: =+A22+1 -> 13 | B23: Austin | C23: =+C18 -> 2023 | D23: ='Res Sales by Year (21-23)'!D23/'Res Sales by Year (21-23)'!D63 -> 0.039097333 | E23: ='Res Sales by Year (21-23)'!E23/'Res Sales by Year (21-23)'!E63 -> 0.038072782 | F23: ='Res Sales by Year (21-23)'!F23/'Res Sales by Year (21-23)'!F63 -> 0.040886173 | G23: ='Res Sales by Year (21-23)'!G23/'Res Sales by Year (21-23)'!G63 -> 0.046737767 | H23: ='Res Sales by Year (21-23)'!H23/'Res Sales by Year (21-23)'!H63 -> 0.049588783 | I23: ='Res Sales by Year (21-23)'!I23/'Res Sales by Year (21-23)'!I63 -> 0.050149498 | J23: ='Res Sales by Year (21-23)'!J23/'Res Sales by Year (21-23)'!J63 -> 0.050012396 | K23: ='Res Sales by Year (21-23)'!K23/'Res Sales by Year (21-23)'!K63 -> 0.047867152 | ... P23: ='Res Sales by Year (21-23)'!P23/'Res Sales by Year (21-23)'!P63 -> 0.046243316
A24: =+A23+1 -> 14 | B24: Austin | C24: Total | D24: ='Res Sales by Year (21-23)'!D24/'Res Sales by Year (21-23)'!D64 -> 0.038781533 | E24: ='Res Sales by Year (21-23)'!E24/'Res Sales by Year (21-23)'!E64 -> 0.036488075 | F24: ='Res Sales by Year (21-23)'!F24/'Res Sales by Year (21-23)'!F64 -> 0.037751548 | G24: ='Res Sales by Year (21-23)'!G24/'Res Sales by Year (21-23)'!G64 -> 0.044824918 | H24: ='Res Sales by Year (21-23)'!H24/'Res Sales by Year (21-23)'!H64 -> 0.04941558 | I24: ='Res Sales by Year (21-23)'!I24/'Res Sales by Year (21-23)'!I64 -> 0.049661948 | J24: ='Res Sales by Year (21-23)'!J24/'Res Sales by Year (21-23)'!J64 -> 0.046927388 | K24: ='Res Sales by Year (21-23)'!K24/'Res Sales by Year (21-23)'!K64 -> 0.045564923 | ... P24: ='Res Sales by Year (21-23)'!P24/'Res Sales by Year (21-23)'!P64 -> 0.044619788
A25: =+A24+1 -> 15
A26: =+A25+1 -> 16 | B26: Killeen | C26: =+C21 -> 2021 | D26: ='Res Sales by Year (21-23)'!D26/'Res Sales by Year (21-23)'!D61 -> 0.052972425 | E26: ='Res Sales by Year (21-23)'!E26/'Res Sales by Year (21-23)'!E$61 -> 0.05229503 | F26: ='Res Sales by Year (21-23)'!F26/'Res Sales by Year (21-23)'!F$61 -> 0.055032062 | G26: ='Res Sales by Year (21-23)'!G26/'Res Sales by Year (21-23)'!G$61 -> 0.049986057 | H26: ='Res Sales by Year (21-23)'!H26/'Res Sales by Year (21-23)'!H$61 -> 0.049928964 | I26: ='Res Sales by Year (21-23)'!I26/'Res Sales by Year (21-23)'!I$61 -> 0.047212776 | J26: ='Res Sales by Year (21-23)'!J26/'Res Sales by Year (21-23)'!J$61 -> 0.043246307 | K26: ='Res Sales by Year (21-23)'!K26/'Res Sales by Year (21-23)'!K$61 -> 0.042779938 | L26: ='Res Sales by Year (21-23)'!L26/'Res Sales by Year (21-23)'!L$61 -> 0.044747013 | ... P26: ='Res Sales by Year (21-23)'!P26/'Res Sales by Year (21-23)'!P$61 -> 0.048132532
A27: =+A26+1 -> 17 | B27: Killeen | C27: =+C22 -> 2022 | D27: ='Res Sales by Year (21-23)'!D27/'Res Sales by Year (21-23)'!D62 -> 0.050196015 | E27: ='Res Sales by Year (21-23)'!E27/'Res Sales by Year (21-23)'!E$62 -> 0.055261874 | F27: ='Res Sales by Year (21-23)'!F27/'Res Sales by Year (21-23)'!F$62 -> 0.055465974 | G27: ='Res Sales by Year (21-23)'!G27/'Res Sales by Year (21-23)'!G$62 -> 0.04968784 | H27: ='Res Sales by Year (21-23)'!H27/'Res Sales by Year (21-23)'!H$62 -> 0.048470324 | I27: ='Res Sales by Year (21-23)'!I27/'Res Sales by Year (21-23)'!I$62 -> 0.04682918 | J27: ='Res Sales by Year (21-23)'!J27/'Res Sales by Year (21-23)'!J$62 -> 0.043919422 | K27: ='Res Sales by Year (21-23)'!K27/'Res Sales by Year (21-23)'!K$62 -> 0.043321463 | L27: ='Res Sales by Year (21-23)'!L27/'Res Sales by Year (21-23)'!L$62 -> 0.045595222 | ... P27: ='Res Sales by Year (21-23)'!P27/'Res Sales by Year (21-23)'!P$62 -> 0.048327669
A28: =+A27+1 -> 18 | B28: Killeen | C28: =+C23 -> 2023 | D28: ='Res Sales by Year (21-23)'!D28/'Res Sales by Year (21-23)'!D63 -> 0.053556635 | E28: ='Res Sales by Year (21-23)'!E28/'Res Sales by Year (21-23)'!E63 -> 0.053476203 | F28: ='Res Sales by Year (21-23)'!F28/'Res Sales by Year (21-23)'!F63 -> 0.051410016 | G28: ='Res Sales by Year (21-23)'!G28/'Res Sales by Year (21-23)'!G63 -> 0.050063382 | H28: ='Res Sales by Year (21-23)'!H28/'Res Sales by Year (21-23)'!H63 -> 0.048953202 | I28: ='Res Sales by Year (21-23)'!I28/'Res Sales by Year (21-23)'!I63 -> 0.047136428 | J28: ='Res Sales by Year (21-23)'!J28/'Res Sales by Year (21-23)'!J63 -> 0.046555099 | K28: ='Res Sales by Year (21-23)'!K28/'Res Sales by Year (21-23)'!K63 -> 0.044912026 | ... P28: ='Res Sales by Year (21-23)'!P28/'Res Sales by Year (21-23)'!P63 -> 0.048338801
A29: =+A28+1 -> 19 | B29: Killeen | C29: Total | D29: ='Res Sales by Year (21-23)'!D29/'Res Sales by Year (21-23)'!D64 -> 0.052350246 | E29: ='Res Sales by Year (21-23)'!E29/'Res Sales by Year (21-23)'!E64 -> 0.053723293 | F29: ='Res Sales by Year (21-23)'!F29/'Res Sales by Year (21-23)'!F64 -> 0.05415944 | G29: ='Res Sales by Year (21-23)'!G29/'Res Sales by Year (21-23)'!G64 -> 0.049904218 | H29: ='Res Sales by Year (21-23)'!H29/'Res Sales by Year (21-23)'!H64 -> 0.049078764 | I29: ='Res Sales by Year (21-23)'!I29/'Res Sales by Year (21-23)'!I64 -> 0.047041514 | J29: ='Res Sales by Year (21-23)'!J29/'Res Sales by Year (21-23)'!J64 -> 0.044598991 | K29: ='Res Sales by Year (21-23)'!K29/'Res Sales by Year (21-23)'!K64 -> 0.043724614 | ... P29: ='Res Sales by Year (21-23)'!P29/'Res Sales by Year (21-23)'!P64 -> 0.048269624
A30: =+A29+1 -> 20
A31: =+A30+1 -> 21 | B31: Longview | C31: =+C26 -> 2021 | D31: ='Res Sales by Year (21-23)'!D31/'Res Sales by Year (21-23)'!D61 -> 0.039379055 | E31: ='Res Sales by Year (21-23)'!E31/'Res Sales by Year (21-23)'!E$61 -> 0.040313441 | F31: ='Res Sales by Year (21-23)'!F31/'Res Sales by Year (21-23)'!F$61 -> 0.039095683 | G31: ='Res Sales by Year (21-23)'!G31/'Res Sales by Year (21-23)'!G$61 -> 0.038911797 | H31: ='Res Sales by Year (21-23)'!H31/'Res Sales by Year (21-23)'!H$61 -> 0.03769182 | I31: ='Res Sales by Year (21-23)'!I31/'Res Sales by Year (21-23)'!I$61 -> 0.03624571 | J31: ='Res Sales by Year (21-23)'!J31/'Res Sales by Year (21-23)'!J$61 -> 0.035691333 | K31: ='Res Sales by Year (21-23)'!K31/'Res Sales by Year (21-23)'!K$61 -> 0.035184158 | L31: ='Res Sales by Year (21-23)'!L31/'Res Sales by Year (21-23)'!L$61 -> 0.03538935 | ... P31: ='Res Sales by Year (21-23)'!P31/'Res Sales by Year (21-23)'!P$61 -> 0.037166679
A32: =+A31+1 -> 22 | B32: Longview | C32: =+C27 -> 2022 | D32: ='Res Sales by Year (21-23)'!D32/'Res Sales by Year (21-23)'!D62 -> 0.038622657 | E32: ='Res Sales by Year (21-23)'!E32/'Res Sales by Year (21-23)'!E$62 -> 0.038863627 | F32: ='Res Sales by Year (21-23)'!F32/'Res Sales by Year (21-23)'!F$62 -> 0.038916702 | G32: ='Res Sales by Year (21-23)'!G32/'Res Sales by Year (21-23)'!G$62 -> 0.03821249 | H32: ='Res Sales by Year (21-23)'!H32/'Res Sales by Year (21-23)'!H$62 -> 0.03568242 | I32: ='Res Sales by Year (21-23)'!I32/'Res Sales by Year (21-23)'!I$62 -> 0.035327466 | J32: ='Res Sales by Year (21-23)'!J32/'Res Sales by Year (21-23)'!J$62 -> 0.035142505 | K32: ='Res Sales by Year (21-23)'!K32/'Res Sales by Year (21-23)'!K$62 -> 0.034220325 | L32: ='Res Sales by Year (21-23)'!L32/'Res Sales by Year (21-23)'!L$62 -> 0.035198935 | ... P32: ='Res Sales by Year (21-23)'!P32/'Res Sales by Year (21-23)'!P$62 -> 0.036446176
A33: =+A32+1 -> 23 | B33: Longview | C33: =+C28 -> 2023 | D33: ='Res Sales by Year (21-23)'!D33/'Res Sales by Year (21-23)'!D63 -> 0.040145882 | E33: ='Res Sales by Year (21-23)'!E33/'Res Sales by Year (21-23)'!E63 -> 0.038113898 | F33: ='Res Sales by Year (21-23)'!F33/'Res Sales by Year (21-23)'!F63 -> 0.037167977 | G33: ='Res Sales by Year (21-23)'!G33/'Res Sales by Year (21-23)'!G63 -> 0.037701632 | H33: ='Res Sales by Year (21-23)'!H33/'Res Sales by Year (21-23)'!H63 -> 0.036917856 | I33: ='Res Sales by Year (21-23)'!I33/'Res Sales by Year (21-23)'!I63 -> 0.036358758 | J33: ='Res Sales by Year (21-23)'!J33/'Res Sales by Year (21-23)'!J63 -> 0.035412458 | K33: ='Res Sales by Year (21-23)'!K33/'Res Sales by Year (21-23)'!K63 -> 0.035070628 | ... P33: ='Res Sales by Year (21-23)'!P33/'Res Sales by Year (21-23)'!P63 -> 0.036617794
A34: =+A33+1 -> 24 | B34: Longview | C34: Total | D34: ='Res Sales by Year (21-23)'!D34/'Res Sales by Year (21-23)'!D64 -> 0.039423881 | E34: ='Res Sales by Year (21-23)'!E34/'Res Sales by Year (21-23)'!E64 -> 0.039091156 | F34: ='Res Sales by Year (21-23)'!F34/'Res Sales by Year (21-23)'!F64 -> 0.038490681 | G34: ='Res Sales by Year (21-23)'!G34/'Res Sales by Year (21-23)'!G64 -> 0.038257478 | H34: ='Res Sales by Year (21-23)'!H34/'Res Sales by Year (21-23)'!H64 -> 0.036702593 | I34: ='Res Sales by Year (21-23)'!I34/'Res Sales by Year (21-23)'!I64 -> 0.035932793 | J34: ='Res Sales by Year (21-23)'!J34/'Res Sales by Year (21-23)'!J64 -> 0.035399141 | K34: ='Res Sales by Year (21-23)'!K34/'Res Sales by Year (21-23)'!K64 -> 0.034795332 | ... P34: ='Res Sales by Year (21-23)'!P34/'Res Sales by Year (21-23)'!P64 -> 0.036732626
A35: =+A34+1 -> 25
A36: =+A35+1 -> 26 | B36: Waco | C36: =+C31 -> 2021 | D36: ='Res Sales by Year (21-23)'!D36/'Res Sales by Year (21-23)'!D61 -> 0.038754156 | E36: ='Res Sales by Year (21-23)'!E36/'Res Sales by Year (21-23)'!E$61 -> 0.039365293 | F36: ='Res Sales by Year (21-23)'!F36/'Res Sales by Year (21-23)'!F$61 -> 0.041153236 | G36: ='Res Sales by Year (21-23)'!G36/'Res Sales by Year (21-23)'!G$61 -> 0.037630662 | H36: ='Res Sales by Year (21-23)'!H36/'Res Sales by Year (21-23)'!H$61 -> 0.037625715 | I36: ='Res Sales by Year (21-23)'!I36/'Res Sales by Year (21-23)'!I$61 -> 0.03508072 | J36: ='Res Sales by Year (21-23)'!J36/'Res Sales by Year (21-23)'!J$61 -> 0.034519958 | K36: ='Res Sales by Year (21-23)'!K36/'Res Sales by Year (21-23)'!K$61 -> 0.034408983 | L36: ='Res Sales by Year (21-23)'!L36/'Res Sales by Year (21-23)'!L$61 -> 0.03565469 | ... P36: ='Res Sales by Year (21-23)'!P36/'Res Sales by Year (21-23)'!P$61 -> 0.037123614
A37: =+A36+1 -> 27 | B37: Waco | C37: =+C32 -> 2022 | D37: ='Res Sales by Year (21-23)'!D37/'Res Sales by Year (21-23)'!D62 -> 0.036960774 | E37: ='Res Sales by Year (21-23)'!E37/'Res Sales by Year (21-23)'!E$62 -> 0.039516785 | F37: ='Res Sales by Year (21-23)'!F37/'Res Sales by Year (21-23)'!F$62 -> 0.041315459 | G37: ='Res Sales by Year (21-23)'!G37/'Res Sales by Year (21-23)'!G$62 -> 0.039027643 | H37: ='Res Sales by Year (21-23)'!H37/'Res Sales by Year (21-23)'!H$62 -> 0.036288755 | I37: ='Res Sales by Year (21-23)'!I37/'Res Sales by Year (21-23)'!I$62 -> 0.036154804 | J37: ='Res Sales by Year (21-23)'!J37/'Res Sales by Year (21-23)'!J$62 -> 0.035333955 | K37: ='Res Sales by Year (21-23)'!K37/'Res Sales by Year (21-23)'!K$62 -> 0.035405799 | L37: ='Res Sales by Year (21-23)'!L37/'Res Sales by Year (21-23)'!L$62 -> 0.037109014 | ... P37: ='Res Sales by Year (21-23)'!P37/'Res Sales by Year (21-23)'!P$62 -> 0.037419856
A38: =+A37+1 -> 28 | B38: Waco | C38: =+C33 -> 2023 | D38: ='Res Sales by Year (21-23)'!D38/'Res Sales by Year (21-23)'!D63 -> 0.038788797 | E38: ='Res Sales by Year (21-23)'!E38/'Res Sales by Year (21-23)'!E63 -> 0.038276448 | F38: ='Res Sales by Year (21-23)'!F38/'Res Sales by Year (21-23)'!F63 -> 0.040078577 | G38: ='Res Sales by Year (21-23)'!G38/'Res Sales by Year (21-23)'!G63 -> 0.037377814 | H38: ='Res Sales by Year (21-23)'!H38/'Res Sales by Year (21-23)'!H63 -> 0.036474258 | I38: ='Res Sales by Year (21-23)'!I38/'Res Sales by Year (21-23)'!I63 -> 0.035418421 | J38: ='Res Sales by Year (21-23)'!J38/'Res Sales by Year (21-23)'!J63 -> 0.035390059 | K38: ='Res Sales by Year (21-23)'!K38/'Res Sales by Year (21-23)'!K63 -> 0.03556704 | ... P38: ='Res Sales by Year (21-23)'!P38/'Res Sales by Year (21-23)'!P63 -> 0.03699569
A39: =+A38+1 -> 29 | B39: Waco | C39: Total | D39: ='Res Sales by Year (21-23)'!D39/'Res Sales by Year (21-23)'!D64 -> 0.038231387 | E39: ='Res Sales by Year (21-23)'!E39/'Res Sales by Year (21-23)'!E64 -> 0.039066819 | F39: ='Res Sales by Year (21-23)'!F39/'Res Sales by Year (21-23)'!F64 -> 0.040905812 | G39: ='Res Sales by Year (21-23)'!G39/'Res Sales by Year (21-23)'!G64 -> 0.038050379 | H39: ='Res Sales by Year (21-23)'!H39/'Res Sales by Year (21-23)'!H64 -> 0.036764385 | I39: ='Res Sales by Year (21-23)'!I39/'Res Sales by Year (21-23)'!I64 -> 0.035600916 | J39: ='Res Sales by Year (21-23)'!J39/'Res Sales by Year (21-23)'!J64 -> 0.035106317 | K39: ='Res Sales by Year (21-23)'!K39/'Res Sales by Year (21-23)'!K64 -> 0.035176502 | ... P39: ='Res Sales by Year (21-23)'!P39/'Res Sales by Year (21-23)'!P64 -> 0.037182177
A40: =+A39+1 -> 30
A41: =+A40+1 -> 31 | B41: Abilene | C41: =+C36 -> 2021 | D41: ='Res Sales by Year (21-23)'!D41/'Res Sales by Year (21-23)'!D61 -> 0.015083512 | E41: ='Res Sales by Year (21-23)'!E41/'Res Sales by Year (21-23)'!E$61 -> 0.015057708 | F41: ='Res Sales by Year (21-23)'!F41/'Res Sales by Year (21-23)'!F$61 -> 0.0133768 | G41: ='Res Sales by Year (21-23)'!G41/'Res Sales by Year (21-23)'!G$61 -> 0.01313751 | H41: ='Res Sales by Year (21-23)'!H41/'Res Sales by Year (21-23)'!H$61 -> 0.012829095 | I41: ='Res Sales by Year (21-23)'!I41/'Res Sales by Year (21-23)'!I$61 -> 0.0125383 | J41: ='Res Sales by Year (21-23)'!J41/'Res Sales by Year (21-23)'!J$61 -> 0.011844616 | K41: ='Res Sales by Year (21-23)'!K41/'Res Sales by Year (21-23)'!K$61 -> 0.011685439 | L41: ='Res Sales by Year (21-23)'!L41/'Res Sales by Year (21-23)'!L$61 -> 0.011764979 | ... P41: ='Res Sales by Year (21-23)'!P41/'Res Sales by Year (21-23)'!P$61 -> 0.012752289
A42: =+A41+1 -> 32 | B42: Abilene | C42: =+C37 -> 2022 | D42: ='Res Sales by Year (21-23)'!D42/'Res Sales by Year (21-23)'!D62 -> 0.01422733 | E42: ='Res Sales by Year (21-23)'!E42/'Res Sales by Year (21-23)'!E$62 -> 0.014439063 | F42: ='Res Sales by Year (21-23)'!F42/'Res Sales by Year (21-23)'!F$62 -> 0.014163748 | G42: ='Res Sales by Year (21-23)'!G42/'Res Sales by Year (21-23)'!G$62 -> 0.013032998 | H42: ='Res Sales by Year (21-23)'!H42/'Res Sales by Year (21-23)'!H$62 -> 0.013184428 | I42: ='Res Sales by Year (21-23)'!I42/'Res Sales by Year (21-23)'!I$62 -> 0.013089025 | J42: ='Res Sales by Year (21-23)'!J42/'Res Sales by Year (21-23)'!J$62 -> 0.012205817 | K42: ='Res Sales by Year (21-23)'!K42/'Res Sales by Year (21-23)'!K$62 -> 0.011819666 | L42: ='Res Sales by Year (21-23)'!L42/'Res Sales by Year (21-23)'!L$62 -> 0.011834467 | ... P42: ='Res Sales by Year (21-23)'!P42/'Res Sales by Year (21-23)'!P$62 -> 0.012861276
A43: =+A42+1 -> 33 | B43: Abilene | C43: =+C38 -> 2023 | D43: ='Res Sales by Year (21-23)'!D43/'Res Sales by Year (21-23)'!D63 -> 0.014159867 | E43: ='Res Sales by Year (21-23)'!E43/'Res Sales by Year (21-23)'!E63 -> 0.014401914 | F43: ='Res Sales by Year (21-23)'!F43/'Res Sales by Year (21-23)'!F63 -> 0.013671465 | G43: ='Res Sales by Year (21-23)'!G43/'Res Sales by Year (21-23)'!G63 -> 0.012602433 | H43: ='Res Sales by Year (21-23)'!H43/'Res Sales by Year (21-23)'!H63 -> 0.012461366 | I43: ='Res Sales by Year (21-23)'!I43/'Res Sales by Year (21-23)'!I63 -> 0.011511227 | J43: ='Res Sales by Year (21-23)'!J43/'Res Sales by Year (21-23)'!J63 -> 0.012342074 | K43: ='Res Sales by Year (21-23)'!K43/'Res Sales by Year (21-23)'!K63 -> 0.012043355 | ... P43: ='Res Sales by Year (21-23)'!P43/'Res Sales by Year (21-23)'!P63 -> 0.012531692
A44: =+A43+1 -> 34 | B44: Abilene | C44: Total | D44: ='Res Sales by Year (21-23)'!D44/'Res Sales by Year (21-23)'!D64 -> 0.014502322 | E44: ='Res Sales by Year (21-23)'!E44/'Res Sales by Year (21-23)'!E64 -> 0.01462754 | F44: ='Res Sales by Year (21-23)'!F44/'Res Sales by Year (21-23)'!F64 -> 0.013729779 | G44: ='Res Sales by Year (21-23)'!G44/'Res Sales by Year (21-23)'!G64 -> 0.012922011 | H44: ='Res Sales by Year (21-23)'!H44/'Res Sales by Year (21-23)'!H64 -> 0.012842979 | I44: ='Res Sales by Year (21-23)'!I44/'Res Sales by Year (21-23)'!I64 -> 0.012411264 | J44: ='Res Sales by Year (21-23)'!J44/'Res Sales by Year (21-23)'!J64 -> 0.012142129 | K44: ='Res Sales by Year (21-23)'!K44/'Res Sales by Year (21-23)'!K64 -> 0.011859707 | ... P44: ='Res Sales by Year (21-23)'!P44/'Res Sales by Year (21-23)'!P64 -> 0.012714991
A45: =+A44+1 -> 35
A46: =+A45+1 -> 36 | B46: Wichita Falls | C46: =+C41 -> 2021 | D46: ='Res Sales by Year (21-23)'!D46/'Res Sales by Year (21-23)'!D61 -> 0.019775368 | E46: ='Res Sales by Year (21-23)'!E46/'Res Sales by Year (21-23)'!E$61 -> 0.01980841 | F46: ='Res Sales by Year (21-23)'!F46/'Res Sales by Year (21-23)'!F$61 -> 0.020248165 | G46: ='Res Sales by Year (21-23)'!G46/'Res Sales by Year (21-23)'!G$61 -> 0.018808852 | H46: ='Res Sales by Year (21-23)'!H46/'Res Sales by Year (21-23)'!H$61 -> 0.018125362 | I46: ='Res Sales by Year (21-23)'!I46/'Res Sales by Year (21-23)'!I$61 -> 0.018213565 | J46: ='Res Sales by Year (21-23)'!J46/'Res Sales by Year (21-23)'!J$61 -> 0.018472235 | K46: ='Res Sales by Year (21-23)'!K46/'Res Sales by Year (21-23)'!K$61 -> 0.019009559 | L46: ='Res Sales by Year (21-23)'!L46/'Res Sales by Year (21-23)'!L$61 -> 0.019141569 | ... P46: ='Res Sales by Year (21-23)'!P46/'Res Sales by Year (21-23)'!P$61 -> 0.019008406
A47: =+A46+1 -> 37 | B47: Wichita Falls | C47: =+C42 -> 2022 | D47: ='Res Sales by Year (21-23)'!D47/'Res Sales by Year (21-23)'!D62 -> 0.019190545 | E47: ='Res Sales by Year (21-23)'!E47/'Res Sales by Year (21-23)'!E$62 -> 0.019794967 | F47: ='Res Sales by Year (21-23)'!F47/'Res Sales by Year (21-23)'!F$62 -> 0.019496343 | G47: ='Res Sales by Year (21-23)'!G47/'Res Sales by Year (21-23)'!G$62 -> 0.018385639 | H47: ='Res Sales by Year (21-23)'!H47/'Res Sales by Year (21-23)'!H$62 -> 0.017908789 | I47: ='Res Sales by Year (21-23)'!I47/'Res Sales by Year (21-23)'!I$62 -> 0.018100001 | J47: ='Res Sales by Year (21-23)'!J47/'Res Sales by Year (21-23)'!J$62 -> 0.018278711 | K47: ='Res Sales by Year (21-23)'!K47/'Res Sales by Year (21-23)'!K$62 -> 0.018775854 | L47: ='Res Sales by Year (21-23)'!L47/'Res Sales by Year (21-23)'!L$62 -> 0.019161746 | ... P47: ='Res Sales by Year (21-23)'!P47/'Res Sales by Year (21-23)'!P$62 -> 0.018761528
A48: =+A47+1 -> 38 | B48: Wichita Falls | C48: =+C43 -> 2023 | D48: ='Res Sales by Year (21-23)'!D48/'Res Sales by Year (21-23)'!D63 -> 0.019251361 | E48: ='Res Sales by Year (21-23)'!E48/'Res Sales by Year (21-23)'!E63 -> 0.019010565 | F48: ='Res Sales by Year (21-23)'!F48/'Res Sales by Year (21-23)'!F63 -> 0.019735636 | G48: ='Res Sales by Year (21-23)'!G48/'Res Sales by Year (21-23)'!G63 -> 0.018241541 | H48: ='Res Sales by Year (21-23)'!H48/'Res Sales by Year (21-23)'!H63 -> 0.017361885 | I48: ='Res Sales by Year (21-23)'!I48/'Res Sales by Year (21-23)'!I63 -> 0.01685807 | J48: ='Res Sales by Year (21-23)'!J48/'Res Sales by Year (21-23)'!J63 -> 0.017913829 | K48: ='Res Sales by Year (21-23)'!K48/'Res Sales by Year (21-23)'!K63 -> 0.018376178 | ... P48: ='Res Sales by Year (21-23)'!P48/'Res Sales by Year (21-23)'!P63 -> 0.018357583
A49: =+A48+1 -> 39 | B49: Wichita Falls | C49: Total | D49: ='Res Sales by Year (21-23)'!D49/'Res Sales by Year (21-23)'!D64 -> 0.019416085 | E49: ='Res Sales by Year (21-23)'!E49/'Res Sales by Year (21-23)'!E64 -> 0.019545808 | F49: ='Res Sales by Year (21-23)'!F49/'Res Sales by Year (21-23)'!F64 -> 0.019845794 | G49: ='Res Sales by Year (21-23)'!G49/'Res Sales by Year (21-23)'!G64 -> 0.01846772 | H49: ='Res Sales by Year (21-23)'!H49/'Res Sales by Year (21-23)'!H64 -> 0.017801695 | I49: ='Res Sales by Year (21-23)'!I49/'Res Sales by Year (21-23)'!I64 -> 0.017725578 | J49: ='Res Sales by Year (21-23)'!J49/'Res Sales by Year (21-23)'!J64 -> 0.01821501 | K49: ='Res Sales by Year (21-23)'!K49/'Res Sales by Year (21-23)'!K64 -> 0.018702553 | ... P49: ='Res Sales by Year (21-23)'!P49/'Res Sales by Year (21-23)'!P64 -> 0.018702767
A50: =+A49+1 -> 40
A51: =+A50+1 -> 41 | B51: Midland Odessa | C51: =+C46 -> 2021 | D51: ='Res Sales by Year (21-23)'!D51/'Res Sales by Year (21-23)'!D61 -> 0.058902814 | E51: ='Res Sales by Year (21-23)'!E51/'Res Sales by Year (21-23)'!E$61 -> 0.056054561 | F51: ='Res Sales by Year (21-23)'!F51/'Res Sales by Year (21-23)'!F$61 -> 0.052495633 | G51: ='Res Sales by Year (21-23)'!G51/'Res Sales by Year (21-23)'!G$61 -> 0.055082766 | H51: ='Res Sales by Year (21-23)'!H51/'Res Sales by Year (21-23)'!H$61 -> 0.056633918 | I51: ='Res Sales by Year (21-23)'!I51/'Res Sales by Year (21-23)'!I$61 -> 0.05944843 | J51: ='Res Sales by Year (21-23)'!J51/'Res Sales by Year (21-23)'!J$61 -> 0.053454668 | K51: ='Res Sales by Year (21-23)'!K51/'Res Sales by Year (21-23)'!K$61 -> 0.049402982 | L51: ='Res Sales by Year (21-23)'!L51/'Res Sales by Year (21-23)'!L$61 -> 0.049314799 | ... P51: ='Res Sales by Year (21-23)'!P51/'Res Sales by Year (21-23)'!P$61 -> 0.053783239
A52: =+A51+1 -> 42 | B52: Midland Odessa | C52: =+C47 -> 2022 | D52: ='Res Sales by Year (21-23)'!D52/'Res Sales by Year (21-23)'!D62 -> 0.053837033 | E52: ='Res Sales by Year (21-23)'!E52/'Res Sales by Year (21-23)'!E$62 -> 0.055624584 | F52: ='Res Sales by Year (21-23)'!F52/'Res Sales by Year (21-23)'!F$62 -> 0.053288784 | G52: ='Res Sales by Year (21-23)'!G52/'Res Sales by Year (21-23)'!G$62 -> 0.055032325 | H52: ='Res Sales by Year (21-23)'!H52/'Res Sales by Year (21-23)'!H$62 -> 0.058314066 | I52: ='Res Sales by Year (21-23)'!I52/'Res Sales by Year (21-23)'!I$62 -> 0.057398663 | J52: ='Res Sales by Year (21-23)'!J52/'Res Sales by Year (21-23)'!J$62 -> 0.051240077 | K52: ='Res Sales by Year (21-23)'!K52/'Res Sales by Year (21-23)'!K$62 -> 0.050564946 | L52: ='Res Sales by Year (21-23)'!L52/'Res Sales by Year (21-23)'!L$62 -> 0.050031288 | ... P52: ='Res Sales by Year (21-23)'!P52/'Res Sales by Year (21-23)'!P$62 -> 0.053536471
A53: =+A52+1 -> 43 | B53: Midland Odessa | C53: =+C48 -> 2023 | D53: ='Res Sales by Year (21-23)'!D53/'Res Sales by Year (21-23)'!D63 -> 0.055884594 | E53: ='Res Sales by Year (21-23)'!E53/'Res Sales by Year (21-23)'!E63 -> 0.058436108 | F53: ='Res Sales by Year (21-23)'!F53/'Res Sales by Year (21-23)'!F63 -> 0.057800298 | G53: ='Res Sales by Year (21-23)'!G53/'Res Sales by Year (21-23)'!G63 -> 0.054570777 | H53: ='Res Sales by Year (21-23)'!H53/'Res Sales by Year (21-23)'!H63 -> 0.057873253 | I53: ='Res Sales by Year (21-23)'!I53/'Res Sales by Year (21-23)'!I63 -> 0.054889474 | J53: ='Res Sales by Year (21-23)'!J53/'Res Sales by Year (21-23)'!J63 -> 0.058294308 | K53: ='Res Sales by Year (21-23)'!K53/'Res Sales by Year (21-23)'!K63 -> 0.054082642 | ... P53: ='Res Sales by Year (21-23)'!P53/'Res Sales by Year (21-23)'!P63 -> 0.055507294
A54: =+A53+1 -> 44 | B54: Midland Odessa | C54: Total | D54: ='Res Sales by Year (21-23)'!D54/'Res Sales by Year (21-23)'!D64 -> 0.05632707 | E54: ='Res Sales by Year (21-23)'!E54/'Res Sales by Year (21-23)'!E64 -> 0.056672599 | F54: ='Res Sales by Year (21-23)'!F54/'Res Sales by Year (21-23)'!F64 -> 0.054263579 | G54: ='Res Sales by Year (21-23)'!G54/'Res Sales by Year (21-23)'!G64 -> 0.054894437 | H54: ='Res Sales by Year (21-23)'!H54/'Res Sales by Year (21-23)'!H64 -> 0.057650058 | I54: ='Res Sales by Year (21-23)'!I54/'Res Sales by Year (21-23)'!I64 -> 0.057171461 | J54: ='Res Sales by Year (21-23)'!J54/'Res Sales by Year (21-23)'!J64 -> 0.054274809 | K54: ='Res Sales by Year (21-23)'!K54/'Res Sales by Year (21-23)'!K64 -> 0.051466788 | ... P54: ='Res Sales by Year (21-23)'!P54/'Res Sales by Year (21-23)'!P64 -> 0.054282928
A55: =+A54+1 -> 45
A56: =+A55+1 -> 46 | B56: Denison | C56: =+C51 -> 2021 | D56: ='Res Sales by Year (21-23)'!D56/'Res Sales by Year (21-23)'!D61 -> 0.027502401 | E56: ='Res Sales by Year (21-23)'!E56/'Res Sales by Year (21-23)'!E$61 -> 0.028142163 | F56: ='Res Sales by Year (21-23)'!F56/'Res Sales by Year (21-23)'!F$61 -> 0.028982681 | G56: ='Res Sales by Year (21-23)'!G56/'Res Sales by Year (21-23)'!G$61 -> 0.025509167 | H56: ='Res Sales by Year (21-23)'!H56/'Res Sales by Year (21-23)'!H$61 -> 0.023855323 | I56: ='Res Sales by Year (21-23)'!I56/'Res Sales by Year (21-23)'!I$61 -> 0.022384924 | J56: ='Res Sales by Year (21-23)'!J56/'Res Sales by Year (21-23)'!J$61 -> 0.023412426 | K56: ='Res Sales by Year (21-23)'!K56/'Res Sales by Year (21-23)'!K$61 -> 0.024407169 | L56: ='Res Sales by Year (21-23)'!L56/'Res Sales by Year (21-23)'!L$61 -> 0.023761966 | ... P56: ='Res Sales by Year (21-23)'!P56/'Res Sales by Year (21-23)'!P$61 -> 0.025210828
A57: =+A56+1 -> 47 | B57: Denison | C57: =+C52 -> 2022 | D57: ='Res Sales by Year (21-23)'!D57/'Res Sales by Year (21-23)'!D62 -> 0.026689883 | E57: ='Res Sales by Year (21-23)'!E57/'Res Sales by Year (21-23)'!E$62 -> 0.02751848 | F57: ='Res Sales by Year (21-23)'!F57/'Res Sales by Year (21-23)'!F$62 -> 0.027222771 | G57: ='Res Sales by Year (21-23)'!G57/'Res Sales by Year (21-23)'!G$62 -> 0.026254497 | H57: ='Res Sales by Year (21-23)'!H57/'Res Sales by Year (21-23)'!H$62 -> 0.022203257 | I57: ='Res Sales by Year (21-23)'!I57/'Res Sales by Year (21-23)'!I$62 -> 0.02159393 | J57: ='Res Sales by Year (21-23)'!J57/'Res Sales by Year (21-23)'!J$62 -> 0.02279281 | K57: ='Res Sales by Year (21-23)'!K57/'Res Sales by Year (21-23)'!K$62 -> 0.023966632 | L57: ='Res Sales by Year (21-23)'!L57/'Res Sales by Year (21-23)'!L$62 -> 0.024469564 | ... P57: ='Res Sales by Year (21-23)'!P57/'Res Sales by Year (21-23)'!P$62 -> 0.024800186
A58: =+A57+1 -> 48 | B58: Denison | C58: =+C53 -> 2023 | D58: ='Res Sales by Year (21-23)'!D58/'Res Sales by Year (21-23)'!D63 -> 0.028211358 | E58: ='Res Sales by Year (21-23)'!E58/'Res Sales by Year (21-23)'!E63 -> 0.028172557 | F58: ='Res Sales by Year (21-23)'!F58/'Res Sales by Year (21-23)'!F63 -> 0.028179075 | G58: ='Res Sales by Year (21-23)'!G58/'Res Sales by Year (21-23)'!G63 -> 0.026479651 | H58: ='Res Sales by Year (21-23)'!H58/'Res Sales by Year (21-23)'!H63 -> 0.024014412 | I58: ='Res Sales by Year (21-23)'!I58/'Res Sales by Year (21-23)'!I63 -> 0.022727617 | J58: ='Res Sales by Year (21-23)'!J58/'Res Sales by Year (21-23)'!J63 -> 0.022282358 | K58: ='Res Sales by Year (21-23)'!K58/'Res Sales by Year (21-23)'!K63 -> 0.022523058 | ... P58: ='Res Sales by Year (21-23)'!P58/'Res Sales by Year (21-23)'!P63 -> 0.02482037
A59: =+A58+1 -> 49 | B59: Denison | C59: Total | D59: ='Res Sales by Year (21-23)'!D59/'Res Sales by Year (21-23)'!D64 -> 0.027510074 | E59: ='Res Sales by Year (21-23)'!E59/'Res Sales by Year (21-23)'!E64 -> 0.027931991 | F59: ='Res Sales by Year (21-23)'!F59/'Res Sales by Year (21-23)'!F64 -> 0.028152503 | G59: ='Res Sales by Year (21-23)'!G59/'Res Sales by Year (21-23)'!G64 -> 0.026100432 | H59: ='Res Sales by Year (21-23)'!H59/'Res Sales by Year (21-23)'!H64 -> 0.023295878 | I59: ='Res Sales by Year (21-23)'!I59/'Res Sales by Year (21-23)'!I64 -> 0.022195851 | J59: ='Res Sales by Year (21-23)'!J59/'Res Sales by Year (21-23)'!J64 -> 0.022809322 | K59: ='Res Sales by Year (21-23)'!K59/'Res Sales by Year (21-23)'!K64 -> 0.023586126 | ... P59: ='Res Sales by Year (21-23)'!P59/'Res Sales by Year (21-23)'!P64 -> 0.024937123
A60: =+A59+1 -> 50
A61: =+A60+1 -> 51 | B61: System | C61: =+C56 -> 2021 | D61: =SUM(D26,D31,D36,D41,D46,D51,D56,D21,D16,D11) -> 1 | E61: =SUM(E26,E31,E36,E41,E46,E51,E56,E21,E16,E11) -> 1 | F61: =SUM(F26,F31,F36,F41,F46,F51,F56,F21,F16,F11) -> 1 | G61: =SUM(G26,G31,G36,G41,G46,G51,G56,G21,G16,G11) -> 1 | H61: =SUM(H26,H31,H36,H41,H46,H51,H56,H21,H16,H11) -> 1 | I61: =SUM(I26,I31,I36,I41,I46,I51,I56,I21,I16,I11) -> 1 | J61: =SUM(J26,J31,J36,J41,J46,J51,J56,J21,J16,J11) -> 1 | K61: =SUM(K26,K31,K36,K41,K46,K51,K56,K21,K16,K11) -> 1 | ... P61: =SUM(P26,P31,P36,P41,P46,P51,P56,P21,P16,P11) -> 1
A62: =+A61+1 -> 52 | B62: System | C62: =+C57 -> 2022 | D62: =SUM(D27,D32,D37,D42,D47,D52,D57,D22,D17,D12) -> 1 | E62: =SUM(E27,E32,E37,E42,E47,E52,E57,E22,E17,E12) -> 1 | F62: =SUM(F27,F32,F37,F42,F47,F52,F57,F22,F17,F12) -> 1 | G62: =SUM(G27,G32,G37,G42,G47,G52,G57,G22,G17,G12) -> 1 | H62: =SUM(H27,H32,H37,H42,H47,H52,H57,H22,H17,H12) -> 1 | I62: =SUM(I27,I32,I37,I42,I47,I52,I57,I22,I17,I12) -> 1 | J62: =SUM(J27,J32,J37,J42,J47,J52,J57,J22,J17,J12) -> 1 | K62: =SUM(K27,K32,K37,K42,K47,K52,K57,K22,K17,K12) -> 1 | ... P62: =SUM(P27,P32,P37,P42,P47,P52,P57,P22,P17,P12) -> 1
A63: =+A62+1 -> 53 | B63: System | C63: =+C58 -> 2023 | D63: =SUM(D28,D33,D38,D43,D48,D53,D58,D23,D18,D13) -> 1 | E63: =SUM(E28,E33,E38,E43,E48,E53,E58,E23,E18,E13) -> 1 | F63: =SUM(F28,F33,F38,F43,F48,F53,F58,F23,F18,F13) -> 1 | G63: =SUM(G28,G33,G38,G43,G48,G53,G58,G23,G18,G13) -> 1 | H63: =SUM(H28,H33,H38,H43,H48,H53,H58,H23,H18,H13) -> 1 | I63: =SUM(I28,I33,I38,I43,I48,I53,I58,I23,I18,I13) -> 1 | J63: =SUM(J28,J33,J38,J43,J48,J53,J58,J23,J18,J13) -> 1 | K63: =SUM(K28,K33,K38,K43,K48,K53,K58,K23,K18,K13) -> 1 | ... P63: =SUM(P28,P33,P38,P43,P48,P53,P58,P23,P18,P13) -> 1
A64: =+A63+1 -> 54 | B64: System | C64: =+C59 -> Total | D64: =SUM(D29,D34,D39,D44,D49,D54,D59,D24,D19,D14) -> 1 | E64: =SUM(E29,E34,E39,E44,E49,E54,E59,E24,E19,E14) -> 1 | F64: =SUM(F29,F34,F39,F44,F49,F54,F59,F24,F19,F14) -> 1 | G64: =SUM(G29,G34,G39,G44,G49,G54,G59,G24,G19,G14) -> 1 | H64: =SUM(H29,H34,H39,H44,H49,H54,H59,H24,H19,H14) -> 1 | I64: =SUM(I29,I34,I39,I44,I49,I54,I59,I24,I19,I14) -> 1 | J64: =SUM(J29,J34,J39,J44,J49,J54,J59,J24,J19,J14) -> 1 | K64: =SUM(K29,K34,K39,K44,K49,K54,K59,K24,K19,K14) -> 1 | ... P64: =SUM(P29,P34,P39,P44,P49,P54,P59,P24,P19,P14) -> 1

Sheet Res Sales by Year (21-23)
B1: PUC DOCKET NO.
B2: ONCOR ELECTRIC DELIVERY COMPANY
B3: WEATHER WEIGHTS
B4: =+'Res Seasonal Weights'!B4:P4 -> FOR THE TEST YEAR ENDING DECEMBER 31, 2024
B6: SPONSOR: D. E. NELSON
B8: RESIDENTIAL MONTHLY KWH SALES BY YEAR
A9: Line | B9: (a) | C9: (b) | D9: (c) | E9: (d) | F9: (e) | G9: (f) | H9: (g) | I9: (h) | J9: (i) | K9: (j) | L9: (k) | M9: (l) | N9: (m) | O9: (n) | P9: (o)
A10: No. | B10: Weather Station | C10: Year | D10: 36892 | E10: 36923 | F10: 36951 | G10: 36982 | H10: 37012 | I10: 37043 | J10: 37073 | K10: 37104 | L10: 37135 | M10: 37165 | N10: 37196 | O10: 37226 | P10: Annual
A11: 1 | B11: Dallas-Fort Worth | C11: 2021 | D11: 2649047.7 | E11: 2628425.5 | F11: 2955476.1 | G11: 1691420.6 | H11: 1802675 | I11: 2285495.7 | J11: 3450447.5 | K11: 3585804.6 | L11: 3566224.3 | M11: 2727618.7 | N11: 1950158.6 | O11: 1901768.1 | P11: =SUM(D11:O11) -> 31194562
A12: =+A11+1 -> 2 | B12: Dallas-Fort Worth | C12: 2022 | D12: 2298812.6 | E12: 2848013.5 | F12: 2687233.5 | G12: 1994712.6 | H12: 2147767.5 | I12: 3008196.2 | J12: 4133907.9 | K12: 4519053.4 | L12: 3469279.2 | M12: 2693587.6 | N12: 1853723.2 | O12: 2230791.3 | P12: =SUM(D12:O12) -> 33885078
A13: =+A12+1 -> 3 | B13: Dallas-Fort Worth | C13: 2023 | D13: 2681324 | E13: 2615142.9 | F13: 2214394.9 | G13: 1834995.4 | H13: 1854909.9 | I13: 2604469.8 | J13: 3751958.6 | K13: 4331691.5 | L13: 4318988 | M13: 3069907.4 | N13: 1973351.7 | O13: 2031191.5 | P13: =SUM(D13:O13) -> 33282326
A14: =+A13+1 -> 4 | B14: Dallas-Fort Worth | C14: Total | D14: =SUM(D11:D13) -> 7629184.3 | E14: =SUM(E11:E13) -> 8091581.8 | F14: =SUM(F11:F13) -> 7857104.5 | G14: =SUM(G11:G13) -> 5521128.6 | H14: =SUM(H11:H13) -> 5805352.4 | I14: =SUM(I11:I13) -> 7898161.7 | J14: =SUM(J11:J13) -> 11336314 | K14: =SUM(K11:K13) -> 12436549 | ... O14: =SUM(O11:O13) -> 6163750.9 | P14: =SUM(D14:O14) -> 98361966
A15: =+A14+1 -> 5
A16: =+A15+1 -> 6 | B16: Lufkin | C16: =+C11 -> 2021 | D16: 116814.46 | E16: 109353.31 | F16: 115305.18 | G16: 71588.077 | H16: 73421.369 | I16: 89831.178 | J16: 125184.15 | K16: 125862.45 | L16: 127913.75 | M16: 97164.427 | N16: 77780.49 | O16: 80967.268 | P16: =SUM(D16:O16) -> 1211186.1
A17: =+A16+1 -> 7 | B17: Lufkin | C17: =+C12 -> 2022 | D17: 94467.488 | E17: 124319.57 | F17: 111631.77 | G17: 79073.288 | H17: 83231.372 | I17: 112810.97 | J17: 145314.2 | K17: 152311.85 | L17: 121946.67 | M17: 94231.393 | N17: 71700.224 | O17: 89708.82 | P17: =SUM(D17:O17) -> 1280747.6
A18: =+A17+1 -> 8 | B18: Lufkin | C18: =+C13 -> 2023 | D18: 114410.82 | E18: 107027.32 | F18: 83661.723 | G18: 73196.495 | H18: 70028.38 | I18: 94053.021 | J18: 136990.16 | K18: 151738.66 | L18: 146956.96 | M18: 103504.49 | N18: 74869.732 | O18: 86494.84 | P18: =SUM(D18:O18) -> 1242932.6
A19: =+A18+1 -> 9 | B19: Lufkin | C19: Total | D19: =SUM(D16:D18) -> 325692.77 | E19: =SUM(E16:E18) -> 340700.2 | F19: =SUM(F16:F18) -> 310598.67 | G19: =SUM(G16:G18) -> 223857.86 | H19: =SUM(H16:H18) -> 226681.12 | I19: =SUM(I16:I18) -> 296695.17 | J19: =SUM(J16:J18) -> 407488.51 | K19: =SUM(K16:K18) -> 429912.96 | ... O19: =SUM(O16:O18) -> 257170.93 | P19: =SUM(D19:O19) -> 3734866.3
A20: =+A19+1 -> 10
A21: =+A20+1 -> 11 | B21: Austin | C21: =+C16 -> 2021 | D21: 143169.29 | E21: 133280.69 | F21: 151162.55 | G21: 110446.74 | H21: 125598.07 | I21: 161206.73 | J21: 217526.07 | K21: 219715.82 | L21: 232378.39 | M21: 179617.4 | N21: 128308.21 | O21: 117823.4 | P21: =SUM(D21:O21) -> 1920233.4
A22: =+A21+1 -> 12 | B22: Austin | C22: =+C17 -> 2022 | D22: 135479.41 | E22: 152779.49 | F22: 149341.23 | G22: 124405.31 | H22: 157197.98 | I22: 215591.08 | J22: 267408.96 | K22: 283618.91 | L22: 231761.51 | M22: 188109.73 | N22: 130057.36 | O22: 133114.06 | P22: =SUM(D22:O22) -> 2168865
A23: =+A22+1 -> 13 | B23: Austin | C23: =+C18 -> 2023 | D23: 153755.99 | E23: 145554.55 | F23: 132136.97 | G23: 124520.41 | H23: 133251.46 | I23: 186674.22 | J23: 269460.16 | K23: 294163.11 | L23: 291443.92 | M23: 221074.24 | N23: 138767.59 | O23: 124837.4 | P23: =SUM(D23:O23) -> 2215640
A24: =+A23+1 -> 14 | B24: Austin | C24: Total | D24: =SUM(D21:D23) -> 432404.69 | E24: =SUM(E21:E23) -> 431614.73 | F24: =SUM(F21:F23) -> 432640.75 | G24: =SUM(G21:G23) -> 359372.46 | H24: =SUM(H21:H23) -> 416047.51 | I24: =SUM(I21:I23) -> 563472.03 | J24: =SUM(J21:J23) -> 754395.19 | K24: =SUM(K21:K23) -> 797497.84 | ... O24: =SUM(O21:O23) -> 375774.86 | P24: =SUM(D24:O24) -> 6304738.4
A25: =+A24+1 -> 15
A26: =+A25+1 -> 16 | B26: Killeen | C26: =+C21 -> 2021 | D26: 206115.85 | E26: 200466.6 | F26: 236534.8 | G26: 123068.16 | H26: 130933.11 | I26: 155755.75 | J26: 210480.89 | K26: 214761.38 | L26: 225191.12 | M26: 178577.72 | N26: 134426.1 | O26: 138289.63 | P26: =SUM(D26:O26) -> 2154601.1
A27: =+A26+1 -> 17 | B27: Killeen | C27: =+C22 -> 2022 | D27: 166957.38 | E27: 230579.5 | F27: 217995.68 | G27: 143645.68 | H27: 150735.05 | I27: 202525.93 | J27: 255650.76 | K27: 274523.87 | L27: 224452.76 | M27: 180864.42 | N27: 133415.58 | O27: 168469.13 | P27: =SUM(D27:O27) -> 2349815.7
A28: =+A27+1 -> 18 | B28: Killeen | C28: =+C23 -> 2023 | D28: 210619.31 | E28: 204442.76 | F28: 166148.2 | G28: 133380.63 | H28: 131543.57 | I28: 175458.5 | J28: 250832.7 | K28: 276002.67 | L28: 270992.4 | M28: 204632.86 | N28: 141842.11 | O28: 150144.59 | P28: =SUM(D28:O28) -> 2316040.3
A29: =+A28+1 -> 19 | B29: Killeen | C29: Total | D29: =SUM(D26:D28) -> 583692.55 | E29: =SUM(E26:E28) -> 635488.85 | F29: =SUM(F26:F28) -> 620678.68 | G29: =SUM(G26:G28) -> 400094.47 | H29: =SUM(H26:H28) -> 413211.74 | I29: =SUM(I26:I28) -> 533740.18 | J29: =SUM(J26:J28) -> 716964.35 | K29: =SUM(K26:K28) -> 765287.92 | ... O29: =SUM(O26:O28) -> 456903.34 | P29: =SUM(D29:O29) -> 6820457.1
A30: =+A29+1 -> 20
A31: =+A30+1 -> 21 | B31: Longview | C31: =+C26 -> 2021 | D31: 153224.01 | E31: 154536.64 | F31: 168038.22 | G31: 95802.779 | H31: 98842.575 | I31: 119575.21 | J31: 173710.64 | K31: 176629.48 | L31: 178098.31 | M31: 134631.59 | N31: 102165.63 | O31: 108471.37 | P31: =SUM(D31:O31) -> 1663726.5
A32: =+A31+1 -> 22 | B32: Longview | C32: =+C27 -> 2022 | D32: 128463.14 | E32: 162158.01 | F32: 152952.74 | G32: 110470.88 | H32: 110966.69 | I32: 152783.54 | J32: 204561.16 | K32: 216850.85 | L32: 173274.69 | M32: 134303.87 | N32: 99438.698 | O32: 125882.66 | P32: =SUM(D32:O32) -> 1772106.9
A33: =+A32+1 -> 23 | B33: Longview | C33: =+C28 -> 2023 | D33: 157879.56 | E33: 145711.74 | F33: 120120.42 | G33: 100446.02 | H33: 99203.043 | I33: 135340.19 | J33: 190797.63 | K33: 215523.27 | L33: 215466.84 | M33: 151818.39 | N33: 103970.89 | O33: 118177.74 | P33: =SUM(D33:O33) -> 1754455.7
A34: =+A33+1 -> 24 | B34: Longview | C34: Total | D34: =SUM(D31:D33) -> 439566.72 | E34: =SUM(E31:E33) -> 462406.39 | F34: =SUM(F31:F33) -> 441111.37 | G34: =SUM(G31:G33) -> 306719.67 | H34: =SUM(H31:H33) -> 309012.31 | I34: =SUM(I31:I33) -> 407698.95 | J34: =SUM(J31:J33) -> 569069.43 | K34: =SUM(K31:K33) -> 609003.61 | ... O34: =SUM(O31:O33) -> 352531.77 | P34: =SUM(D34:O34) -> 5190289.1
A35: =+A34+1 -> 25
A36: =+A35+1 -> 26 | B36: Waco | C36: =+C31 -> 2021 | D36: 150792.53 | E36: 150902.03 | F36: 176881.84 | G36: 92648.562 | H36: 98669.222 | I36: 115731.89 | J36: 168009.53 | K36: 172738 | L36: 179433.64 | M36: 145767.52 | N36: 106642.34 | O36: 103581.59 | P36: =SUM(D36:O36) -> 1661798.7
A37: =+A36+1 -> 27 | B37: Waco | C37: =+C32 -> 2022 | D37: 122935.54 | E37: 164883.3 | F37: 162380.48 | G37: 112827.45 | H37: 112852.3 | I37: 156361.6 | J37: 205675.58 | K37: 224363.08 | L37: 182677.48 | M37: 147473.75 | N37: 101608.2 | O37: 125411.03 | P37: =SUM(D37:O37) -> 1819449.8
A38: =+A37+1 -> 28 | B38: Waco | C38: =+C33 -> 2023 | D38: 152542.63 | E38: 146333.18 | F38: 129526.97 | G38: 99583.292 | H38: 98011.038 | I38: 131839.92 | J38: 190676.95 | K38: 218573.92 | L38: 219305.45 | M38: 165363.25 | N38: 107946.3 | O38: 112858.82 | P38: =SUM(D38:O38) -> 1772561.7
A39: =+A38+1 -> 29 | B39: Waco | C39: Total | D39: =SUM(D36:D38) -> 426270.69 | E39: =SUM(E36:E38) -> 462118.51 | F39: =SUM(F36:F38) -> 468789.29 | G39: =SUM(G36:G38) -> 305059.31 | H39: =SUM(H36:H38) -> 309532.55 | I39: =SUM(I36:I38) -> 403933.41 | J39: =SUM(J36:J38) -> 564362.05 | K39: =SUM(K36:K38) -> 615675 | ... O39: =SUM(O36:O38) -> 341851.44 | P39: =SUM(D39:O39) -> 5253810.2
A40: =+A39+1 -> 30
A41: =+A40+1 -> 31 | B41: Abilene | C41: =+C36 -> 2021 | D41: 58689.987 | E41: 57721.881 | F41: 57495.187 | G41: 32345.204 | H41: 33642.864 | I41: 41364.063 | J41: 57648.052 | K41: 58662.567 | L41: 59207.723 | M41: 44042.224 | N41: 33120.328 | O41: 36902.454 | P41: =SUM(D41:O41) -> 570842.53
A42: =+A41+1 -> 32 | B42: Abilene | C42: =+C37 -> 2022 | D42: 47321.642 | E42: 60246.814 | F42: 55667.205 | G42: 37677.91 | H42: 41001.487 | I42: 56607.163 | J42: 71048.896 | K42: 74900.063 | L42: 58257.832 | M42: 44315.624 | N42: 32411.586 | O42: 45892.136 | P42: =SUM(D42:O42) -> 625348.36
A43: =+A42+1 -> 33 | B43: Abilene | C43: =+C38 -> 2023 | D43: 55685.75 | E43: 55059.389 | F43: 44183.789 | G43: 33575.847 | H43: 33485.298 | I43: 42848.868 | J43: 66497.459 | K43: 74011.312 | L43: 69495.909 | M43: 49720.978 | N43: 34852.816 | O43: 41009.199 | P43: =SUM(D43:O43) -> 600426.62
A44: =+A43+1 -> 34 | B44: Abilene | C44: Total | D44: =SUM(D41:D43) -> 161697.38 | E44: =SUM(E41:E43) -> 173028.08 | F44: =SUM(F41:F43) -> 157346.18 | G44: =SUM(G41:G43) -> 103598.96 | H44: =SUM(H41:H43) -> 108129.65 | I44: =SUM(I41:I43) -> 140820.09 | J44: =SUM(J41:J43) -> 195194.41 | K44: =SUM(K41:K43) -> 207573.94 | ... O44: =SUM(O41:O43) -> 123803.79 | P44: =SUM(D44:O44) -> 1796617.5
A45: =+A44+1 -> 35
A46: =+A45+1 -> 36 | B46: Wichita Falls | C46: =+C41 -> 2021 | D46: 76946.014 | E46: 75933.114 | F46: 87029.187 | G46: 46308.329 | H46: 47531.732 | I46: 60086.859 | J46: 89904.845 | K46: 95430.695 | L46: 96330.708 | M46: 73084.443 | N46: 50075.635 | O46: 52229.321 | P46: =SUM(D46:O46) -> 850890.88
A47: =+A46+1 -> 37 | B47: Wichita Falls | C47: =+C42 -> 2022 | D47: 63829.832 | E47: 82594.259 | F47: 76625.69 | G47: 53152.192 | H47: 55693.505 | I47: 78278.535 | J47: 106398.63 | K47: 118980.75 | L47: 94328.013 | M47: 72904.515 | N47: 47225.639 | O47: 62222.24 | P47: =SUM(D47:O47) -> 912233.8
A48: =+A47+1 -> 38 | B48: Wichita Falls | C48: =+C43 -> 2023 | D48: 75708.796 | E48: 72678.54 | F48: 63782.132 | G48: 48599.758 | H48: 46653.626 | I48: 62751.715 | J48: 96517.338 | K48: 112929.08 | L48: 112263.94 | M48: 79599.876 | N48: 52514.912 | O48: 55560.817 | P48: =SUM(D48:O48) -> 879560.53
A49: =+A48+1 -> 39 | B49: Wichita Falls | C49: Total | D49: =SUM(D46:D48) -> 216484.64 | E49: =SUM(E46:E48) -> 231205.91 | F49: =SUM(F46:F48) -> 227437.01 | G49: =SUM(G46:G48) -> 148060.28 | H49: =SUM(H46:H48) -> 149878.86 | I49: =SUM(I46:I48) -> 201117.11 | J49: =SUM(J46:J48) -> 292820.81 | K49: =SUM(K46:K48) -> 327340.53 | ... O49: =SUM(O46:O48) -> 170012.38 | P49: =SUM(D49:O49) -> 2642685.2
A50: =+A49+1 -> 40
A51: =+A50+1 -> 41 | B51: Midland Odessa | C51: =+C46 -> 2021 | D51: 229191.02 | E51: 214878.3 | F51: 225632.91 | G51: 135616.51 | H51: 148516.11 | I51: 196121.38 | J51: 260165.25 | K51: 248010.01 | L51: 248178.69 | M51: 201689.68 | N51: 147276.48 | O51: 152272.64 | P51: =SUM(D51:O51) -> 2407549
A52: =+A51+1 -> 42 | B52: Midland Odessa | C52: =+C47 -> 2022 | D52: 179067.8 | E52: 232092.9 | F52: 209438.75 | G52: 159096.39 | H52: 181347.53 | I52: 248236.63 | J52: 298263.59 | K52: 320425.11 | L52: 246290.29 | M52: 193201.25 | N52: 139405.88 | O52: 196214.99 | P52: =SUM(D52:O52) -> 2603081.1
A53: =+A52+1 -> 43 | B53: Midland Odessa | C53: =+C48 -> 2023 | D53: 219774.35 | E53: 223404.77 | F53: 186800.47 | G53: 145389.39 | H53: 155512.9 | I53: 204318.09 | J53: 314082 | K53: 332359.83 | L53: 308387.6 | M53: 234754.6 | N53: 159376.96 | O53: 175340.84 | P53: =SUM(D53:O53) -> 2659501.8
A54: =+A53+1 -> 44 | B54: Midland Odessa | C54: Total | D54: =SUM(D51:D53) -> 628033.17 | E54: =SUM(E51:E53) -> 670375.97 | F54: =SUM(F51:F53) -> 621872.13 | G54: =SUM(G51:G53) -> 440102.29 | H54: =SUM(H51:H53) -> 485376.54 | I54: =SUM(I51:I53) -> 648676.1 | J54: =SUM(J51:J53) -> 872510.85 | K54: =SUM(K51:K53) -> 900794.95 | ... O54: =SUM(O51:O53) -> 523828.47 | P54: =SUM(D54:O54) -> 7670131.9
A55: =+A54+1 -> 45
A56: =+A55+1 -> 46 | B56: Denison | C56: =+C51 -> 2021 | D56: 107011.92 | E56: 107879.53 | F56: 124571.25 | G56: 62804.838 | H56: 62557.912 | I56: 73848.244 | J56: 113948.88 | K56: 122527.47 | L56: 119583.04 | M56: 92870.071 | N56: 67187.182 | O56: 73745.317 | P56: =SUM(D56:O56) -> 1128535.6
A57: =+A56+1 -> 47 | B57: Denison | C57: =+C52 -> 2022 | D57: 88773.443 | E57: 114820.52 | F57: 106992.56 | G57: 75900.768 | H57: 69048.622 | I57: 93389.01 | J57: 132674.77 | K57: 151874.2 | L57: 120456.94 | M57: 93912.998 | N57: 66502.424 | O57: 91502.684 | P57: =SUM(D57:O57) -> 1205848.9
A58: =+A57+1 -> 48 | B58: Denison | C58: =+C53 -> 2023 | D58: 110945.3 | E58: 107705.39 | F58: 91069.85 | G58: 70548.022 | H58: 64529.825 | I58: 84600.248 | J58: 120054.39 | K58: 138413.35 | L58: 143402.19 | M58: 103043.25 | N58: 71669.697 | O58: 83228.303 | P58: =SUM(D58:O58) -> 1189209.8
A59: =+A58+1 -> 49 | B59: Denison | C59: Total | D59: =SUM(D56:D58) -> 306730.66 | E59: =SUM(E56:E58) -> 330405.45 | F59: =SUM(F56:F58) -> 322633.65 | G59: =SUM(G56:G58) -> 209253.63 | H59: =SUM(H56:H58) -> 196136.36 | I59: =SUM(I56:I58) -> 251837.5 | J59: =SUM(J56:J58) -> 366678.04 | K59: =SUM(K56:K58) -> 412815.02 | ... O59: =SUM(O56:O58) -> 248476.3 | P59: =SUM(D59:O59) -> 3523594.4
A60: =+A59+1 -> 50
A61: =+A60+1 -> 51 | B61: System | C61: =+C56 -> 2021 | D61: =SUM(D26,D31,D36,D41,D46,D51,D56,D21,D16,D11) -> 3891002.8 | E61: =SUM(E26,E31,E36,E41,E46,E51,E56,E21,E16,E11) -> 3833377.5 | F61: =SUM(F26,F31,F36,F41,F46,F51,F56,F21,F16,F11) -> 4298127.2 | G61: =SUM(G26,G31,G36,G41,G46,G51,G56,G21,G16,G11) -> 2462049.7 | H61: =SUM(H26,H31,H36,H41,H46,H51,H56,H21,H16,H11) -> 2622388 | I61: =SUM(I26,I31,I36,I41,I46,I51,I56,I21,I16,I11) -> 3299017 | J61: =SUM(J26,J31,J36,J41,J46,J51,J56,J21,J16,J11) -> 4867025.8 | K61: =SUM(K26,K31,K36,K41,K46,K51,K56,K21,K16,K11) -> 5020142.5 | ... P61: =SUM(P26,P31,P36,P41,P46,P51,P56,P21,P16,P11) -> 44763926
A62: =+A61+1 -> 52 | B62: System | C62: =+C57 -> 2022 | D62: =SUM(D27,D32,D37,D42,D47,D52,D57,D22,D17,D12) -> 3326108.3 | E62: =SUM(E27,E32,E37,E42,E47,E52,E57,E22,E17,E12) -> 4172487.8 | F62: =SUM(F27,F32,F37,F42,F47,F52,F57,F22,F17,F12) -> 3930259.6 | G62: =SUM(G27,G32,G37,G42,G47,G52,G57,G22,G17,G12) -> 2890962.5 | H62: =SUM(H27,H32,H37,H42,H47,H52,H57,H22,H17,H12) -> 3109842 | I62: =SUM(I27,I32,I37,I42,I47,I52,I57,I22,I17,I12) -> 4324780.7 | J62: =SUM(J27,J32,J37,J42,J47,J52,J57,J22,J17,J12) -> 5820904.4 | K62: =SUM(K27,K32,K37,K42,K47,K52,K57,K22,K17,K12) -> 6336902 | ... P62: =SUM(P27,P32,P37,P42,P47,P52,P57,P22,P17,P12) -> 48622576
A63: =+A62+1 -> 53 | B63: System | C63: =+C58 -> 2023 | D63: =SUM(D28,D33,D38,D43,D48,D53,D58,D23,D18,D13) -> 3932646.5 | E63: =SUM(E28,E33,E38,E43,E48,E53,E58,E23,E18,E13) -> 3823060.5 | F63: =SUM(F28,F33,F38,F43,F48,F53,F58,F23,F18,F13) -> 3231825.5 | G63: =SUM(G28,G33,G38,G43,G48,G53,G58,G23,G18,G13) -> 2664235.3 | H63: =SUM(H28,H33,H38,H43,H48,H53,H58,H23,H18,H13) -> 2687129.1 | I63: =SUM(I28,I33,I38,I43,I48,I53,I58,I23,I18,I13) -> 3722354.6 | J63: =SUM(J28,J33,J38,J43,J48,J53,J58,J23,J18,J13) -> 5387867.4 | K63: =SUM(K28,K33,K38,K43,K48,K53,K58,K23,K18,K13) -> 6145406.7 | ... P63: =SUM(P28,P33,P38,P43,P48,P53,P58,P23,P18,P13) -> 47912655
A64: =+A63+1 -> 54 | B64: System | C64: Total | D64: =SUM(D61:D63) -> 11149758 | E64: =SUM(E61:E63) -> 11828926 | F64: =SUM(F61:F63) -> 11460212 | G64: =SUM(G61:G63) -> 8017247.5 | H64: =SUM(H61:H63) -> 8419359 | I64: =SUM(I61:I63) -> 11346152 | J64: =SUM(J61:J63) -> 16075798 | K64: =SUM(K61:K63) -> 17502451 | ... P64: =SUM(P61:P63) -> 1.4129916e+08
