Workbook
Name I: "a1..m50"

Sheet Weather Adjustment
AA1: WP/II-H-1.2/1
AA2: Page 1 of 9
A4: PUC DOCKET NO
A5: ONCOR ELECTRIC DELIVERY COMPANY LLC
A6: MONTHLY SALES DATA
A7: TEST YEAR ENDING December 31, 2024
A9: SPONSOR: D. E. NELSON
A11: Weather Adjustment (MWH) By Class (based on 20-year average weather 2004-2023)
A13: Line | C13: Year | E13: Month | G13: Residential | I13: SECLE10 | K13: SECGT10_IDR | M13: SECGT10_NIDR | O13: PRMLE10 | Q13: PRMGT10_IDR_NoSUB | S13: PRMGT10_IDR_SUB | U13: PRMGT10_NIDR | W13: Transmission | Y13: Lighting | AA13: Total
A14: No. | G14: (a) | I14: (b) | K14: (c) | M14: (d) | O14: (e) | Q14: (f) | S14: (g) | U14: (h) | W14: (i) | Y14: (j) | AA14: (k)
A16: 1 | C16: 2024 | E16: 1 | G16: =+Residential!Z52+ResidentialT!AB52 -> 167851.48 | I16: =+SecLE10!W52 -> 4491.5377 | K16: =+SGT10_IDR_NIDR!J34 -> 18204.191 | M16: =+SGT10_IDR_NIDR!M34 -> 25421.05 | O16: 0 | Q16: =+'PrmGT10D IDR_NIDR'!J34 -> 2153.5914 | S16: =+Substation!Q52 -> 1232.4092 | U16: =+'PrmGT10D IDR_NIDR'!M34 -> 205.44764 | W16: 0 | Y16: 0 | AA16: =SUM(G16,I16,K16,M16,O16,Q16,S16,U16,W16,Y16,) -> 219559.71
A17: =+A16+1 -> 2 | C17: =C16 -> 2024 | E17: 2 | G17: =+Residential!Z53+ResidentialT!AB53 -> -276694.62 | I17: =+SecLE10!W53 -> 1426.3578 | K17: =+SGT10_IDR_NIDR!J35 -> -17149.141 | M17: =+SGT10_IDR_NIDR!M35 -> -25145.863 | O17: 0 | Q17: =+'PrmGT10D IDR_NIDR'!J35 -> 1966.3527 | S17: =+Substation!Q53 -> 1165.0167 | U17: =+'PrmGT10D IDR_NIDR'!M35 -> 170.21346 | W17: 0 | Y17: 0 | AA17: =SUM(G17,I17,K17,M17,O17,Q17,S17,U17,W17,Y17,) -> -314261.69
A18: =+A17+1 -> 3 | C18: =C17 -> 2024 | E18: 3 | G18: =+Residential!Z54+ResidentialT!AB54 -> 563688.89 | I18: =+SecLE10!W54 -> 7971.6045 | K18: =+SGT10_IDR_NIDR!J36 -> 20744.357 | M18: =+SGT10_IDR_NIDR!M36 -> 27874.702 | O18: 0 | Q18: =+'PrmGT10D IDR_NIDR'!J36 -> -8421.0009 | S18: =+Substation!Q54 -> -4192.8512 | U18: =+'PrmGT10D IDR_NIDR'!M36 -> -336.6838 | W18: 0 | Y18: 0 | AA18: =SUM(G18,I18,K18,M18,O18,Q18,S18,U18,W18,Y18,) -> 607329.02
A19: =+A18+1 -> 4 | C19: =C18 -> 2024 | E19: 4 | G19: =+Residential!Z55+ResidentialT!AB55 -> 152610.95 | I19: =+SecLE10!W55 -> 1596.2729 | K19: =+SGT10_IDR_NIDR!J37 -> 10762.995 | M19: =+SGT10_IDR_NIDR!M37 -> 14176.13 | O19: 0 | Q19: =+'PrmGT10D IDR_NIDR'!J37 -> 2489.9804 | S19: =+Substation!Q55 -> 763.5103 | U19: =+'PrmGT10D IDR_NIDR'!M37 -> 220.64052 | W19: 0 | Y19: 0 | AA19: =SUM(G19,I19,K19,M19,O19,Q19,S19,U19,W19,Y19,) -> 182620.48
A20: =+A19+1 -> 5 | C20: =C19 -> 2024 | E20: 5 | G20: =+Residential!Z56+ResidentialT!AB56 -> -63074.931 | I20: =+SecLE10!W56 -> -752.36737 | K20: =+SGT10_IDR_NIDR!J38 -> -24412.696 | M20: =+SGT10_IDR_NIDR!M38 -> -34219.904 | O20: 0 | Q20: =+'PrmGT10D IDR_NIDR'!J38 -> -6688.6916 | S20: =+Substation!Q56 -> -2239.4665 | U20: =+'PrmGT10D IDR_NIDR'!M38 -> -564.28893 | W20: 0 | Y20: 0 | AA20: =SUM(G20,I20,K20,M20,O20,Q20,S20,U20,W20,Y20,) -> -131952.35
A21: =+A20+1 -> 6 | C21: =C20 -> 2024 | E21: 6 | G21: =+Residential!Z57+ResidentialT!AB57 -> -143363.28 | I21: =+SecLE10!W57 -> -2207.1426 | K21: =+SGT10_IDR_NIDR!J39 -> -28163.809 | M21: =+SGT10_IDR_NIDR!M39 -> -42552.934 | O21: 0 | Q21: =+'PrmGT10D IDR_NIDR'!J39 -> -12206.307 | S21: =+Substation!Q57 -> -3464.5437 | U21: =+'PrmGT10D IDR_NIDR'!M39 -> -1078.6816 | W21: 0 | Y21: 0 | AA21: =SUM(G21,I21,K21,M21,O21,Q21,S21,U21,W21,Y21,) -> -233036.7
A22: =+A21+1 -> 7 | C22: =C21 -> 2024 | E22: 7 | G22: =+Residential!Z58+ResidentialT!AB58 -> -240111.72 | I22: =+SecLE10!W58 -> -3420.3708 | K22: =+SGT10_IDR_NIDR!J40 -> -36108.774 | M22: =+SGT10_IDR_NIDR!M40 -> -58614.671 | O22: 0 | Q22: =+'PrmGT10D IDR_NIDR'!J40 -> -8523.8033 | S22: =+Substation!Q58 -> -905.3119 | U22: =+'PrmGT10D IDR_NIDR'!M40 -> -845.4541 | W22: 0 | Y22: 0 | AA22: =SUM(G22,I22,K22,M22,O22,Q22,S22,U22,W22,Y22,) -> -348530.11
A23: =+A22+1 -> 8 | C23: =C22 -> 2024 | E23: 8 | G23: =+Residential!Z59+ResidentialT!AB59 -> 221530.83 | I23: =+SecLE10!W59 -> 2760.7303 | K23: =+SGT10_IDR_NIDR!J41 -> 31493.803 | M23: =+SGT10_IDR_NIDR!M41 -> 51290.998 | O23: 0 | Q23: =+'PrmGT10D IDR_NIDR'!J41 -> 3322.6149 | S23: =+Substation!Q59 -> -136.32691 | U23: =+'PrmGT10D IDR_NIDR'!M41 -> 356.19694 | W23: 0 | Y23: 0 | AA23: =SUM(G23,I23,K23,M23,O23,Q23,S23,U23,W23,Y23,) -> 310618.85
A24: =+A23+1 -> 9 | C24: =C23 -> 2024 | E24: 9 | G24: =+Residential!Z60+ResidentialT!AB60 -> -194424.09 | I24: =+SecLE10!W60 -> -3051.4956 | K24: =+SGT10_IDR_NIDR!J42 -> -28539.576 | M24: =+SGT10_IDR_NIDR!M42 -> -46599.711 | O24: 0 | Q24: =+'PrmGT10D IDR_NIDR'!J42 -> -11164.349 | S24: =+Substation!Q60 -> -95.370489 | U24: =+'PrmGT10D IDR_NIDR'!M42 -> -1125.7762 | W24: 0 | Y24: 0 | AA24: =SUM(G24,I24,K24,M24,O24,Q24,S24,U24,W24,Y24,) -> -285000.37
A25: =+A24+1 -> 10 | C25: =C24 -> 2024 | E25: 10 | G25: =+Residential!Z61+ResidentialT!AB61 -> -110530.15 | I25: =+SecLE10!W61 -> -1303.5394 | K25: =+SGT10_IDR_NIDR!J43 -> -25483.497 | M25: =+SGT10_IDR_NIDR!M43 -> -38396.592 | O25: 0 | Q25: =+'PrmGT10D IDR_NIDR'!J43 -> -6060.8869 | S25: =+Substation!Q61 -> -2595.6828 | U25: =+'PrmGT10D IDR_NIDR'!M43 -> -526.14579 | W25: 0 | Y25: 0 | AA25: =SUM(G25,I25,K25,M25,O25,Q25,S25,U25,W25,Y25,) -> -184896.49
A26: =+A25+1 -> 11 | C26: =C25 -> 2024 | E26: 11 | G26: =+Residential!Z62+ResidentialT!AB62 -> -161187.97 | I26: =+SecLE10!W62 -> -1980.1974 | K26: =+SGT10_IDR_NIDR!J44 -> -70966.998 | M26: =+SGT10_IDR_NIDR!M44 -> -100578.2 | O26: 0 | Q26: =+'PrmGT10D IDR_NIDR'!J44 -> -24717.303 | S26: =+Substation!Q62 -> -9052.16 | U26: =+'PrmGT10D IDR_NIDR'!M44 -> -1349.604 | W26: 0 | Y26: 0 | AA26: =SUM(G26,I26,K26,M26,O26,Q26,S26,U26,W26,Y26,) -> -369832.44
A27: =+A26+1 -> 12 | C27: =C26 -> 2024 | E27: 12 | G27: =+Residential!Z63+ResidentialT!AB63 -> 288007.91 | I27: =+SecLE10!W63 -> 2027.7888 | K27: =+SGT10_IDR_NIDR!J45 -> 12844.377 | M27: =+SGT10_IDR_NIDR!M45 -> 16945.59 | O27: 0 | Q27: =+'PrmGT10D IDR_NIDR'!J45 -> -3553.1668 | S27: =+Substation!Q63 -> -1784.5009 | U27: =+'PrmGT10D IDR_NIDR'!M45 -> -273.00911 | W27: 0 | Y27: 0 | AA27: =SUM(G27,I27,K27,M27,O27,Q27,S27,U27,W27,Y27,) -> 314214.99
A28: =+A27+1 -> 13 | C28: Total | G28: =SUM(G16:G27) -> 204303.29 | I28: =SUM(I16:I27) -> 7559.179 | K28: =SUM(K16:K27) -> -136774.77 | M28: =SUM(M16:M27) -> -210399.41 | O28: =SUM(O16:O27) -> 0 | Q28: =SUM(Q16:Q27) -> -71402.97 | S28: =SUM(S16:S27) -> -21305.278 | U28: =SUM(U16:U27) -> -5147.1449 | W28: =SUM(W16:W27) -> 0 | Y28: =SUM(Y16:Y27) -> 0 | AA28: =SUM(AA16:AA27) -> -233167.1
A29: =+A28+1 -> 14
A30: =+A29+1 -> 15 | C30: Customer Count
A31: =+A30+1 -> 16
A32: =+A31+1 -> 17 | C32: Year | E32: Month | G32: Residential | I32: SECLE10 | K32: SECGT10_IDR | M32: SECGT10_NIDR | O32: PRMLE10 | Q32: PRMGT10_IDR_NoSUB | S32: PRMGT10_IDR_SUB | U32: PRMGT10_NIDR | W32: Transmission | Y32: Lighting | AA32: Total
A33: =+A32+1 -> 18 | G33: (l) | I33: (m) | K33: (n) | M33: (o) | O33: (p) | Q33: (q) | S33: (r) | U33: (s) | W33: (t) | Y33: (u) | AA33: (v)
A34: =+A33+1 -> 19
A35: =+A34+1 -> 20 | C35: =+C16 -> 2024 | E35: =+E16 -> 1 | G35: =+[1]RES!E16 -> 3396604 | I35: =+'[1]GS SEC SMALL'!E16 -> 284930 | K35: =+'[1]GS SEC LRG IDR '!E16 -> 5679 | M35: =+'[1]GS SEC LRG NONIDR'!E16 -> 225820 | O35: =+'[1]GS PRI SMALL'!E16 -> 3151 | Q35: =+'[1]GS PRI LRG IDR '!E16 -> 1899 | S35: =+'[1]GS PRI LRG SUB'!E16 -> 151 | U35: =+'[1]GS PRI LRG NONIDR'!E16 -> 5179 | W35: =+[1]TRANSMISSION!E16 -> 319 | Y35: =+'[1]SL - UNMETERED'!E16+'[1]SL - METERED NON CO'!E16+'[1]SL - METERED CO OWNED'!E16+'[1]OUTDOOR LIGHTING'!E16 -> 52286 | AA35: =SUM(G35:Y35) -> 3976018
A36: =+A35+1 -> 21 | C36: =+C17 -> 2024 | E36: =+E17 -> 2 | G36: =+[1]RES!E18 -> 3401024 | I36: =+'[1]GS SEC SMALL'!E18 -> 282336 | K36: =+'[1]GS SEC LRG IDR '!E18 -> 5675 | M36: =+'[1]GS SEC LRG NONIDR'!E18 -> 228780 | O36: =+'[1]GS PRI SMALL'!E18 -> 3086 | Q36: =+'[1]GS PRI LRG IDR '!E18 -> 1903 | S36: =+'[1]GS PRI LRG SUB'!E18 -> 152 | U36: =+'[1]GS PRI LRG NONIDR'!E18 -> 5183 | W36: =+[1]TRANSMISSION!E18 -> 320 | Y36: =+'[1]SL - UNMETERED'!E18+'[1]SL - METERED NON CO'!E18+'[1]SL - METERED CO OWNED'!E18+'[1]OUTDOOR LIGHTING'!E18 -> 52202 | AA36: =SUM(G36:Y36) -> 3980661
A37: =+A36+1 -> 22 | C37: =+C18 -> 2024 | E37: =+E18 -> 3 | G37: =+[1]RES!E20 -> 3407140 | I37: =+'[1]GS SEC SMALL'!E20 -> 283192 | K37: =+'[1]GS SEC LRG IDR '!E20 -> 5674 | M37: =+'[1]GS SEC LRG NONIDR'!E20 -> 228741 | O37: =+'[1]GS PRI SMALL'!E20 -> 3096 | Q37: =+'[1]GS PRI LRG IDR '!E20 -> 1898 | S37: =+'[1]GS PRI LRG SUB'!E20 -> 154 | U37: =+'[1]GS PRI LRG NONIDR'!E20 -> 5177 | W37: =+[1]TRANSMISSION!E20 -> 322 | Y37: =+'[1]SL - UNMETERED'!E20+'[1]SL - METERED NON CO'!E20+'[1]SL - METERED CO OWNED'!E20+'[1]OUTDOOR LIGHTING'!E20 -> 52127 | AA37: =SUM(G37:Y37) -> 3987521
A38: =+A37+1 -> 23 | C38: =+C19 -> 2024 | E38: =+E19 -> 4 | G38: =+[1]RES!E22 -> 3413927 | I38: =+'[1]GS SEC SMALL'!E22 -> 283989 | K38: =+'[1]GS SEC LRG IDR '!E22 -> 5673 | M38: =+'[1]GS SEC LRG NONIDR'!E22 -> 228730 | O38: =+'[1]GS PRI SMALL'!E22 -> 3074 | Q38: =+'[1]GS PRI LRG IDR '!E22 -> 1893 | S38: =+'[1]GS PRI LRG SUB'!E22 -> 157 | U38: =+'[1]GS PRI LRG NONIDR'!E22 -> 5172 | W38: =+[1]TRANSMISSION!E22 -> 322 | Y38: =+'[1]SL - UNMETERED'!E22+'[1]SL - METERED NON CO'!E22+'[1]SL - METERED CO OWNED'!E22+'[1]OUTDOOR LIGHTING'!E22 -> 52051 | AA38: =SUM(G38:Y38) -> 3994988
A39: =+A38+1 -> 24 | C39: =+C20 -> 2024 | E39: =+E20 -> 5 | G39: =+[1]RES!E24 -> 3421241 | I39: =+'[1]GS SEC SMALL'!E24 -> 284452 | K39: =+'[1]GS SEC LRG IDR '!E24 -> 5696 | M39: =+'[1]GS SEC LRG NONIDR'!E24 -> 228854 | O39: =+'[1]GS PRI SMALL'!E24 -> 3079 | Q39: =+'[1]GS PRI LRG IDR '!E24 -> 1949 | S39: =+'[1]GS PRI LRG SUB'!E24 -> 159 | U39: =+'[1]GS PRI LRG NONIDR'!E24 -> 5124 | W39: =+[1]TRANSMISSION!E24 -> 324 | Y39: =+'[1]SL - UNMETERED'!E24+'[1]SL - METERED NON CO'!E24+'[1]SL - METERED CO OWNED'!E24+'[1]OUTDOOR LIGHTING'!E24 -> 51963 | AA39: =SUM(G39:Y39) -> 4002841
A40: =+A39+1 -> 25 | C40: =+C21 -> 2024 | E40: =+E21 -> 6 | G40: =+[1]RES!E26 -> 3425884 | I40: =+'[1]GS SEC SMALL'!E26 -> 284068 | K40: =+'[1]GS SEC LRG IDR '!E26 -> 5688 | M40: =+'[1]GS SEC LRG NONIDR'!E26 -> 229356 | O40: =+'[1]GS PRI SMALL'!E26 -> 3086 | Q40: =+'[1]GS PRI LRG IDR '!E26 -> 1950 | S40: =+'[1]GS PRI LRG SUB'!E26 -> 155 | U40: =+'[1]GS PRI LRG NONIDR'!E26 -> 5124 | W40: =+[1]TRANSMISSION!E26 -> 326 | Y40: =+'[1]SL - UNMETERED'!E26+'[1]SL - METERED NON CO'!E26+'[1]SL - METERED CO OWNED'!E26+'[1]OUTDOOR LIGHTING'!E26 -> 51895 | AA40: =SUM(G40:Y40) -> 4007532
A41: =+A40+1 -> 26 | C41: =+C22 -> 2024 | E41: =+E22 -> 7 | G41: =+[1]RES!E28 -> 3432967 | I41: =+'[1]GS SEC SMALL'!E28 -> 284074 | K41: =+'[1]GS SEC LRG IDR '!E28 -> 5684 | M41: =+'[1]GS SEC LRG NONIDR'!E28 -> 229680 | O41: =+'[1]GS PRI SMALL'!E28 -> 3097 | Q41: =+'[1]GS PRI LRG IDR '!E28 -> 1946 | S41: =+'[1]GS PRI LRG SUB'!E28 -> 158 | U41: =+'[1]GS PRI LRG NONIDR'!E28 -> 5109 | W41: =+[1]TRANSMISSION!E28 -> 327 | Y41: =+'[1]SL - UNMETERED'!E28+'[1]SL - METERED NON CO'!E28+'[1]SL - METERED CO OWNED'!E28+'[1]OUTDOOR LIGHTING'!E28 -> 51745 | AA41: =SUM(G41:Y41) -> 4014787
A42: =+A41+1 -> 27 | C42: =+C23 -> 2024 | E42: =+E23 -> 8 | G42: =+[1]RES!E30 -> 3439507 | I42: =+'[1]GS SEC SMALL'!E30 -> 284801 | K42: =+'[1]GS SEC LRG IDR '!E30 -> 5681 | M42: =+'[1]GS SEC LRG NONIDR'!E30 -> 229568 | O42: =+'[1]GS PRI SMALL'!E30 -> 3100 | Q42: =+'[1]GS PRI LRG IDR '!E30 -> 1945 | S42: =+'[1]GS PRI LRG SUB'!E30 -> 160 | U42: =+'[1]GS PRI LRG NONIDR'!E30 -> 5103 | W42: =+[1]TRANSMISSION!E30 -> 330 | Y42: =+'[1]SL - UNMETERED'!E30+'[1]SL - METERED NON CO'!E30+'[1]SL - METERED CO OWNED'!E30+'[1]OUTDOOR LIGHTING'!E30 -> 51680 | AA42: =SUM(G42:Y42) -> 4021875
A43: =+A42+1 -> 28 | C43: =+C24 -> 2024 | E43: =+E24 -> 9 | G43: =+[1]RES!E32 -> 3444509 | I43: =+'[1]GS SEC SMALL'!E32 -> 285728 | K43: =+'[1]GS SEC LRG IDR '!E32 -> 5732 | M43: =+'[1]GS SEC LRG NONIDR'!E32 -> 228741 | O43: =+'[1]GS PRI SMALL'!E32 -> 3122 | Q43: =+'[1]GS PRI LRG IDR '!E32 -> 1998 | S43: =+'[1]GS PRI LRG SUB'!E32 -> 160 | U43: =+'[1]GS PRI LRG NONIDR'!E32 -> 5040 | W43: =+[1]TRANSMISSION!E32 -> 332 | Y43: =+'[1]SL - UNMETERED'!E32+'[1]SL - METERED NON CO'!E32+'[1]SL - METERED CO OWNED'!E32+'[1]OUTDOOR LIGHTING'!E32 -> 51594 | AA43: =SUM(G43:Y43) -> 4026956
A44: =+A43+1 -> 29 | C44: =+C25 -> 2024 | E44: =+E25 -> 10 | G44: =+[1]RES!E34 -> 3450481 | I44: =+'[1]GS SEC SMALL'!E34 -> 286930 | K44: =+'[1]GS SEC LRG IDR '!E34 -> 5729 | M44: =+'[1]GS SEC LRG NONIDR'!E34 -> 228156 | O44: =+'[1]GS PRI SMALL'!E34 -> 3134 | Q44: =+'[1]GS PRI LRG IDR '!E34 -> 1991 | S44: =+'[1]GS PRI LRG SUB'!E34 -> 161 | U44: =+'[1]GS PRI LRG NONIDR'!E34 -> 5022 | W44: =+[1]TRANSMISSION!E34 -> 332 | Y44: =+'[1]SL - UNMETERED'!E34+'[1]SL - METERED NON CO'!E34+'[1]SL - METERED CO OWNED'!E34+'[1]OUTDOOR LIGHTING'!E34 -> 51419 | AA44: =SUM(G44:Y44) -> 4033355
A45: =+A44+1 -> 30 | C45: =+C26 -> 2024 | E45: =+E26 -> 11 | G45: =+[1]RES!E36 -> 3456155 | I45: =+'[1]GS SEC SMALL'!E36 -> 287446 | K45: =+'[1]GS SEC LRG IDR '!E36 -> 5729 | M45: =+'[1]GS SEC LRG NONIDR'!E36 -> 228028 | O45: =+'[1]GS PRI SMALL'!E36 -> 3143 | Q45: =+'[1]GS PRI LRG IDR '!E36 -> 1990 | S45: =+'[1]GS PRI LRG SUB'!E36 -> 162 | U45: =+'[1]GS PRI LRG NONIDR'!E36 -> 5011 | W45: =+[1]TRANSMISSION!E36 -> 334 | Y45: =+'[1]SL - UNMETERED'!E36+'[1]SL - METERED NON CO'!E36+'[1]SL - METERED CO OWNED'!E36+'[1]OUTDOOR LIGHTING'!E36 -> 51335 | AA45: =SUM(G45:Y45) -> 4039333
A46: =+A45+1 -> 31 | C46: =+C27 -> 2024 | E46: =+E27 -> 12 | G46: =+[1]RES!E38 -> 3462111 | I46: =+'[1]GS SEC SMALL'!E38 -> 287174 | K46: =+'[1]GS SEC LRG IDR '!E38 -> 5751 | M46: =+'[1]GS SEC LRG NONIDR'!E38 -> 228888 | O46: =+'[1]GS PRI SMALL'!E38 -> 3135 | Q46: =+'[1]GS PRI LRG IDR '!E38 -> 2027 | S46: =+'[1]GS PRI LRG SUB'!E38 -> 163 | U46: =+'[1]GS PRI LRG NONIDR'!E38 -> 4991 | W46: =+[1]TRANSMISSION!E38 -> 340 | Y46: =+'[1]SL - UNMETERED'!E38+'[1]SL - METERED NON CO'!E38+'[1]SL - METERED CO OWNED'!E38+'[1]OUTDOOR LIGHTING'!E38 -> 51221 | AA46: =SUM(G46:Y46) -> 4045801
A47: =+A46+1 -> 32 | C47: Total
A48: =+A47+1 -> 33
A49: =+A48+1 -> 34 | C49: Customer-Adjusted Weather*
A50: =+A49+1 -> 35
A51: =+A50+1 -> 36 | C51: Year | E51: Month | G51: Residential | I51: SECLE10 | K51: SECGT10_IDR | M51: SECGT10_NIDR | O51: PRMLE10 | Q51: PRMGT10_IDR_NoSUB | S51: PRMGT10_IDR_SUB | U51: PRMGT10_NIDR | W51: Transmission | Y51: Lighting | AA51: Total
A52: =+A51+1 -> 37 | G52: (w) | I52: (x) | K52: (y) | M52: (z) | O52: (aa) | Q52: (bb) | S52: (cc) | U52: (dd) | W52: (ee) | Y52: (ff) | AA52: (gg)
A53: =+A52+1 -> 38
A54: =+A53+1 -> 39 | C54: =+C35 -> 2024 | E54: =+E35 -> 1 | G54: =(+G$46/G35)*G16 -> 171088.67 | I54: =(+I$46/I35)*I16 -> 4526.9114 | K54: =(+K$46/K35)*K16 -> 18434.989 | M54: =(+M$46/M35)*M16 -> 25766.422 | O54: =(+O$46/O35)*O16 -> 0 | Q54: =(+Q$46/Q35)*Q16 -> 2298.7519 | S54: =(+S$46/S35)*S16 -> 1330.349 | U54: =(+U$46/U35)*U16 -> 197.9898 | W54: =(+W$46/W35)*W16 -> 0 | Y54: =(+Y$46/Y35)*Y16 -> 0 | AA54: =SUM(G54:Y54) -> 223644.09
A55: =+A54+1 -> 40 | C55: =+C36 -> 2024 | E55: =+E36 -> 2 | G55: =(+G$46/G36)*G17 -> -281664.43 | I55: =(+I$46/I36)*I17 -> 1450.7993 | K55: =(+K$46/K36)*K17 -> -17378.803 | M55: =(+M$46/M36)*M17 -> -25157.734 | O55: =(+O$46/O36)*O17 -> 0 | Q55: =(+Q$46/Q36)*Q17 -> 2094.4808 | S55: =(+S$46/S36)*S17 -> 1249.3272 | U55: =(+U$46/U36)*U17 -> 163.90804 | W55: =(+W$46/W36)*W17 -> 0 | Y55: =(+Y$46/Y36)*Y17 -> 0 | AA55: =SUM(G55:Y55) -> -319242.46
A56: =+A55+1 -> 41 | C56: =+C37 -> 2024 | E56: =+E37 -> 3 | G56: =(+G$46/G37)*G18 -> 572783.48 | I56: =(+I$46/I37)*I18 -> 8083.6943 | K56: =(+K$46/K37)*K18 -> 21025.872 | M56: =(+M$46/M37)*M18 -> 27892.616 | O56: =(+O$46/O37)*O18 -> 0 | Q56: =(+Q$46/Q37)*Q18 -> -8993.345 | S56: =(+S$46/S37)*S18 -> -4437.888 | U56: =(+U$46/U37)*U18 -> -324.58738 | W56: =(+W$46/W37)*W18 -> 0 | Y56: =(+Y$46/Y37)*Y18 -> 0 | AA56: =SUM(G56:Y56) -> 616029.84
A57: =+A56+1 -> 42 | C57: =+C38 -> 2024 | E57: =+E38 -> 4 | G57: =(+G$46/G38)*G19 -> 154764.9 | I57: =(+I$46/I38)*I19 -> 1614.1755 | K57: =(+K$46/K38)*K19 -> 10910.979 | M57: =(+M$46/M38)*M19 -> 14185.923 | O57: =(+O$46/O38)*O19 -> 0 | Q57: =(+Q$46/Q38)*Q19 -> 2666.239 | S57: =(+S$46/S38)*S19 -> 792.68904 | U57: =(+U$46/U38)*U19 -> 212.91895 | W57: =(+W$46/W38)*W19 -> 0 | Y57: =(+Y$46/Y38)*Y19 -> 0 | AA57: =SUM(G57:Y57) -> 185147.82
A58: =+A57+1 -> 43 | C58: =+C39 -> 2024 | E58: =+E39 -> 5 | G58: =(+G$46/G39)*G20 -> -63828.421 | I58: =(+I$46/I39)*I20 -> -759.56698 | K58: =(+K$46/K39)*K20 -> -24648.423 | M58: =(+M$46/M39)*M20 -> -34224.988 | O58: =(+O$46/O39)*O20 -> 0 | Q58: =(+Q$46/Q39)*Q20 -> -6956.3765 | S58: =(+S$46/S39)*S20 -> -2295.8053 | U58: =(+U$46/U39)*U20 -> -549.64208 | W58: =(+W$46/W39)*W20 -> 0 | Y58: =(+Y$46/Y39)*Y20 -> 0 | AA58: =SUM(G58:Y58) -> -133263.22
A59: =+A58+1 -> 44 | C59: =+C40 -> 2024 | E59: =+E40 -> 6 | G59: =(+G$46/G40)*G21 -> -144879.28 | I59: =(+I$46/I40)*I21 -> -2231.2755 | K59: =(+K$46/K40)*K21 -> -28475.75 | M59: =(+M$46/M40)*M21 -> -42466.105 | O59: =(+O$46/O40)*O21 -> 0 | Q59: =(+Q$46/Q40)*Q21 -> -12688.3 | S59: =(+S$46/S40)*S21 -> -3643.3589 | U59: =(+U$46/U40)*U21 -> -1050.683 | W59: =(+W$46/W40)*W21 -> 0 | Y59: =(+Y$46/Y40)*Y21 -> 0 | AA59: =SUM(G59:Y59) -> -235434.75
A60: =+A59+1 -> 45 | C60: =+C41 -> 2024 | E60: =+E41 -> 7 | G60: =(+G$46/G41)*G22 -> -242150.14 | I60: =(+I$46/I41)*I22 -> -3457.6961 | K60: =(+K$46/K41)*K22 -> -36534.406 | M60: =(+M$46/M41)*M22 -> -58412.551 | O60: =(+O$46/O41)*O22 -> 0 | Q60: =(+Q$46/Q41)*Q22 -> -8878.5967 | S60: =(+S$46/S41)*S22 -> -933.96101 | U60: =(+U$46/U41)*U22 -> -825.92707 | W60: =(+W$46/W41)*W22 -> 0 | Y60: =(+Y$46/Y41)*Y22 -> 0 | AA60: =SUM(G60:Y60) -> -351193.28
A61: =+A60+1 -> 46 | C61: =+C42 -> 2024 | E61: =+E42 -> 8 | G61: =(+G$46/G42)*G23 -> 222986.7 | I61: =(+I$46/I42)*I23 -> 2783.7331 | K61: =(+K$46/K42)*K23 -> 31881.862 | M61: =(+M$46/M42)*M23 -> 51139.07 | O61: =(+O$46/O42)*O23 -> 0 | Q61: =(+Q$46/Q42)*Q23 -> 3462.6943 | S61: =(+S$46/S42)*S23 -> -138.88304 | U61: =(+U$46/U42)*U23 -> 348.37917 | W61: =(+W$46/W42)*W23 -> 0 | Y61: =(+Y$46/Y42)*Y23 -> 0 | AA61: =SUM(G61:Y61) -> 312463.56
A62: =+A61+1 -> 47 | C62: =+C43 -> 2024 | E62: =+E43 -> 9 | G62: =(+G$46/G43)*G24 -> -195417.63 | I62: =(+I$46/I43)*I24 -> -3066.9385 | K62: =(+K$46/K43)*K24 -> -28634.177 | M62: =(+M$46/M43)*M24 -> -46629.658 | O62: =(+O$46/O43)*O24 -> 0 | Q62: =(+Q$46/Q43)*Q24 -> -11326.394 | S62: =(+S$46/S43)*S24 -> -97.158686 | U62: =(+U$46/U43)*U24 -> -1114.8311 | W62: =(+W$46/W43)*W24 -> 0 | Y62: =(+Y$46/Y43)*Y24 -> 0 | AA62: =SUM(G62:Y62) -> -286286.79
A63: =+A62+1 -> 48 | C63: =+C44 -> 2024 | E63: =+E44 -> 10 | G63: =(+G$46/G44)*G25 -> -110902.7 | I63: =(+I$46/I44)*I25 -> -1304.6479 | K63: =(+K$46/K44)*K25 -> -25581.356 | M63: =(+M$46/M44)*M25 -> -38519.781 | O63: =(+O$46/O44)*O25 -> 0 | Q63: =(+Q$46/Q44)*Q25 -> -6170.476 | S63: =(+S$46/S44)*S25 -> -2627.9273 | U63: =(+U$46/U44)*U25 -> -522.89797 | W63: =(+W$46/W44)*W25 -> 0 | Y63: =(+Y$46/Y44)*Y25 -> 0 | AA63: =SUM(G63:Y63) -> -185629.78
A64: =+A63+1 -> 49 | C64: =+C45 -> 2024 | E64: =+E45 -> 11 | G64: =(+G$46/G45)*G26 -> -161465.75 | I64: =(+I$46/I45)*I26 -> -1978.3236 | K64: =(+K$46/K45)*K26 -> -71239.52 | M64: =(+M$46/M45)*M26 -> -100957.53 | O64: =(+O$46/O45)*O26 -> 0 | Q64: =(+Q$46/Q45)*Q26 -> -25176.871 | S64: =(+S$46/S45)*S26 -> -9108.0375 | U64: =(+U$46/U45)*U26 -> -1344.2174 | W64: =(+W$46/W45)*W26 -> 0 | Y64: =(+Y$46/Y45)*Y26 -> 0 | AA64: =SUM(G64:Y64) -> -371270.24
A65: =+A64+1 -> 50 | C65: =+C46 -> 2024 | E65: =+E46 -> 12 | G65: =(+G$46/G46)*G27 -> 288007.91 | I65: =(+I$46/I46)*I27 -> 2027.7888 | K65: =(+K$46/K46)*K27 -> 12844.377 | M65: =(+M$46/M46)*M27 -> 16945.59 | O65: =(+O$46/O46)*O27 -> 0 | Q65: =(+Q$46/Q46)*Q27 -> -3553.1668 | S65: =(+S$46/S46)*S27 -> -1784.5009 | U65: =(+U$46/U46)*U27 -> -273.00911 | W65: =(+W$46/W46)*W27 -> 0 | Y65: =(+Y$46/Y46)*Y27 -> 0 | AA65: =SUM(G65:Y65) -> 314214.99
A66: =+A65+1 -> 51 | C66: Total | G66: =SUM(G54:G65) -> 209323.31 | I66: =SUM(I54:I65) -> 7688.6539 | K66: =SUM(K54:K65) -> -137394.35 | M66: =SUM(M54:M65) -> -210438.73 | O66: =SUM(O54:O65) -> 0 | Q66: =SUM(Q54:Q65) -> -73221.36 | S66: =SUM(S54:S65) -> -21695.155 | U66: =SUM(U54:U65) -> -5082.5992 | W66: =SUM(W54:W65) -> 0 | Y66: =SUM(Y54:Y65) -> 0 | AA66: =SUM(AA54:AA65) -> -230820.23
C68: *By Class, December Ended Customer Count/Current Month*Current Month Weather Adjustment MWH

Sheet Residential
Z1: WP/II-H-1.2/1
Z2: Page 2 of 9
A4: =+'Weather Adjustment'!A4 -> PUC DOCKET NO
A5: =+'Weather Adjustment'!A5 -> ONCOR ELECTRIC DELIVERY COMPANY LLC
A6: =+'Weather Adjustment'!A6 -> MONTHLY SALES DATA
A7: =+'Weather Adjustment'!A7 -> TEST YEAR ENDING December 31, 2024
A9: =+'Weather Adjustment'!A9 -> SPONSOR: D. E. NELSON
A11: Residential Weather Adjustment (MWH)
G12: CDD Model | I12: CDD Model Scaler | Z12: CDD MWH
A13: Line | C13: Year | E13: Month | G13: Coefficient | I13: CoolIndex | K13: CoolUse | M13: Customer | O13: Total GSL | P13: CDD Coefficient | R13: Actual CDD | T13: Normal CDD | V13: Total GPL | X13: CDD Deviation | Z13: Adjustment
G14: (a) | I14: (b) | K14: (c) | M14: (d) | P14: (e) = (a*b*c*d)/1000 | R14: (f) | T14: (g) | X14: (h)=g-f | Z14: (i)=e*h
A16: 1 | C16: =+'Weather Adjustment'!C16 -> 2024 | E16: =+'Weather Adjustment'!E16 -> 1 | G16: =+'[2]RES Model'!$C$18 -> 2.164 | I16: 0.79 | K16: 1.04 | M16: =+'Weather Adjustment'!G35 -> 3396604 | O16: =SUM(K16,M16) -> 3396605 | P16: =PRODUCT(G16,I16,K16,M16)/1000 -> 6038.9663 | R16: =+[3]RES!D13 -> 0.50931182 | T16: =+[3]RES!F13 -> 2.4932806 | V16: =SUM(R16,T16) -> 3.0025924 | X16: =+T16-R16 -> 1.9839688 | Z16: =+P16*X16 -> 11981.121
A17: =+A16+1 -> 2 | C17: =+'Weather Adjustment'!C17 -> 2024 | E17: =+'Weather Adjustment'!E17 -> 2 | G17: =+G16 -> 2.164 | I17: 0.79 | K17: 1.04 | M17: =+'Weather Adjustment'!G36 -> 3401024 | O17: =SUM(K17,M17) -> 3401025 | P17: =PRODUCT(G17,I17,K17,M17)/1000 -> 6046.8248 | R17: =+[3]RES!D14 -> 0.071189207 | T17: =+[3]RES!F14 -> 1.5673923 | V17: =SUM(R17,T17) -> 1.6385815 | X17: =+T17-R17 -> 1.4962031 | Z17: =+P17*X17 -> 9047.2779
A18: =+A17+1 -> 3 | C18: =+'Weather Adjustment'!C18 -> 2024 | E18: =+'Weather Adjustment'!E18 -> 3 | G18: =+G17 -> 2.164 | I18: 0.79 | K18: 1.05 | M18: =+'Weather Adjustment'!G37 -> 3407140 | O18: =SUM(K18,M18) -> 3407141 | P18: =PRODUCT(G18,I18,K18,M18)/1000 -> 6115.9458 | R18: =+[3]RES!D15 -> 14.582078 | T18: =+[3]RES!F15 -> 6.3552179 | V18: =SUM(R18,T18) -> 20.937296 | X18: =+T18-R18 -> -8.2268605 | Z18: =+P18*X18 -> -50315.032
A19: =+A18+1 -> 4 | C19: =+'Weather Adjustment'!C19 -> 2024 | E19: =+'Weather Adjustment'!E19 -> 4 | G19: =+G18 -> 2.164 | I19: 0.79 | K19: 1.04 | M19: =+'Weather Adjustment'!G38 -> 3413927 | O19: =SUM(K19,M19) -> 3413928 | P19: =PRODUCT(G19,I19,K19,M19)/1000 -> 6069.7656 | R19: =+[3]RES!D16 -> 23.336796 | T19: =+[3]RES!F16 -> 25.375167 | V19: =SUM(R19,T19) -> 48.711963 | X19: =+T19-R19 -> 2.0383717 | Z19: =+P19*X19 -> 12372.438
A20: =+A19+1 -> 5 | C20: =+'Weather Adjustment'!C20 -> 2024 | E20: =+'Weather Adjustment'!E20 -> 5 | G20: =+G19 -> 2.164 | I20: 0.79 | K20: 1.04 | M20: =+'Weather Adjustment'!G39 -> 3421241 | O20: =SUM(K20,M20) -> 3421242 | P20: =PRODUCT(G20,I20,K20,M20)/1000 -> 6082.7694 | R20: =+[3]RES!D17 -> 87.833335 | T20: =+[3]RES!F17 -> 71.734338 | V20: =SUM(R20,T20) -> 159.56767 | X20: =+T20-R20 -> -16.098997 | Z20: =+P20*X20 -> -97926.488
A21: =+A20+1 -> 6 | C21: =+'Weather Adjustment'!C21 -> 2024 | E21: =+'Weather Adjustment'!E21 -> 6 | G21: =+G20 -> 2.164 | I21: 0.79 | K21: 1.04 | M21: =+'Weather Adjustment'!G40 -> 3425884 | O21: =SUM(K21,M21) -> 3425885 | P21: =PRODUCT(G21,I21,K21,M21)/1000 -> 6091.0244 | R21: =+[3]RES!D18 -> 238.2623 | T21: =+[3]RES!F18 -> 214.65969 | V21: =SUM(R21,T21) -> 452.92199 | X21: =+T21-R21 -> -23.602611 | Z21: =+P21*X21 -> -143764.08
A22: =+A21+1 -> 7 | C22: =+'Weather Adjustment'!C22 -> 2024 | E22: =+'Weather Adjustment'!E22 -> 7 | G22: =+G21 -> 2.164 | I22: 0.79 | K22: 1.05 | M22: =+'Weather Adjustment'!G41 -> 3432967 | O22: =SUM(K22,M22) -> 3432968 | P22: =PRODUCT(G22,I22,K22,M22)/1000 -> 6162.3062 | R22: =+[3]RES!D19 -> 413.76616 | T22: =+[3]RES!F19 -> 376.74149 | V22: =SUM(R22,T22) -> 790.50765 | X22: =+T22-R22 -> -37.024664 | Z22: =+P22*X22 -> -228157.32
A23: =+A22+1 -> 8 | C23: =+'Weather Adjustment'!C23 -> 2024 | E23: =+'Weather Adjustment'!E23 -> 8 | G23: =+G22 -> 2.164 | I23: 0.79 | K23: 1.05 | M23: =+'Weather Adjustment'!G42 -> 3439507 | O23: =SUM(K23,M23) -> 3439508 | P23: =PRODUCT(G23,I23,K23,M23)/1000 -> 6174.0458 | R23: =+[3]RES!D20 -> 407.79058 | T23: =+[3]RES!F20 -> 441.87555 | V23: =SUM(R23,T23) -> 849.66614 | X23: =+T23-R23 -> 34.08497 | Z23: =+P23*X23 -> 210442.16
A24: =+A23+1 -> 9 | C24: =+'Weather Adjustment'!C24 -> 2024 | E24: =+'Weather Adjustment'!E24 -> 9 | G24: =+G23 -> 2.164 | I24: 0.79 | K24: 1.05 | M24: =+'Weather Adjustment'!G43 -> 3444509 | O24: =SUM(K24,M24) -> 3444510 | P24: =PRODUCT(G24,I24,K24,M24)/1000 -> 6183.0245 | R24: =+[3]RES!D21 -> 427.48317 | T24: =+[3]RES!F21 -> 397.57148 | V24: =SUM(R24,T24) -> 825.05466 | X24: =+T24-R24 -> -29.911688 | Z24: =+P24*X24 -> -184944.7
A25: =+A24+1 -> 10 | C25: =+'Weather Adjustment'!C25 -> 2024 | E25: =+'Weather Adjustment'!E25 -> 10 | G25: =+G24 -> 2.164 | I25: 0.79 | K25: 1.05 | M25: =+'Weather Adjustment'!G44 -> 3450481 | O25: =SUM(K25,M25) -> 3450482 | P25: =PRODUCT(G25,I25,K25,M25)/1000 -> 6193.7445 | R25: =+[3]RES!D22 -> 239.2824 | T25: =+[3]RES!F22 -> 220.30252 | V25: =SUM(R25,T25) -> 459.58492 | X25: =+T25-R25 -> -18.97988 | Z25: =+P25*X25 -> -117556.53
A26: =+A25+1 -> 11 | C26: =+'Weather Adjustment'!C26 -> 2024 | E26: =+'Weather Adjustment'!E26 -> 11 | G26: =+G25 -> 2.164 | I26: 0.79 | K26: 1.04 | M26: =+'Weather Adjustment'!G45 -> 3456155 | O26: =SUM(K26,M26) -> 3456156 | P26: =PRODUCT(G26,I26,K26,M26)/1000 -> 6144.8445 | R26: =+[3]RES!D23 -> 119.20832 | T26: =+[3]RES!F23 -> 65.768035 | V26: =SUM(R26,T26) -> 184.97635 | X26: =+T26-R26 -> -53.440282 | Z26: =+P26*X26 -> -328382.22
A27: =+A26+1 -> 12 | C27: =+'Weather Adjustment'!C27 -> 2024 | E27: =+'Weather Adjustment'!E27 -> 12 | G27: =+G26 -> 2.164 | I27: 0.79 | K27: 1.04 | M27: =+'Weather Adjustment'!G46 -> 3462111 | O27: =SUM(K27,M27) -> 3462112 | P27: =PRODUCT(G27,I27,K27,M27)/1000 -> 6155.4339 | R27: =+[3]RES!D24 -> 14.298436 | T27: =+[3]RES!F24 -> 10.052167 | V27: =SUM(R27,T27) -> 24.350603 | X27: =+T27-R27 -> -4.2462698 | Z27: =+P27*X27 -> -26137.634
A28: =+A27+1 -> 13 | C28: Total | O28: =SUM(O22:O27) -> 20685736 | R28: =SUM(R16:R27) -> 1986.4241 | T28: =SUM(T16:T27) -> 1834.4963 | V28: =SUM(V22:V27) -> 3134.1403 | X28: =+T28-R28 -> -151.92774 | Z28: =SUM(Z16:Z27) -> -933341.01
A29: =+A28+1 -> 14
A30: =+A29+1 -> 15 | G30: HDD Model | I30: HDD Model Scaler | Z30: HDD MWH
A31: =+A30+1 -> 16 | C31: Year | E31: Month | G31: Coefficient | I31: HeatIndex | K31: HeatUse | M31: Customer | O31: Total GSL | P31: HDD Coefficient | R31: Actual HDD | T31: Normal HDD | V31: Total GPL | X31: HDD Deviation | Z31: Adjustment
A32: =+A31+1 -> 17 | G32: (j) | I32: (k) | K32: (l) | M32: (m) | P32: (n) = (j*k*l*m)/1000 | R32: (o) | T32: (p) | X32: (q)=p-o | Z32: (r)=n*q
A33: =+A32+1 -> 18
A34: =+A33+1 -> 19 | C34: =+C16 -> 2024 | E34: =+E16 -> 1 | G34: =+'[2]RES Model'!$C$17 -> 1.939 | I34: 0.99 | K34: 1.04 | M34: =M16 -> 3396604 | P34: =PRODUCT(G34,I34,K34,M34)/1000 -> 6780.9612 | R34: =+[3]RES!C13 -> 192.04714 | S34: =S16 -> 0 | T34: =+[3]RES!E13 -> 213.47102 | X34: =+T34-R34 -> 21.423883 | Z34: =+P34*X34 -> 145274.52
A35: =+A34+1 -> 20 | C35: =+C17 -> 2024 | E35: =+E17 -> 2 | G35: =+G34 -> 1.939 | I35: 0.99 | K35: 1.04 | M35: =M17 -> 3401024 | P35: =PRODUCT(G35,I35,K35,M35)/1000 -> 6789.7853 | R35: =+[3]RES!C14 -> 260.83933 | S35: =S17 -> 0 | T35: =+[3]RES!E14 -> 221.3909 | X35: =+T35-R35 -> -39.448432 | Z35: =+P35*X35 -> -267846.38
A36: =+A35+1 -> 21 | C36: =+C18 -> 2024 | E36: =+E18 -> 3 | G36: =+G35 -> 1.939 | I36: 0.99 | K36: 1.05 | M36: =M18 -> 3407140 | P36: =PRODUCT(G36,I36,K36,M36)/1000 -> 6867.399 | R36: =+[3]RES!C15 -> 65.576036 | S36: =S18 -> 0 | T36: =+[3]RES!E15 -> 149.60668 | X36: =+T36-R36 -> 84.030646 | Z36: =+P36*X36 -> 577071.98
A37: =+A36+1 -> 22 | C37: =+C19 -> 2024 | E37: =+E19 -> 4 | G37: =+G36 -> 1.939 | I37: 0.99 | K37: 1.04 | M37: =M19 -> 3413927 | P37: =PRODUCT(G37,I37,K37,M37)/1000 -> 6815.5447 | R37: =+[3]RES!C16 -> 25.940125 | S37: =S19 -> 0 | T37: =+[3]RES!E16 -> 45.106131 | X37: =+T37-R37 -> 19.166006 | Z37: =+P37*X37 -> 130626.77
A38: =+A37+1 -> 23 | C38: =+C20 -> 2024 | E38: =+E20 -> 5 | G38: =+G37 -> 1.939 | I38: 0.99 | K38: 1.04 | M38: =M20 -> 3421241 | P38: =PRODUCT(G38,I38,K38,M38)/1000 -> 6830.1464 | R38: =+[3]RES!C17 -> 4.9216689 | S38: =S20 -> 0 | T38: =+[3]RES!E17 -> 10.403559 | X38: =+T38-R38 -> 5.4818905 | Z38: =+P38*X38 -> 37442.115
A39: =+A38+1 -> 24 | C39: =+C21 -> 2024 | E39: =+E21 -> 6 | G39: =+G38 -> 1.939 | I39: 0.99 | K39: 1.04 | M39: =M21 -> 3425884 | P39: =PRODUCT(G39,I39,K39,M39)/1000 -> 6839.4156 | R39: =+[3]RES!C18 -> 0.005868752 | S39: =S21 -> 0 | T39: =+[3]RES!E18 -> 1.0969641 | X39: =+T39-R39 -> 1.0910953 | Z39: =+P39*X39 -> 7462.4543
A40: =+A39+1 -> 25 | C40: =+C22 -> 2024 | E40: =+E22 -> 7 | G40: =+G39 -> 1.939 | I40: 0.99 | K40: 1.05 | M40: =M22 -> 3432967 | P40: =PRODUCT(G40,I40,K40,M40)/1000 -> 6919.4557 | R40: =+[3]RES!C19 -> 0 | S40: =S22 -> 0 | T40: =+[3]RES!E19 -> 0.0087872204 | X40: =+T40-R40 -> 0.0087872204 | Z40: =+P40*X40 -> 60.802782
A41: =+A40+1 -> 26 | C41: =+C23 -> 2024 | E41: =+E23 -> 8 | G41: =+G40 -> 1.939 | I41: 0.99 | K41: 1.06 | M41: =M23 -> 3439507 | P41: =PRODUCT(G41,I41,K41,M41)/1000 -> 6998.6628 | R41: =+[3]RES!C20 -> 0 | S41: =S23 -> 0 | T41: =+[3]RES!E20 -> 0.00033797379 | X41: =+T41-R41 -> 0.00033797379 | Z41: =+P41*X41 -> 2.3653646
A42: =+A41+1 -> 27 | C42: =+C24 -> 2024 | E42: =+E24 -> 9 | G42: =+G41 -> 1.939 | I42: 0.99 | K42: 1.05 | M42: =M24 -> 3444509 | P42: =PRODUCT(G42,I42,K42,M42)/1000 -> 6942.7196 | R42: =+[3]RES!C21 -> 0 | S42: =S24 -> 0 | T42: =+[3]RES!E21 -> 0.035522034 | X42: =+T42-R42 -> 0.035522034 | Z42: =+P42*X42 -> 246.61952
A43: =+A42+1 -> 28 | C43: =+C25 -> 2024 | E43: =+E25 -> 10 | G43: =+G42 -> 1.939 | I43: 0.99 | K43: 1.05 | M43: =M25 -> 3450481 | P43: =PRODUCT(G43,I43,K43,M43)/1000 -> 6954.7567 | R43: =+[3]RES!C22 -> 0.16908013 | S43: =S25 -> 0 | T43: =+[3]RES!E22 -> 1.9478264 | X43: =+T43-R43 -> 1.7787463 | Z43: =+P43*X43 -> 12370.748
A44: =+A43+1 -> 29 | C44: =+C26 -> 2024 | E44: =+E26 -> 11 | G44: =+G43 -> 1.939 | I44: 0.99 | K44: 1.04 | M44: =M26 -> 3456155 | P44: =PRODUCT(G44,I44,K44,M44)/1000 -> 6899.8485 | R44: =+[3]RES!C23 -> 2.4301902 | S44: =S26 -> 0 | T44: =+[3]RES!E23 -> 27.452626 | X44: =+T44-R44 -> 25.022436 | Z44: =+P44*X44 -> 172651.01
A45: =+A44+1 -> 30 | C45: =+C27 -> 2024 | E45: =+E27 -> 12 | G45: =+G44 -> 1.939 | I45: 0.99 | K45: 1.04 | M45: =M27 -> 3462111 | P45: =PRODUCT(G45,I45,K45,M45)/1000 -> 6911.739 | R45: =+[3]RES!C24 -> 68.297777 | S45: =S27 -> 0 | T45: =+[3]RES!E24 -> 111.01776 | X45: =+T45-R45 -> 42.71998 | Z45: =+P45*X45 -> 295269.35
A46: =+A45+1 -> 31 | C46: Total | R46: =SUM(R34:R45) -> 620.22722 | T46: =SUM(T34:T45) -> 781.53812 | V46: =SUM(V40:V45) -> 0 | X46: =+T46-R46 -> 161.3109 | Z46: =SUM(Z34:Z45) -> 1110632.4
A47: =+A46+1 -> 32
A48: =+A47+1 -> 33
A49: =+A48+1 -> 34 | C49: Year | E49: Month | Z49: Total
A50: =+A49+1 -> 35 | Z50: (s)=i+r
A51: =+A50+1 -> 36
A52: =+A51+1 -> 37 | C52: =+C34 -> 2024 | E52: =+E34 -> 1 | Z52: =+Z16+Z34 -> 157255.64
A53: =+A52+1 -> 38 | C53: =+C35 -> 2024 | E53: =+E35 -> 2 | Z53: =+Z17+Z35 -> -258799.1
A54: =+A53+1 -> 39 | C54: =+C36 -> 2024 | E54: =+E36 -> 3 | Z54: =+Z18+Z36 -> 526756.94
A55: =+A54+1 -> 40 | C55: =+C37 -> 2024 | E55: =+E37 -> 4 | Z55: =+Z19+Z37 -> 142999.21
A56: =+A55+1 -> 41 | C56: =+C38 -> 2024 | E56: =+E38 -> 5 | Z56: =+Z20+Z38 -> -60484.373
A57: =+A56+1 -> 42 | C57: =+C39 -> 2024 | E57: =+E39 -> 6 | Z57: =+Z21+Z39 -> -136301.63
A58: =+A57+1 -> 43 | C58: =+C40 -> 2024 | E58: =+E40 -> 7 | Z58: =+Z22+Z40 -> -228096.52
A59: =+A58+1 -> 44 | C59: =+C41 -> 2024 | E59: =+E41 -> 8 | Z59: =+Z23+Z41 -> 210444.53
A60: =+A59+1 -> 45 | C60: =+C42 -> 2024 | E60: =+E42 -> 9 | Z60: =+Z24+Z42 -> -184698.08
A61: =+A60+1 -> 46 | C61: =+C43 -> 2024 | E61: =+E43 -> 10 | Z61: =+Z25+Z43 -> -105185.78
A62: =+A61+1 -> 47 | C62: =+C44 -> 2024 | E62: =+E44 -> 11 | Z62: =+Z26+Z44 -> -155731.21
A63: =+A62+1 -> 48 | C63: =+C45 -> 2024 | E63: =+E45 -> 12 | Z63: =+Z27+Z45 -> 269131.72
A64: =+A63+1 -> 49 | C64: Total | Z64: =SUM(Z52:Z63) -> 177291.34

Sheet ResidentialT
AB1: =+'Weather Adjustment'!AA1 -> WP/II-H-1.2/1
AB2: Page 3 of 9
A4: =+'Weather Adjustment'!A4 -> PUC DOCKET NO
A5: =+'Weather Adjustment'!A5 -> ONCOR ELECTRIC DELIVERY COMPANY LLC
A6: =+'Weather Adjustment'!A6 -> MONTHLY SALES DATA
A7: ='Weather Adjustment'!A7 -> TEST YEAR ENDING December 31, 2024
A9: =+'Weather Adjustment'!A9 -> SPONSOR: D. E. NELSON
A11: Residential Weather Adjustment (MWH)
G12: CDD Model | K12: CDD Model Scaler | AB12: CDD MWH
A13: Line | C13: Year | E13: Month | G13: Coefficient | I13: Trend | K13: CoolIndex | M13: CoolUse | O13: Customer | Q13: Total GSL | R13: CDD Coefficient | T13: Actual CDD | V13: Normal CDD | X13: Total GPL | Z13: CDD Deviation | AB13: Adjustment
G14: (a) | I14: (a) | K14: (b) | M14: (c) | O14: (d) | R14: (e) = (a*b*c*d)/1000 | T14: (f) | V14: (g) | Z14: (h)=g-f | AB14: (i)=e*h
A16: 1 | C16: =+'Weather Adjustment'!C16 -> 2024 | E16: =+'Weather Adjustment'!E16 -> 1 | G16: =+'[2]RES Model'!$C$33 -> 0.006 | I16: 19 | K16: =Residential!I16 -> 0.79 | M16: =Residential!K16 -> 1.04 | O16: =+Residential!M16 -> 3396604 | Q16: =SUM(M16,O16) -> 3396605 | R16: =PRODUCT(G16,I16,K16,M16,O16)/1000 -> 318.13408 | T16: =Residential!R16 -> 0.50931182 | V16: =Residential!T16 -> 2.4932806 | X16: =SUM(T16,V16) -> 3.0025924 | Z16: =+V16-T16 -> 1.9839688 | AB16: =+R16*Z16 -> 631.1681
A17: =+A16+1 -> 2 | C17: =+'Weather Adjustment'!C17 -> 2024 | E17: =+'Weather Adjustment'!E17 -> 2 | G17: =+'[2]RES Model'!$C$33 -> 0.006 | I17: 19 | K17: =Residential!I17 -> 0.79 | M17: =Residential!K17 -> 1.04 | O17: =+Residential!M17 -> 3401024 | Q17: =SUM(M17,O17) -> 3401025 | R17: =PRODUCT(G17,I17,K17,M17,O17)/1000 -> 318.54807 | T17: =Residential!R17 -> 0.071189207 | V17: =Residential!T17 -> 1.5673923 | X17: =SUM(T17,V17) -> 1.6385815 | Z17: =+V17-T17 -> 1.4962031 | AB17: =+R17*Z17 -> 476.61261
A18: =+A17+1 -> 3 | C18: =+'Weather Adjustment'!C18 -> 2024 | E18: =+'Weather Adjustment'!E18 -> 3 | G18: =+'[2]RES Model'!$C$33 -> 0.006 | I18: 19 | K18: =Residential!I18 -> 0.79 | M18: =Residential!K18 -> 1.05 | O18: =+Residential!M18 -> 3407140 | Q18: =SUM(M18,O18) -> 3407141 | R18: =PRODUCT(G18,I18,K18,M18,O18)/1000 -> 322.18938 | T18: =Residential!R18 -> 14.582078 | V18: =Residential!T18 -> 6.3552179 | X18: =SUM(T18,V18) -> 20.937296 | Z18: =+V18-T18 -> -8.2268605 | AB18: =+R18*Z18 -> -2650.6071
A19: =+A18+1 -> 4 | C19: =+'Weather Adjustment'!C19 -> 2024 | E19: =+'Weather Adjustment'!E19 -> 4 | G19: =+'[2]RES Model'!$C$33 -> 0.006 | I19: 19 | K19: =Residential!I19 -> 0.79 | M19: =Residential!K19 -> 1.04 | O19: =+Residential!M19 -> 3413927 | Q19: =SUM(M19,O19) -> 3413928 | R19: =PRODUCT(G19,I19,K19,M19,O19)/1000 -> 319.7566 | T19: =Residential!R19 -> 23.336796 | V19: =Residential!T19 -> 25.375167 | X19: =SUM(T19,V19) -> 48.711963 | Z19: =+V19-T19 -> 2.0383717 | AB19: =+R19*Z19 -> 651.7828
A20: =+A19+1 -> 5 | C20: =+'Weather Adjustment'!C20 -> 2024 | E20: =+'Weather Adjustment'!E20 -> 5 | G20: =+'[2]RES Model'!$C$33 -> 0.006 | I20: 19 | K20: =Residential!I20 -> 0.79 | M20: =Residential!K20 -> 1.04 | O20: =+Residential!M20 -> 3421241 | Q20: =SUM(M20,O20) -> 3421242 | R20: =PRODUCT(G20,I20,K20,M20,O20)/1000 -> 320.44164 | T20: =Residential!R20 -> 87.833335 | V20: =Residential!T20 -> 71.734338 | X20: =SUM(T20,V20) -> 159.56767 | Z20: =+V20-T20 -> -16.098997 | AB20: =+R20*Z20 -> -5158.7891
A21: =+A20+1 -> 6 | C21: =+'Weather Adjustment'!C21 -> 2024 | E21: =+'Weather Adjustment'!E21 -> 6 | G21: =+'[2]RES Model'!$C$33 -> 0.006 | I21: 19 | K21: =Residential!I21 -> 0.79 | M21: =Residential!K21 -> 1.04 | O21: =+Residential!M21 -> 3425884 | Q21: =SUM(M21,O21) -> 3425885 | R21: =PRODUCT(G21,I21,K21,M21,O21)/1000 -> 320.87652 | T21: =Residential!R21 -> 238.2623 | V21: =Residential!T21 -> 214.65969 | X21: =SUM(T21,V21) -> 452.92199 | Z21: =+V21-T21 -> -23.602611 | AB21: =+R21*Z21 -> -7573.5236
A22: =+A21+1 -> 7 | C22: =+'Weather Adjustment'!C22 -> 2024 | E22: =+'Weather Adjustment'!E22 -> 7 | G22: =+'[2]RES Model'!$C$33 -> 0.006 | I22: 19 | K22: =Residential!I22 -> 0.79 | M22: =Residential!K22 -> 1.05 | O22: =+Residential!M22 -> 3432967 | Q22: =SUM(M22,O22) -> 3432968 | R22: =PRODUCT(G22,I22,K22,M22,O22)/1000 -> 324.63166 | T22: =Residential!R22 -> 413.76616 | V22: =Residential!T22 -> 376.74149 | X22: =SUM(T22,V22) -> 790.50765 | Z22: =+V22-T22 -> -37.024664 | AB22: =+R22*Z22 -> -12019.378
A23: =+A22+1 -> 8 | C23: =+'Weather Adjustment'!C23 -> 2024 | E23: =+'Weather Adjustment'!E23 -> 8 | G23: =+'[2]RES Model'!$C$33 -> 0.006 | I23: 19 | K23: =Residential!I23 -> 0.79 | M23: =Residential!K23 -> 1.05 | O23: =+Residential!M23 -> 3439507 | Q23: =SUM(M23,O23) -> 3439508 | R23: =PRODUCT(G23,I23,K23,M23,O23)/1000 -> 325.2501 | T23: =Residential!R23 -> 407.79058 | V23: =Residential!T23 -> 441.87555 | X23: =SUM(T23,V23) -> 849.66614 | Z23: =+V23-T23 -> 34.08497 | AB23: =+R23*Z23 -> 11086.14
A24: =+A23+1 -> 9 | C24: =+'Weather Adjustment'!C24 -> 2024 | E24: =+'Weather Adjustment'!E24 -> 9 | G24: =+'[2]RES Model'!$C$33 -> 0.006 | I24: 19 | K24: =Residential!I24 -> 0.79 | M24: =Residential!K24 -> 1.05 | O24: =+Residential!M24 -> 3444509 | Q24: =SUM(M24,O24) -> 3444510 | R24: =PRODUCT(G24,I24,K24,M24,O24)/1000 -> 325.7231 | T24: =Residential!R24 -> 427.48317 | V24: =Residential!T24 -> 397.57148 | X24: =SUM(T24,V24) -> 825.05466 | Z24: =+V24-T24 -> -29.911688 | AB24: =+R24*Z24 -> -9742.9279
A25: =+A24+1 -> 10 | C25: =+'Weather Adjustment'!C25 -> 2024 | E25: =+'Weather Adjustment'!E25 -> 10 | G25: =+'[2]RES Model'!$C$33 -> 0.006 | I25: 19 | K25: =Residential!I25 -> 0.79 | M25: =Residential!K25 -> 1.05 | O25: =+Residential!M25 -> 3450481 | Q25: =SUM(M25,O25) -> 3450482 | R25: =PRODUCT(G25,I25,K25,M25,O25)/1000 -> 326.28783 | T25: =Residential!R25 -> 239.2824 | V25: =Residential!T25 -> 220.30252 | X25: =SUM(T25,V25) -> 459.58492 | Z25: =+V25-T25 -> -18.97988 | AB25: =+R25*Z25 -> -6192.904
A26: =+A25+1 -> 11 | C26: =+'Weather Adjustment'!C26 -> 2024 | E26: =+'Weather Adjustment'!E26 -> 11 | G26: =+'[2]RES Model'!$C$33 -> 0.006 | I26: 19 | K26: =Residential!I26 -> 0.79 | M26: =Residential!K26 -> 1.04 | O26: =+Residential!M26 -> 3456155 | Q26: =SUM(M26,O26) -> 3456156 | R26: =PRODUCT(G26,I26,K26,M26,O26)/1000 -> 323.71177 | T26: =Residential!R26 -> 119.20832 | V26: =Residential!T26 -> 65.768035 | X26: =SUM(T26,V26) -> 184.97635 | Z26: =+V26-T26 -> -53.440282 | AB26: =+R26*Z26 -> -17299.248
A27: =+A26+1 -> 12 | C27: =+'Weather Adjustment'!C27 -> 2024 | E27: =+'Weather Adjustment'!E27 -> 12 | G27: =+'[2]RES Model'!$C$33 -> 0.006 | I27: 19 | K27: =Residential!I27 -> 0.79 | M27: =Residential!K27 -> 1.04 | O27: =+Residential!M27 -> 3462111 | Q27: =SUM(M27,O27) -> 3462112 | R27: =PRODUCT(G27,I27,K27,M27,O27)/1000 -> 324.26963 | T27: =Residential!R27 -> 14.298436 | V27: =Residential!T27 -> 10.052167 | X27: =SUM(T27,V27) -> 24.350603 | Z27: =+V27-T27 -> -4.2462698 | AB27: =+R27*Z27 -> -1376.9363
A28: =+A27+1 -> 13 | C28: Total | Q28: =SUM(Q22:Q27) -> 20685736 | T28: =SUM(T16:T27) -> 1986.4241 | V28: =SUM(V16:V27) -> 1834.4963 | X28: =SUM(X22:X27) -> 3134.1403 | Z28: =+V28-T28 -> -151.92774 | AB28: =SUM(AB16:AB27) -> -49168.611
A29: =+A28+1 -> 14
A30: =+A29+1 -> 15 | G30: HDD Model | K30: HDD Model Scaler | AB30: HDD MWH
A31: =+A30+1 -> 16 | C31: Year | E31: Month | G31: Coefficient | K31: HeatIndex | M31: HeatUse | O31: Customer | Q31: Total GSL | R31: HDD Coefficient | T31: Actual HDD | V31: Normal HDD | X31: Total GPL | Z31: HDD Deviation | AB31: Adjustment
A32: =+A31+1 -> 17 | G32: (j) | K32: (k) | M32: (l) | O32: (m) | R32: (n) = (j*k*l*m)/1000 | T32: (o) | V32: (p) | Z32: (q)=p-o | AB32: (r)=n*q
A33: =+A32+1 -> 18
A34: =+A33+1 -> 19 | C34: =+C16 -> 2024 | E34: =+E16 -> 1 | G34: =+'[2]RES Model'!$C$32 -> 0.007 | I34: 19 | K34: =Residential!I34 -> 0.99 | M34: =Residential!K34 -> 1.04 | O34: =O16 -> 3396604 | R34: =PRODUCT(G34,I34,K34,M34,O34)/1000 -> 465.12008 | T34: =Residential!R34 -> 192.04714 | U34: =U16 -> 0 | V34: =Residential!T34 -> 213.47102 | Z34: =+V34-T34 -> 21.423883 | AB34: =+R34*Z34 -> 9964.6781
A35: =+A34+1 -> 20 | C35: =+C17 -> 2024 | E35: =+E17 -> 2 | G35: =+'[2]RES Model'!$C$32 -> 0.007 | I35: 19 | K35: =Residential!I35 -> 0.99 | M35: =Residential!K35 -> 1.04 | O35: =O17 -> 3401024 | R35: =PRODUCT(G35,I35,K35,M35,O35)/1000 -> 465.72534 | T35: =Residential!R35 -> 260.83933 | U35: =U17 -> 0 | V35: =Residential!T35 -> 221.3909 | Z35: =+V35-T35 -> -39.448432 | AB35: =+R35*Z35 -> -18372.134
A36: =+A35+1 -> 21 | C36: =+C18 -> 2024 | E36: =+E18 -> 3 | G36: =+'[2]RES Model'!$C$32 -> 0.007 | I36: 19 | K36: =Residential!I36 -> 0.99 | M36: =Residential!K36 -> 1.05 | O36: =O18 -> 3407140 | R36: =PRODUCT(G36,I36,K36,M36,O36)/1000 -> 471.04903 | T36: =Residential!R36 -> 65.576036 | U36: =U18 -> 0 | V36: =Residential!T36 -> 149.60668 | Z36: =+V36-T36 -> 84.030646 | AB36: =+R36*Z36 -> 39582.554
A37: =+A36+1 -> 22 | C37: =+C19 -> 2024 | E37: =+E19 -> 4 | G37: =+'[2]RES Model'!$C$32 -> 0.007 | I37: 19 | K37: =Residential!I37 -> 0.99 | M37: =Residential!K37 -> 1.04 | O37: =O19 -> 3413927 | R37: =PRODUCT(G37,I37,K37,M37,O37)/1000 -> 467.49224 | T37: =Residential!R37 -> 25.940125 | U37: =U19 -> 0 | V37: =Residential!T37 -> 45.106131 | Z37: =+V37-T37 -> 19.166006 | AB37: =+R37*Z37 -> 8959.9591
A38: =+A37+1 -> 23 | C38: =+C20 -> 2024 | E38: =+E20 -> 5 | G38: =+'[2]RES Model'!$C$32 -> 0.007 | I38: 19 | K38: =Residential!I38 -> 0.99 | M38: =Residential!K38 -> 1.04 | O38: =O20 -> 3421241 | R38: =PRODUCT(G38,I38,K38,M38,O38)/1000 -> 468.49379 | T38: =Residential!R38 -> 4.9216689 | U38: =U20 -> 0 | V38: =Residential!T38 -> 10.403559 | Z38: =+V38-T38 -> 5.4818905 | AB38: =+R38*Z38 -> 2568.2317
A39: =+A38+1 -> 24 | C39: =+C21 -> 2024 | E39: =+E21 -> 6 | G39: =+'[2]RES Model'!$C$32 -> 0.007 | I39: 19 | K39: =Residential!I39 -> 0.99 | M39: =Residential!K39 -> 1.04 | O39: =O21 -> 3425884 | R39: =PRODUCT(G39,I39,K39,M39,O39)/1000 -> 469.12959 | T39: =Residential!R39 -> 0.005868752 | U39: =U21 -> 0 | V39: =Residential!T39 -> 1.0969641 | Z39: =+V39-T39 -> 1.0910953 | AB39: =+R39*Z39 -> 511.86509
A40: =+A39+1 -> 25 | C40: =+C22 -> 2024 | E40: =+E22 -> 7 | G40: =+'[2]RES Model'!$C$32 -> 0.007 | I40: 19 | K40: =Residential!I40 -> 0.99 | M40: =Residential!K40 -> 1.05 | O40: =O22 -> 3432967 | R40: =PRODUCT(G40,I40,K40,M40,O40)/1000 -> 474.6197 | T40: =Residential!R40 -> 0 | U40: =U22 -> 0 | V40: =Residential!T40 -> 0.0087872204 | Z40: =+V40-T40 -> 0.0087872204 | AB40: =+R40*Z40 -> 4.1705879
A41: =+A40+1 -> 26 | C41: =+C23 -> 2024 | E41: =+E23 -> 8 | G41: =+'[2]RES Model'!$C$32 -> 0.007 | I41: 19 | K41: =Residential!I41 -> 0.99 | M41: =Residential!K41 -> 1.06 | O41: =O23 -> 3439507 | R41: =PRODUCT(G41,I41,K41,M41,O41)/1000 -> 480.05268 | T41: =Residential!R41 -> 0 | U41: =U23 -> 0 | V41: =Residential!T41 -> 0.00033797379 | Z41: =+V41-T41 -> 0.00033797379 | AB41: =+R41*Z41 -> 0.16224522
A42: =+A41+1 -> 27 | C42: =+C24 -> 2024 | E42: =+E24 -> 9 | G42: =+'[2]RES Model'!$C$32 -> 0.007 | I42: 19 | K42: =Residential!I42 -> 0.99 | M42: =Residential!K42 -> 1.05 | O42: =O24 -> 3444509 | R42: =PRODUCT(G42,I42,K42,M42,O42)/1000 -> 476.21543 | T42: =Residential!R42 -> 0 | U42: =U24 -> 0 | V42: =Residential!T42 -> 0.035522034 | Z42: =+V42-T42 -> 0.035522034 | AB42: =+R42*Z42 -> 16.91614
A43: =+A42+1 -> 28 | C43: =+C25 -> 2024 | E43: =+E25 -> 10 | G43: =+'[2]RES Model'!$C$32 -> 0.007 | I43: 19 | K43: =Residential!I43 -> 0.99 | M43: =Residential!K43 -> 1.05 | O43: =O25 -> 3450481 | R43: =PRODUCT(G43,I43,K43,M43,O43)/1000 -> 477.04107 | T43: =Residential!R43 -> 0.16908013 | U43: =U25 -> 0 | V43: =Residential!T43 -> 1.9478264 | Z43: =+V43-T43 -> 1.7787463 | AB43: =+R43*Z43 -> 848.53505
A44: =+A43+1 -> 29 | C44: =+C26 -> 2024 | E44: =+E26 -> 11 | G44: =+'[2]RES Model'!$C$32 -> 0.007 | I44: 19 | K44: =Residential!I44 -> 0.99 | M44: =Residential!K44 -> 1.04 | O44: =O26 -> 3456155 | R44: =PRODUCT(G44,I44,K44,M44,O44)/1000 -> 473.27481 | T44: =Residential!R44 -> 2.4301902 | U44: =U26 -> 0 | V44: =Residential!T44 -> 27.452626 | Z44: =+V44-T44 -> 25.022436 | AB44: =+R44*Z44 -> 11842.488
A45: =+A44+1 -> 30 | C45: =+C27 -> 2024 | E45: =+E27 -> 12 | G45: =+'[2]RES Model'!$C$32 -> 0.007 | I45: 19 | K45: =Residential!I45 -> 0.99 | M45: =Residential!K45 -> 1.04 | O45: =O27 -> 3462111 | R45: =PRODUCT(G45,I45,K45,M45,O45)/1000 -> 474.0904 | T45: =Residential!R45 -> 68.297777 | U45: =U27 -> 0 | V45: =Residential!T45 -> 111.01776 | Z45: =+V45-T45 -> 42.71998 | AB45: =+R45*Z45 -> 20253.132
A46: =+A45+1 -> 31 | C46: Total | T46: =SUM(T34:T45) -> 620.22722 | V46: =SUM(V34:V45) -> 781.53812 | X46: =SUM(X40:X45) -> 0 | Z46: =+V46-T46 -> 161.3109 | AB46: =SUM(AB34:AB45) -> 76180.558
A47: =+A46+1 -> 32
A48: =+A47+1 -> 33
A49: =+A48+1 -> 34 | C49: Year | E49: Month | AB49: Total
A50: =+A49+1 -> 35 | AB50: (s)=i+r
A51: =+A50+1 -> 36
A52: =+A51+1 -> 37 | C52: =+C34 -> 2024 | E52: =+E34 -> 1 | AB52: =+AB16+AB34 -> 10595.846
A53: =+A52+1 -> 38 | C53: =+C35 -> 2024 | E53: =+E35 -> 2 | AB53: =+AB17+AB35 -> -17895.522
A54: =+A53+1 -> 39 | C54: =+C36 -> 2024 | E54: =+E36 -> 3 | AB54: =+AB18+AB36 -> 36931.947
A55: =+A54+1 -> 40 | C55: =+C37 -> 2024 | E55: =+E37 -> 4 | AB55: =+AB19+AB37 -> 9611.7419
A56: =+A55+1 -> 41 | C56: =+C38 -> 2024 | E56: =+E38 -> 5 | AB56: =+AB20+AB38 -> -2590.5574
A57: =+A56+1 -> 42 | C57: =+C39 -> 2024 | E57: =+E39 -> 6 | AB57: =+AB21+AB39 -> -7061.6585
A58: =+A57+1 -> 43 | C58: =+C40 -> 2024 | E58: =+E40 -> 7 | AB58: =+AB22+AB40 -> -12015.208
A59: =+A58+1 -> 44 | C59: =+C41 -> 2024 | E59: =+E41 -> 8 | AB59: =+AB23+AB41 -> 11086.302
A60: =+A59+1 -> 45 | C60: =+C42 -> 2024 | E60: =+E42 -> 9 | AB60: =+AB24+AB42 -> -9726.0118
A61: =+A60+1 -> 46 | C61: =+C43 -> 2024 | E61: =+E43 -> 10 | AB61: =+AB25+AB43 -> -5344.369
A62: =+A61+1 -> 47 | C62: =+C44 -> 2024 | E62: =+E44 -> 11 | AB62: =+AB26+AB44 -> -5456.7601
A63: =+A62+1 -> 48 | C63: =+C45 -> 2024 | E63: =+E45 -> 12 | AB63: =+AB27+AB45 -> 18876.196
A64: =+A63+1 -> 49 | C64: Total | AB64: =SUM(AB52:AB63) -> 27011.947

Sheet SecLE10
W1: WP/II-H-1.2/1
W2: Page 4 of 9
A4: =+'Weather Adjustment'!A4 -> PUC DOCKET NO
A5: =+'Weather Adjustment'!A5 -> ONCOR ELECTRIC DELIVERY COMPANY LLC
A6: =+'Weather Adjustment'!A6 -> MONTHLY SALES DATA
A7: =+'Weather Adjustment'!A7 -> TEST YEAR ENDING December 31, 2024
A9: =+'Weather Adjustment'!A9 -> SPONSOR: D. E. NELSON
A11: Secondary Service Less Than or Equal to 10 KW Weather Adjustment (MWH)
G12: CDD Model | W12: CDD MWH
A13: Line | C13: Year | E13: Month | G13: Coefficient | J13: Customer | L13: Total GSL | M13: CDD Coefficient | O13: Actual CDD | Q13: Normal CDD | S13: Total GPL | U13: CDD Deviation | W13: Adjustment
A14: No. | G14: (a) | J14: (b) | M14: (c) = (a*b)/1000 | O14: (d) | Q14: (e) | U14: (f)=e-d | W14: (g)=c*f
A16: 1 | C16: =+'Weather Adjustment'!C16 -> 2024 | E16: =+'Weather Adjustment'!E16 -> 1 | G16: =+'[2]SECLE10KW Model'!$C$18 -> 0.318 | J16: =+'Weather Adjustment'!I35 -> 284930 | L16: =SUM(#REF!,J16) -> #REF! | M16: =PRODUCT(G16,J16)/1000 -> 90.60774 | O16: =+[3]SECLE10KW!D13 -> 0.45216727 | Q16: =+[3]SECLE10KW!F13 -> 2.2527213 | S16: =SUM(O16,Q16) -> 2.7048886 | U16: =+Q16-O16 -> 1.800554 | W16: =+M16*U16 -> 163.14413
A17: =+A16+1 -> 2 | C17: =+'Weather Adjustment'!C17 -> 2024 | E17: =+'Weather Adjustment'!E17 -> 2 | G17: =+G16 -> 0.318 | J17: =+'Weather Adjustment'!I36 -> 282336 | L17: =SUM(#REF!,J17) -> #REF! | M17: =PRODUCT(G17,J17)/1000 -> 89.782848 | O17: =+[3]SECLE10KW!D14 -> 0.070489242 | Q17: =+[3]SECLE10KW!F14 -> 1.4051948 | S17: =SUM(O17,Q17) -> 1.475684 | U17: =+Q17-O17 -> 1.3347055 | W17: =+M17*U17 -> 119.83366
A18: =+A17+1 -> 3 | C18: =+'Weather Adjustment'!C18 -> 2024 | E18: =+'Weather Adjustment'!E18 -> 3 | G18: =+G17 -> 0.318 | J18: =+'Weather Adjustment'!I37 -> 283192 | L18: =SUM(#REF!,J18) -> #REF! | M18: =PRODUCT(G18,J18)/1000 -> 90.055056 | O18: =+[3]SECLE10KW!D15 -> 13.519447 | Q18: =+[3]SECLE10KW!F15 -> 5.9059238 | S18: =SUM(O18,Q18) -> 19.425371 | U18: =+Q18-O18 -> -7.6135229 | W18: =+M18*U18 -> -685.63623
A19: =+A18+1 -> 4 | C19: =+'Weather Adjustment'!C19 -> 2024 | E19: =+'Weather Adjustment'!E19 -> 4 | G19: =+G18 -> 0.318 | J19: =+'Weather Adjustment'!I38 -> 283989 | L19: =SUM(#REF!,J19) -> #REF! | M19: =PRODUCT(G19,J19)/1000 -> 90.308502 | O19: =+[3]SECLE10KW!D16 -> 22.347901 | Q19: =+[3]SECLE10KW!F16 -> 24.813946 | S19: =SUM(O19,Q19) -> 47.161847 | U19: =+Q19-O19 -> 2.4660452 | W19: =+M19*U19 -> 222.70485
A20: =+A19+1 -> 5 | C20: =+'Weather Adjustment'!C20 -> 2024 | E20: =+'Weather Adjustment'!E20 -> 5 | G20: =+G19 -> 0.318 | J20: =+'Weather Adjustment'!I39 -> 284452 | L20: =SUM(#REF!,J20) -> #REF! | M20: =PRODUCT(G20,J20)/1000 -> 90.455736 | O20: =+[3]SECLE10KW!D17 -> 87.941602 | Q20: =+[3]SECLE10KW!F17 -> 72.778808 | S20: =SUM(O20,Q20) -> 160.72041 | U20: =+Q20-O20 -> -15.162794 | W20: =+M20*U20 -> -1371.5617
A21: =+A20+1 -> 6 | C21: =+'Weather Adjustment'!C21 -> 2024 | E21: =+'Weather Adjustment'!E21 -> 6 | G21: =+G20 -> 0.318 | J21: =+'Weather Adjustment'!I40 -> 284068 | L21: =SUM(#REF!,J21) -> #REF! | M21: =PRODUCT(G21,J21)/1000 -> 90.333624 | O21: =+[3]SECLE10KW!D18 -> 245.16695 | Q21: =+[3]SECLE10KW!F18 -> 218.87911 | S21: =SUM(O21,Q21) -> 464.04606 | U21: =+Q21-O21 -> -26.28784 | W21: =+M21*U21 -> -2374.6758
A22: =+A21+1 -> 7 | C22: =+'Weather Adjustment'!C22 -> 2024 | E22: =+'Weather Adjustment'!E22 -> 7 | G22: =+G21 -> 0.318 | J22: =+'Weather Adjustment'!I41 -> 284074 | L22: =SUM(#REF!,J22) -> #REF! | M22: =PRODUCT(G22,J22)/1000 -> 90.335532 | O22: =+[3]SECLE10KW!D19 -> 419.56965 | Q22: =+[3]SECLE10KW!F19 -> 381.68579 | S22: =SUM(O22,Q22) -> 801.25543 | U22: =+Q22-O22 -> -37.883859 | W22: =+M22*U22 -> -3422.2586
A23: =+A22+1 -> 8 | C23: =+'Weather Adjustment'!C23 -> 2024 | E23: =+'Weather Adjustment'!E23 -> 8 | G23: =+G22 -> 0.318 | J23: =+'Weather Adjustment'!I42 -> 284801 | L23: =SUM(#REF!,J23) -> #REF! | M23: =PRODUCT(G23,J23)/1000 -> 90.566718 | O23: =+[3]SECLE10KW!D20 -> 413.22416 | Q23: =+[3]SECLE10KW!F20 -> 443.70545 | S23: =SUM(O23,Q23) -> 856.92961 | U23: =+Q23-O23 -> 30.481286 | W23: =+M23*U23 -> 2760.5901
A24: =+A23+1 -> 9 | C24: =+'Weather Adjustment'!C24 -> 2024 | E24: =+'Weather Adjustment'!E24 -> 9 | G24: =+G23 -> 0.318 | J24: =+'Weather Adjustment'!I43 -> 285728 | L24: =SUM(#REF!,J24) -> #REF! | M24: =PRODUCT(G24,J24)/1000 -> 90.861504 | O24: =+[3]SECLE10KW!D21 -> 430.61029 | Q24: =+[3]SECLE10KW!F21 -> 396.93673 | S24: =SUM(O24,Q24) -> 827.54702 | U24: =+Q24-O24 -> -33.673566 | W24: =+M24*U24 -> -3059.6309
A25: =+A24+1 -> 10 | C25: =+'Weather Adjustment'!C25 -> 2024 | E25: =+'Weather Adjustment'!E25 -> 10 | G25: =+G24 -> 0.318 | J25: =+'Weather Adjustment'!I44 -> 286930 | L25: =SUM(#REF!,J25) -> #REF! | M25: =PRODUCT(G25,J25)/1000 -> 91.24374 | O25: =+[3]SECLE10KW!D22 -> 235.33203 | Q25: =+[3]SECLE10KW!F22 -> 218.36059 | S25: =SUM(O25,Q25) -> 453.69261 | U25: =+Q25-O25 -> -16.971442 | W25: =+M25*U25 -> -1548.5379
A26: =+A25+1 -> 11 | C26: =+'Weather Adjustment'!C26 -> 2024 | E26: =+'Weather Adjustment'!E26 -> 11 | G26: =+G25 -> 0.318 | J26: =+'Weather Adjustment'!I45 -> 287446 | L26: =SUM(#REF!,J26) -> #REF! | M26: =PRODUCT(G26,J26)/1000 -> 91.407828 | O26: =+[3]SECLE10KW!D23 -> 116.06745 | Q26: =+[3]SECLE10KW!F23 -> 63.917958 | S26: =SUM(O26,Q26) -> 179.98541 | U26: =+Q26-O26 -> -52.149496 | W26: =+M26*U26 -> -4766.8721
A27: =+A26+1 -> 12 | C27: =+'Weather Adjustment'!C27 -> 2024 | E27: =+'Weather Adjustment'!E27 -> 12 | G27: =+G26 -> 0.318 | J27: =+'Weather Adjustment'!I46 -> 287174 | L27: =SUM(#REF!,J27) -> #REF! | M27: =PRODUCT(G27,J27)/1000 -> 91.321332 | O27: =+[3]SECLE10KW!D24 -> 13.342508 | Q27: =+[3]SECLE10KW!F24 -> 9.3192345 | S27: =SUM(O27,Q27) -> 22.661742 | U27: =+Q27-O27 -> -4.0232734 | W27: =+M27*U27 -> -367.41069
A28: =+A27+1 -> 13 | C28: Total | L28: =SUM(L22:L27) -> #REF! | O28: =SUM(O16:O27) -> 1997.6446 | Q28: =SUM(Q16:Q27) -> 1839.9614 | S28: =SUM(S22:S27) -> 3142.0718 | U28: =+Q28-O28 -> -157.6832 | W28: =SUM(W16:W27) -> -14330.311
A29: =+A28+1 -> 14
A30: =+A29+1 -> 15 | G30: HDD Model | W30: HDD MWH
A31: =+A30+1 -> 16 | C31: Year | E31: Month | G31: Coefficient | J31: Customer | L31: Total GSL | M31: HDD Coefficient | O31: Actual HDD | Q31: Normal HDD | S31: Total GPL | U31: HDD Deviation | W31: Adjustment
A32: =+A31+1 -> 17 | G32: (h) | J32: (i) | M32: (j) = (h*i)/1000 | O32: (k) | Q32: (l) | U32: (m)=l-k | W32: (n)=j*m
A33: =+A32+1 -> 18
A34: =+A33+1 -> 19 | C34: =+C16 -> 2024 | E34: =+E16 -> 1 | G34: =+'[2]SECLE10KW Model'!$C$17 -> 0.368 | J34: =J16 -> 284930 | M34: =PRODUCT(G34,J34)/1000 -> 104.85424 | O34: =+[3]SECLE10KW!C13 -> 184.63353 | Q34: =+[3]SECLE10KW!E13 -> 225.91363 | U34: =+Q34-O34 -> 41.280101 | W34: =+M34*U34 -> 4328.3936
A35: =+A34+1 -> 20 | C35: =+C17 -> 2024 | E35: =+E17 -> 2 | G35: =+G34 -> 0.368 | J35: =J17 -> 282336 | M35: =PRODUCT(G35,J35)/1000 -> 103.89965 | O35: =+[3]SECLE10KW!C14 -> 220.18738 | Q35: =+[3]SECLE10KW!E14 -> 232.76225 | U35: =+Q35-O35 -> 12.574866 | W35: =+M35*U35 -> 1306.5242
A36: =+A35+1 -> 21 | C36: =+C18 -> 2024 | E36: =+E18 -> 3 | G36: =+G35 -> 0.368 | J36: =J18 -> 283192 | M36: =PRODUCT(G36,J36)/1000 -> 104.21466 | O36: =+[3]SECLE10KW!C15 -> 75.450549 | Q36: =+[3]SECLE10KW!E15 -> 158.52179 | U36: =+Q36-O36 -> 83.071241 | W36: =+M36*U36 -> 8657.2408
A37: =+A36+1 -> 22 | C37: =+C19 -> 2024 | E37: =+E19 -> 4 | G37: =+G36 -> 0.368 | J37: =J19 -> 283989 | M37: =PRODUCT(G37,J37)/1000 -> 104.50795 | O37: =+[3]SECLE10KW!C16 -> 37.755317 | Q37: =+[3]SECLE10KW!E16 -> 50.898509 | U37: =+Q37-O37 -> 13.143192 | W37: =+M37*U37 -> 1373.5681
A38: =+A37+1 -> 23 | C38: =+C20 -> 2024 | E38: =+E20 -> 5 | G38: =+G37 -> 0.368 | J38: =J20 -> 284452 | M38: =PRODUCT(G38,J38)/1000 -> 104.67834 | O38: =+[3]SECLE10KW!C17 -> 7.0957272 | Q38: =+[3]SECLE10KW!E17 -> 13.010937 | U38: =+Q38-O38 -> 5.9152095 | W38: =+M38*U38 -> 619.19429
A39: =+A38+1 -> 24 | C39: =+C21 -> 2024 | E39: =+E21 -> 6 | G39: =+G38 -> 0.368 | J39: =J21 -> 284068 | M39: =PRODUCT(G39,J39)/1000 -> 104.53702 | O39: =+[3]SECLE10KW!C18 -> 0.02147368 | Q39: =+[3]SECLE10KW!E18 -> 1.6240948 | U39: =+Q39-O39 -> 1.6026211 | W39: =+M39*U39 -> 167.53324
A40: =+A39+1 -> 25 | C40: =+C22 -> 2024 | E40: =+E22 -> 7 | G40: =+G39 -> 0.368 | J40: =J22 -> 284074 | M40: =PRODUCT(G40,J40)/1000 -> 104.53923 | O40: =+[3]SECLE10KW!C19 -> 0 | Q40: =+[3]SECLE10KW!E19 -> 0.018058367 | U40: =+Q40-O40 -> 0.018058367 | W40: =+M40*U40 -> 1.8878078
A41: =+A40+1 -> 26 | C41: =+C23 -> 2024 | E41: =+E23 -> 8 | G41: =+G40 -> 0.368 | J41: =J23 -> 284801 | M41: =PRODUCT(G41,J41)/1000 -> 104.80677 | O41: =+[3]SECLE10KW!C20 -> 0 | Q41: =+[3]SECLE10KW!E20 -> 0.001338283 | U41: =+Q41-O41 -> 0.001338283 | W41: =+M41*U41 -> 0.14026112
A42: =+A41+1 -> 27 | C42: =+C24 -> 2024 | E42: =+E24 -> 9 | G42: =+G41 -> 0.368 | J42: =J24 -> 285728 | M42: =PRODUCT(G42,J42)/1000 -> 105.1479 | O42: =+[3]SECLE10KW!C21 -> 0 | Q42: =+[3]SECLE10KW!E21 -> 0.077369928 | U42: =+Q42-O42 -> 0.077369928 | W42: =+M42*U42 -> 8.1352858
A43: =+A42+1 -> 28 | C43: =+C25 -> 2024 | E43: =+E25 -> 10 | G43: =+G42 -> 0.368 | J43: =J25 -> 286930 | M43: =PRODUCT(G43,J43)/1000 -> 105.59024 | O43: =+[3]SECLE10KW!C22 -> 0.30823941 | Q43: =+[3]SECLE10KW!E22 -> 2.6285157 | U43: =+Q43-O43 -> 2.3202762 | W43: =+M43*U43 -> 244.99853
A44: =+A43+1 -> 29 | C44: =+C26 -> 2024 | E44: =+E26 -> 11 | G44: =+G43 -> 0.368 | J44: =J26 -> 287446 | M44: =PRODUCT(G44,J44)/1000 -> 105.78013 | O44: =+[3]SECLE10KW!C23 -> 5.7396961 | Q44: =+[3]SECLE10KW!E23 -> 32.083725 | U44: =+Q44-O44 -> 26.344029 | W44: =+M44*U44 -> 2786.6747
A45: =+A44+1 -> 30 | C45: =+C27 -> 2024 | E45: =+E27 -> 12 | G45: =+G44 -> 0.368 | J45: =J27 -> 287174 | M45: =PRODUCT(G45,J45)/1000 -> 105.68003 | O45: =+[3]SECLE10KW!C24 -> 98.109658 | Q45: =+[3]SECLE10KW!E24 -> 120.77429 | U45: =+Q45-O45 -> 22.664636 | W45: =+M45*U45 -> 2395.1994
A46: =+A45+1 -> 31 | O46: =SUM(O34:O45) -> 629.30157 | Q46: =SUM(Q34:Q45) -> 838.31451 | S46: =SUM(S40:S45) -> 0 | U46: =+Q46-O46 -> 209.01294 | W46: =SUM(W34:W45) -> 21889.49
A47: =+A46+1 -> 32
A48: =+A47+1 -> 33
A49: =+A48+1 -> 34 | C49: Year | E49: Month | W49: Total
A50: =+A49+1 -> 35 | W50: (o)=g+n
A51: =+A50+1 -> 36
A52: =+A51+1 -> 37 | C52: =+C34 -> 2024 | E52: =+E34 -> 1 | W52: =+W16+W34 -> 4491.5377
A53: =+A52+1 -> 38 | C53: =+C35 -> 2024 | E53: =+E35 -> 2 | W53: =+W17+W35 -> 1426.3578
A54: =+A53+1 -> 39 | C54: =+C36 -> 2024 | E54: =+E36 -> 3 | W54: =+W18+W36 -> 7971.6045
A55: =+A54+1 -> 40 | C55: =+C37 -> 2024 | E55: =+E37 -> 4 | W55: =+W19+W37 -> 1596.2729
A56: =+A55+1 -> 41 | C56: =+C38 -> 2024 | E56: =+E38 -> 5 | W56: =+W20+W38 -> -752.36737
A57: =+A56+1 -> 42 | C57: =+C39 -> 2024 | E57: =+E39 -> 6 | W57: =+W21+W39 -> -2207.1426
A58: =+A57+1 -> 43 | C58: =+C40 -> 2024 | E58: =+E40 -> 7 | W58: =+W22+W40 -> -3420.3708
A59: =+A58+1 -> 44 | C59: =+C41 -> 2024 | E59: =+E41 -> 8 | W59: =+W23+W41 -> 2760.7303
A60: =+A59+1 -> 45 | C60: =+C42 -> 2024 | E60: =+E42 -> 9 | W60: =+W24+W42 -> -3051.4956
A61: =+A60+1 -> 46 | C61: =+C43 -> 2024 | E61: =+E43 -> 10 | W61: =+W25+W43 -> -1303.5394
A62: =+A61+1 -> 47 | C62: =+C44 -> 2024 | E62: =+E44 -> 11 | W62: =+W26+W44 -> -1980.1974
A63: =+A62+1 -> 48 | C63: =+C45 -> 2024 | E63: =+E45 -> 12 | W63: =+W27+W45 -> 2027.7888
A64: =+A63+1 -> 49 | C64: Total | W64: =SUM(W52:W63) -> 7559.179

Sheet SecGT10
W1: WP/II-H-1.2/1
W2: Page 5 of 9
A4: =+'Weather Adjustment'!A4 -> PUC DOCKET NO
A5: =+'Weather Adjustment'!A5 -> ONCOR ELECTRIC DELIVERY COMPANY LLC
A6: =+'Weather Adjustment'!A6 -> MONTHLY SALES DATA
A7: =+'Weather Adjustment'!A7 -> TEST YEAR ENDING December 31, 2024
A9: =+'Weather Adjustment'!A9 -> SPONSOR: D. E. NELSON
A11: Secondary Service Greater Than 10 KW Weather Adjustment (MWH)
G12: CDD Model | W12: CDD MWH
A13: Line | C13: Year | E13: Month | G13: Coefficient | J13: Customer | L13: Total GSL | M13: CDD Coefficient | O13: Actual CDD | Q13: Normal CDD | S13: Total GPL | U13: CDD Deviation | W13: Adjustment
A14: No. | G14: (a) | J14: (b) | M14: (c) = (a*b)/1000 | O14: (d) | Q14: (e) | U14: (f)=e-d | W14: (g)=c*f
A16: 1 | C16: =+'Weather Adjustment'!C16 -> 2024 | E16: =+'Weather Adjustment'!E16 -> 1 | G16: =+'[2]SECGT10KW Model'!$C$17 -> 10.476 | J16: =SUM('Weather Adjustment'!K35,'Weather Adjustment'!M35) -> 231499 | L16: =SUM(#REF!,J16) -> #REF! | M16: =PRODUCT(G16,J16)/1000 -> 2425.1835 | O16: =+[3]SECGT10KW!D13 -> 4.3887641 | Q16: =+[3]SECGT10KW!F13 -> 9.3847032 | S16: =SUM(O16,Q16) -> 13.773467 | U16: =+Q16-O16 -> 4.9959391 | W16: =+M16*U16 -> 12116.069
A17: =+A16+1 -> 2 | C17: =+'Weather Adjustment'!C17 -> 2024 | E17: =+'Weather Adjustment'!E17 -> 2 | G17: =+G16 -> 10.476 | J17: =SUM('Weather Adjustment'!K36,'Weather Adjustment'!M36) -> 234455 | L17: =SUM(#REF!,J17) -> #REF! | M17: =PRODUCT(G17,J17)/1000 -> 2456.1506 | O17: =+[3]SECGT10KW!D14 -> 3.3728813 | Q17: =+[3]SECGT10KW!F14 -> 7.1464836 | S17: =SUM(O17,Q17) -> 10.519365 | U17: =+Q17-O17 -> 3.7736023 | W17: =+M17*U17 -> 9268.5355
A18: =+A17+1 -> 3 | C18: =+'Weather Adjustment'!C18 -> 2024 | E18: =+'Weather Adjustment'!E18 -> 3 | G18: =+G17 -> 10.476 | J18: =SUM('Weather Adjustment'!K37,'Weather Adjustment'!M37) -> 234415 | L18: =SUM(#REF!,J18) -> #REF! | M18: =PRODUCT(G18,J18)/1000 -> 2455.7315 | O18: =+[3]SECGT10KW!D15 -> 39.813945 | Q18: =+[3]SECGT10KW!F15 -> 20.492493 | S18: =SUM(O18,Q18) -> 60.306438 | U18: =+Q18-O18 -> -19.321453 | W18: =+M18*U18 -> -47448.301
A19: =+A18+1 -> 4 | C19: =+'Weather Adjustment'!C19 -> 2024 | E19: =+'Weather Adjustment'!E19 -> 4 | G19: =+G18 -> 10.476 | J19: =SUM('Weather Adjustment'!K38,'Weather Adjustment'!M38) -> 234403 | L19: =SUM(#REF!,J19) -> #REF! | M19: =PRODUCT(G19,J19)/1000 -> 2455.6058 | O19: =+[3]SECGT10KW!D16 -> 57.995994 | Q19: =+[3]SECGT10KW!F16 -> 59.47417 | S19: =SUM(O19,Q19) -> 117.47016 | U19: =+Q19-O19 -> 1.4781762 | W19: =+M19*U19 -> 3629.818
A20: =+A19+1 -> 5 | C20: =+'Weather Adjustment'!C20 -> 2024 | E20: =+'Weather Adjustment'!E20 -> 5 | G20: =+G19 -> 10.476 | J20: =SUM('Weather Adjustment'!K39,'Weather Adjustment'!M39) -> 234550 | L20: =SUM(#REF!,J20) -> #REF! | M20: =PRODUCT(G20,J20)/1000 -> 2457.1458 | O20: =+[3]SECGT10KW!D17 -> 153.60589 | Q20: =+[3]SECGT10KW!F17 -> 128.11467 | S20: =SUM(O20,Q20) -> 281.72056 | U20: =+Q20-O20 -> -25.491223 | W20: =+M20*U20 -> -62635.651
A21: =+A20+1 -> 6 | C21: =+'Weather Adjustment'!C21 -> 2024 | E21: =+'Weather Adjustment'!E21 -> 6 | G21: =+G20 -> 10.476 | J21: =SUM('Weather Adjustment'!K40,'Weather Adjustment'!M40) -> 235044 | L21: =SUM(#REF!,J21) -> #REF! | M21: =PRODUCT(G21,J21)/1000 -> 2462.3209 | O21: =+[3]SECGT10KW!D18 -> 331.913 | Q21: =+[3]SECGT10KW!F18 -> 303.08085 | S21: =SUM(O21,Q21) -> 634.99385 | U21: =+Q21-O21 -> -28.832145 | W21: =+M21*U21 -> -70993.995
A22: =+A21+1 -> 7 | C22: =+'Weather Adjustment'!C22 -> 2024 | E22: =+'Weather Adjustment'!E22 -> 7 | G22: =+G21 -> 10.476 | J22: =SUM('Weather Adjustment'!K41,'Weather Adjustment'!M41) -> 235364 | L22: =SUM(#REF!,J22) -> #REF! | M22: =PRODUCT(G22,J22)/1000 -> 2465.6733 | O22: =+[3]SECGT10KW!D19 -> 517.14279 | Q22: =+[3]SECGT10KW!F19 -> 478.72574 | S22: =SUM(O22,Q22) -> 995.86853 | U22: =+Q22-O22 -> -38.417049 | W22: =+M22*U22 -> -94723.891
A23: =+A22+1 -> 8 | C23: =+'Weather Adjustment'!C23 -> 2024 | E23: =+'Weather Adjustment'!E23 -> 8 | G23: =+G22 -> 10.476 | J23: =SUM('Weather Adjustment'!K42,'Weather Adjustment'!M42) -> 235249 | L23: =SUM(#REF!,J23) -> #REF! | M23: =PRODUCT(G23,J23)/1000 -> 2464.4685 | O23: =+[3]SECGT10KW!D20 -> 509.54026 | Q23: =+[3]SECGT10KW!F20 -> 543.1316 | S23: =SUM(O23,Q23) -> 1052.6719 | U23: =+Q23-O23 -> 33.59134 | W23: =+M23*U23 -> 82784.801
A24: =+A23+1 -> 9 | C24: =+'Weather Adjustment'!C24 -> 2024 | E24: =+'Weather Adjustment'!E24 -> 9 | G24: =+G23 -> 10.476 | J24: =SUM('Weather Adjustment'!K43,'Weather Adjustment'!M43) -> 234473 | L24: =SUM(#REF!,J24) -> #REF! | M24: =PRODUCT(G24,J24)/1000 -> 2456.3391 | O24: =+[3]SECGT10KW!D21 -> 528.77976 | Q24: =+[3]SECGT10KW!F21 -> 498.18344 | S24: =SUM(O24,Q24) -> 1026.9632 | U24: =+Q24-O24 -> -30.596324 | W24: =+M24*U24 -> -75154.948
A25: =+A24+1 -> 10 | C25: =+'Weather Adjustment'!C25 -> 2024 | E25: =+'Weather Adjustment'!E25 -> 10 | G25: =+G24 -> 10.476 | J25: =SUM('Weather Adjustment'!K44,'Weather Adjustment'!M44) -> 233885 | L25: =SUM(#REF!,J25) -> #REF! | M25: =PRODUCT(G25,J25)/1000 -> 2450.1793 | O25: =+[3]SECGT10KW!D22 -> 331.75949 | Q25: =+[3]SECGT10KW!F22 -> 305.33115 | S25: =SUM(O25,Q25) -> 637.09064 | U25: =+Q25-O25 -> -26.428335 | W25: =+M25*U25 -> -64754.159
A26: =+A25+1 -> 11 | C26: =+'Weather Adjustment'!C26 -> 2024 | E26: =+'Weather Adjustment'!E26 -> 11 | G26: =+G25 -> 10.476 | J26: =SUM('Weather Adjustment'!K45,'Weather Adjustment'!M45) -> 233757 | L26: =SUM(#REF!,J26) -> #REF! | M26: =PRODUCT(G26,J26)/1000 -> 2448.8383 | O26: =+[3]SECGT10KW!D23 -> 192.26682 | Q26: =+[3]SECGT10KW!F23 -> 114.57722 | S26: =SUM(O26,Q26) -> 306.84403 | U26: =+Q26-O26 -> -77.6896 | W26: =+M26*U26 -> -190249.27
A27: =+A26+1 -> 12 | C27: =+'Weather Adjustment'!C27 -> 2024 | E27: =+'Weather Adjustment'!E27 -> 12 | G27: =+G26 -> 10.476 | J27: =SUM('Weather Adjustment'!K46,'Weather Adjustment'!M46) -> 234639 | L27: =SUM(#REF!,J27) -> #REF! | M27: =PRODUCT(G27,J27)/1000 -> 2458.0782 | O27: =+[3]SECGT10KW!D24 -> 35.279521 | Q27: =+[3]SECGT10KW!F24 -> 26.948599 | S27: =SUM(O27,Q27) -> 62.22812 | U27: =+Q27-O27 -> -8.3309217 | W27: =+M27*U27 -> -20478.057
A28: =+A27+1 -> 13 | C28: Total | L28: =SUM(L22:L27) -> #REF! | O28: =SUM(O16:O27) -> 2705.8591 | Q28: =SUM(Q16:Q27) -> 2494.5911 | S28: =SUM(S22:S27) -> 4081.6664 | U28: =+Q28-O28 -> -211.26799 | W28: =SUM(W16:W27) -> -518639.05
A29: =+A28+1 -> 14
A30: =+A29+1 -> 15 | G30: HDD Model | W30: HDD MWH
A31: =+A30+1 -> 16 | C31: Year | E31: Month | G31: Coefficient | J31: Customer | L31: Total GSL | M31: HDD Coefficient | O31: Actual HDD | Q31: Normal HDD | S31: Total GPL | U31: HDD Deviation | W31: Adjustment
A32: =+A31+1 -> 17 | G32: (h) | J32: (i) | M32: (j) = (h*i)/1000 | O32: (k) | Q32: (l) | U32: (m)=l-k | W32: (n)=j*m
A33: =+A32+1 -> 18
A34: =+A33+1 -> 19 | C34: =+C16 -> 2024 | E34: =+E16 -> 1 | G34: =+'[2]SECGT10KW Model'!$C$18 -> 5.685 | J34: =J16 -> 231499 | M34: =PRODUCT(G34,J34)/1000 -> 1316.0718 | O34: =+[3]SECGT10KW!C13 -> 140.09371 | Q34: =+[3]SECGT10KW!E13 -> 164.03554 | U34: =+Q34-O34 -> 23.941833 | W34: =+M34*U34 -> 31509.172
A35: =+A34+1 -> 20 | C35: =+C17 -> 2024 | E35: =+E17 -> 2 | G35: =+G34 -> 5.685 | J35: =J17 -> 234455 | M35: =PRODUCT(G35,J35)/1000 -> 1332.8767 | O35: =+[3]SECGT10KW!C14 -> 211.10812 | Q35: =+[3]SECGT10KW!E14 -> 172.42221 | U35: =+Q35-O35 -> -38.685904 | W35: =+M35*U35 -> -51563.54
A36: =+A35+1 -> 21 | C36: =+C18 -> 2024 | E36: =+E18 -> 3 | G36: =+G35 -> 5.685 | J36: =J18 -> 234415 | M36: =PRODUCT(G36,J36)/1000 -> 1332.6493 | O36: =+[3]SECGT10KW!C15 -> 39.382808 | Q36: =+[3]SECGT10KW!E15 -> 111.47031 | U36: =+Q36-O36 -> 72.087504 | W36: =+M36*U36 -> 96067.36
A37: =+A36+1 -> 22 | C37: =+C19 -> 2024 | E37: =+E19 -> 4 | G37: =+G36 -> 5.685 | J37: =J19 -> 234403 | M37: =PRODUCT(G37,J37)/1000 -> 1332.5811 | O37: =+[3]SECGT10KW!C16 -> 9.546344 | Q37: =+[3]SECGT10KW!E16 -> 25.537347 | U37: =+Q37-O37 -> 15.991003 | W37: =+M37*U37 -> 21309.308
A38: =+A37+1 -> 23 | C38: =+C20 -> 2024 | E38: =+E20 -> 5 | G38: =+G37 -> 5.685 | J38: =J20 -> 234550 | M38: =PRODUCT(G38,J38)/1000 -> 1333.4168 | O38: =+[3]SECGT10KW!C17 -> 0.86870109 | Q38: =+[3]SECGT10KW!E17 -> 3.8708013 | U38: =+Q38-O38 -> 3.0021002 | W38: =+M38*U38 -> 4003.0507
A39: =+A38+1 -> 24 | C39: =+C21 -> 2024 | E39: =+E21 -> 6 | G39: =+G38 -> 5.685 | J39: =J21 -> 235044 | M39: =PRODUCT(G39,J39)/1000 -> 1336.2251 | O39: =+[3]SECGT10KW!C18 -> 0 | Q39: =+[3]SECGT10KW!E18 -> 0.2074887 | U39: =+Q39-O39 -> 0.2074887 | W39: =+M39*U39 -> 277.25161
A40: =+A39+1 -> 25 | C40: =+C22 -> 2024 | E40: =+E22 -> 7 | G40: =+G39 -> 5.685 | J40: =J22 -> 235364 | M40: =PRODUCT(G40,J40)/1000 -> 1338.0443 | O40: =+[3]SECGT10KW!C19 -> 0 | Q40: =+[3]SECGT10KW!E19 -> 0.00033281218 | U40: =+Q40-O40 -> 0.00033281218 | W40: =+M40*U40 -> 0.44531745
A41: =+A40+1 -> 26 | C41: =+C23 -> 2024 | E41: =+E23 -> 8 | G41: =+G40 -> 5.685 | J41: =J23 -> 235249 | M41: =PRODUCT(G41,J41)/1000 -> 1337.3906 | O41: =+[3]SECGT10KW!C20 -> 0 | Q41: =+[3]SECGT10KW!E20 -> 0 | U41: =+Q41-O41 -> 0 | W41: =+M41*U41 -> 0
A42: =+A41+1 -> 27 | C42: =+C24 -> 2024 | E42: =+E24 -> 9 | G42: =+G41 -> 5.685 | J42: =J24 -> 234473 | M42: =PRODUCT(G42,J42)/1000 -> 1332.979 | O42: =+[3]SECGT10KW!C21 -> 0 | Q42: =+[3]SECGT10KW!E21 -> 0.011748856 | U42: =+Q42-O42 -> 0.011748856 | W42: =+M42*U42 -> 15.660978
A43: =+A42+1 -> 28 | C43: =+C25 -> 2024 | E43: =+E25 -> 10 | G43: =+G42 -> 5.685 | J43: =J25 -> 233885 | M43: =PRODUCT(G43,J43)/1000 -> 1329.6362 | O43: =+[3]SECGT10KW!C22 -> 0 | Q43: =+[3]SECGT10KW!E22 -> 0.65737564 | U43: =+Q43-O43 -> 0.65737564 | W43: =+M43*U43 -> 874.07047
A44: =+A43+1 -> 29 | C44: =+C26 -> 2024 | E44: =+E26 -> 11 | G44: =+G43 -> 5.685 | J44: =J26 -> 233757 | M44: =PRODUCT(G44,J44)/1000 -> 1328.9085 | O44: =+[3]SECGT10KW!C23 -> 0.20066932 | Q44: =+[3]SECGT10KW!E23 -> 14.27543 | U44: =+Q44-O44 -> 14.074761 | W44: =+M44*U44 -> 18704.07
A45: =+A44+1 -> 30 | C45: =+C27 -> 2024 | E45: =+E27 -> 12 | G45: =+G44 -> 5.685 | J45: =J27 -> 234639 | M45: =PRODUCT(G45,J45)/1000 -> 1333.9227 | O45: =+[3]SECGT10KW!C24 -> 37.982957 | Q45: =+[3]SECGT10KW!E24 -> 75.667317 | U45: =+Q45-O45 -> 37.68436 | W45: =+M45*U45 -> 50268.024
A46: =+A45+1 -> 31 | C46: Total | O46: =SUM(O34:O45) -> 439.18331 | Q46: =SUM(Q34:Q45) -> 568.15591 | S46: =SUM(S40:S45) -> 0 | U46: =+Q46-O46 -> 128.9726 | W46: =SUM(W34:W45) -> 171464.87
A47: =+A46+1 -> 32
A48: =+A47+1 -> 33
A49: =+A48+1 -> 34 | C49: Year | E49: Month | W49: Total
A50: =+A49+1 -> 35 | W50: (o)=g+n
A51: =+A50+1 -> 36
A52: =+A51+1 -> 37 | C52: =+C34 -> 2024 | E52: =+E34 -> 1 | W52: =+W16+W34 -> 43625.241
A53: =+A52+1 -> 38 | C53: =+C35 -> 2024 | E53: =+E35 -> 2 | W53: =+W17+W35 -> -42295.004
A54: =+A53+1 -> 39 | C54: =+C36 -> 2024 | E54: =+E36 -> 3 | W54: =+W18+W36 -> 48619.059
A55: =+A54+1 -> 40 | C55: =+C37 -> 2024 | E55: =+E37 -> 4 | W55: =+W19+W37 -> 24939.126
A56: =+A55+1 -> 41 | C56: =+C38 -> 2024 | E56: =+E38 -> 5 | W56: =+W20+W38 -> -58632.6
A57: =+A56+1 -> 42 | C57: =+C39 -> 2024 | E57: =+E39 -> 6 | W57: =+W21+W39 -> -70716.743
A58: =+A57+1 -> 43 | C58: =+C40 -> 2024 | E58: =+E40 -> 7 | W58: =+W22+W40 -> -94723.445
A59: =+A58+1 -> 44 | C59: =+C41 -> 2024 | E59: =+E41 -> 8 | W59: =+W23+W41 -> 82784.801
A60: =+A59+1 -> 45 | C60: =+C42 -> 2024 | E60: =+E42 -> 9 | W60: =+W24+W42 -> -75139.287
A61: =+A60+1 -> 46 | C61: =+C43 -> 2024 | E61: =+E43 -> 10 | W61: =+W25+W43 -> -63880.088
A62: =+A61+1 -> 47 | C62: =+C44 -> 2024 | E62: =+E44 -> 11 | W62: =+W26+W44 -> -171545.2
A63: =+A62+1 -> 48 | C63: =+C45 -> 2024 | E63: =+E45 -> 12 | W63: =+W27+W45 -> 29789.967
A64: =+A63+1 -> 49 | C64: Total | W64: =SUM(W52:W63) -> -347174.17

Sheet SGT10_IDR_NIDR
Q1: WP/II-H-1.2/1
Q2: Page 6 of 9
A4: =+'Weather Adjustment'!A4 -> PUC DOCKET NO
A5: =+'Weather Adjustment'!A5 -> ONCOR ELECTRIC DELIVERY COMPANY LLC
A6: =+'Weather Adjustment'!A6 -> MONTHLY SALES DATA
A7: =+'Weather Adjustment'!A7 -> TEST YEAR ENDING December 31, 2024
A9: =+'Weather Adjustment'!A9 -> SPONSOR: D. E. NELSON
C11: Secondary Service Greater Than 10 KW IDR and Non-IDR Weather Adjustment (MWH)
G12: SECGT10 | J12: SECGT10 | M12: SECGT10 | O12: SECGT10 | Q12: SECGT10
A13: Line | C13: Year | E13: Month | G13: IDR KWH | J13: NIDR KWH | L13: Total GSL | M13: Large KWH | O13: IDR KWH Share | Q13: NIDR KWH Share
G14: (a) | J14: (b) | M14: (c) | O14: (d)=a/c | Q14: (e)=b/c
A16: 1 | C16: =+'Weather Adjustment'!C16 -> 2024 | E16: =+'Weather Adjustment'!E16 -> 1 | G16: =+'[1]GS SEC LRG IDR '!I16 -> 1492735008 | J16: =+'[1]GS SEC LRG NONIDR'!I16 -> 2084514076 | L16: =SUM(#REF!,J16) -> #REF! | M16: =SUM(G16,J16) -> 3577249084 | O16: =+G16/M16 -> 0.41728573 | Q16: =+J16/M16 -> 0.58271427
A17: =+A16+1 -> 2 | C17: =+'Weather Adjustment'!C17 -> 2024 | E17: =+'Weather Adjustment'!E17 -> 2 | G17: =+'[1]GS SEC LRG IDR '!I18 -> 1506024424 | J17: =+'[1]GS SEC LRG NONIDR'!I18 -> 2208290507 | L17: =SUM(#REF!,J17) -> #REF! | M17: =SUM(G17,J17) -> 3714314931 | O17: =+G17/M17 -> 0.40546492 | Q17: =+J17/M17 -> 0.59453508
A18: =+A17+1 -> 3 | C18: =+'Weather Adjustment'!C18 -> 2024 | E18: =+'Weather Adjustment'!E18 -> 3 | G18: =+'[1]GS SEC LRG IDR '!I20 -> 1491444468 | J18: =+'[1]GS SEC LRG NONIDR'!I20 -> 2004090589 | L18: =SUM(#REF!,J18) -> #REF! | M18: =SUM(G18,J18) -> 3495535057 | O18: =+G18/M18 -> 0.42667129 | Q18: =+J18/M18 -> 0.57332871
A19: =+A18+1 -> 4 | C19: =+'Weather Adjustment'!C19 -> 2024 | E19: =+'Weather Adjustment'!E19 -> 4 | G19: =+'[1]GS SEC LRG IDR '!I22 -> 1515063060 | J19: =+'[1]GS SEC LRG NONIDR'!I22 -> 1995516212 | L19: =SUM(#REF!,J19) -> #REF! | M19: =SUM(G19,J19) -> 3510579272 | O19: =+G19/M19 -> 0.43157067 | Q19: =+J19/M19 -> 0.56842933
A20: =+A19+1 -> 5 | C20: =+'Weather Adjustment'!C20 -> 2024 | E20: =+'Weather Adjustment'!E20 -> 5 | G20: =+'[1]GS SEC LRG IDR '!I24 -> 1513871427 | J20: =+'[1]GS SEC LRG NONIDR'!I24 -> 2122032481 | L20: =SUM(#REF!,J20) -> #REF! | M20: =SUM(G20,J20) -> 3635903908 | O20: =+G20/M20 -> 0.41636728 | Q20: =+J20/M20 -> 0.58363272
A21: =+A20+1 -> 6 | C21: =+'Weather Adjustment'!C21 -> 2024 | E21: =+'Weather Adjustment'!E21 -> 6 | G21: =+'[1]GS SEC LRG IDR '!I26 -> 1679481052 | J21: =+'[1]GS SEC LRG NONIDR'!I26 -> 2537541941 | L21: =SUM(#REF!,J21) -> #REF! | M21: =SUM(G21,J21) -> 4217022993 | O21: =+G21/M21 -> 0.39826225 | Q21: =+J21/M21 -> 0.60173775
A22: =+A21+1 -> 7 | C22: =+'Weather Adjustment'!C22 -> 2024 | E22: =+'Weather Adjustment'!E22 -> 7 | G22: =+'[1]GS SEC LRG IDR '!I28 -> 1798253867 | J22: =+'[1]GS SEC LRG NONIDR'!I28 -> 2919070528 | L22: =SUM(#REF!,J22) -> #REF! | M22: =SUM(G22,J22) -> 4717324395 | O22: =+G22/M22 -> 0.38120208 | Q22: =+J22/M22 -> 0.61879792
A23: =+A22+1 -> 8 | C23: =+'Weather Adjustment'!C23 -> 2024 | E23: =+'Weather Adjustment'!E23 -> 8 | G23: =+'[1]GS SEC LRG IDR '!I30 -> 1786784772 | J23: =+'[1]GS SEC LRG NONIDR'!I30 -> 2909968515 | L23: =SUM(#REF!,J23) -> #REF! | M23: =SUM(G23,J23) -> 4696753287 | O23: =+G23/M23 -> 0.38042977 | Q23: =+J23/M23 -> 0.61957023
A24: =+A23+1 -> 9 | C24: =+'Weather Adjustment'!C24 -> 2024 | E24: =+'Weather Adjustment'!E24 -> 9 | G24: =+'[1]GS SEC LRG IDR '!I32 -> 1839584015 | J24: =+'[1]GS SEC LRG NONIDR'!I32 -> 3003691540 | L24: =SUM(#REF!,J24) -> #REF! | M24: =SUM(G24,J24) -> 4843275555 | O24: =+G24/M24 -> 0.37982229 | Q24: =+J24/M24 -> 0.62017771
A25: =+A24+1 -> 10 | C25: =+'Weather Adjustment'!C25 -> 2024 | E25: =+'Weather Adjustment'!E25 -> 10 | G25: =+'[1]GS SEC LRG IDR '!I34 -> 1691268577 | J25: =+'[1]GS SEC LRG NONIDR'!I34 -> 2548274691 | L25: =SUM(#REF!,J25) -> #REF! | M25: =SUM(G25,J25) -> 4239543268 | O25: =+G25/M25 -> 0.39892707 | Q25: =+J25/M25 -> 0.60107293
A26: =+A25+1 -> 11 | C26: =+'Weather Adjustment'!C26 -> 2024 | E26: =+'Weather Adjustment'!E26 -> 11 | G26: =+'[1]GS SEC LRG IDR '!I36 -> 1606937303 | J26: =+'[1]GS SEC LRG NONIDR'!I36 -> 2277436942 | L26: =SUM(#REF!,J26) -> #REF! | M26: =SUM(G26,J26) -> 3884374245 | O26: =+G26/M26 -> 0.41369271 | Q26: =+J26/M26 -> 0.58630729
A27: =+A26+1 -> 12 | C27: =+'Weather Adjustment'!C27 -> 2024 | E27: =+'Weather Adjustment'!E27 -> 12 | G27: =+'[1]GS SEC LRG IDR '!I38 -> 1488553066 | J27: =+'[1]GS SEC LRG NONIDR'!I38 -> 1963848362 | L27: =SUM(#REF!,J27) -> #REF! | M27: =SUM(G27,J27) -> 3452401428 | O27: =+G27/M27 -> 0.43116454 | Q27: =+J27/M27 -> 0.56883546
A28: =+A27+1 -> 13 | C28: Total | G28: =SUM(G16:G27) -> 19410001039 | J28: =SUM(J16:J27) -> 28574276384 | L28: =SUM(L22:L27) -> #REF! | M28: =SUM(M16:M27) -> 47984277423
A29: =+A28+1 -> 14
A30: =+A29+1 -> 15 | G30: SECGT10 | J30: SECGT10 | M30: SECGT10
A31: =+A30+1 -> 16 | C31: Year | E31: Month | G31: KWH Adjustment | J31: IDR KWH Adjustment | L31: Total GSL | M31: NIDR KWH Adjustment
A32: =+A31+1 -> 17 | G32: (f) | J32: (g)=f*d | M32: (h)=f-g
A33: =+A32+1 -> 18
A34: =+A33+1 -> 19 | C34: =+C16 -> 2024 | E34: =+E16 -> 1 | G34: =+SecGT10!W52 -> 43625.241 | J34: =+G34*O16 -> 18204.191 | M34: =+G34-J34 -> 25421.05
A35: =+A34+1 -> 20 | C35: =+C17 -> 2024 | E35: =+E17 -> 2 | G35: =+SecGT10!W53 -> -42295.004 | J35: =+G35*O17 -> -17149.141 | M35: =+G35-J35 -> -25145.863
A36: =+A35+1 -> 21 | C36: =+C18 -> 2024 | E36: =+E18 -> 3 | G36: =+SecGT10!W54 -> 48619.059 | J36: =+G36*O18 -> 20744.357 | M36: =+G36-J36 -> 27874.702
A37: =+A36+1 -> 22 | C37: =+C19 -> 2024 | E37: =+E19 -> 4 | G37: =+SecGT10!W55 -> 24939.126 | J37: =+G37*O19 -> 10762.995 | M37: =+G37-J37 -> 14176.13
A38: =+A37+1 -> 23 | C38: =+C20 -> 2024 | E38: =+E20 -> 5 | G38: =+SecGT10!W56 -> -58632.6 | J38: =+G38*O20 -> -24412.696 | M38: =+G38-J38 -> -34219.904
A39: =+A38+1 -> 24 | C39: =+C21 -> 2024 | E39: =+E21 -> 6 | G39: =+SecGT10!W57 -> -70716.743 | J39: =+G39*O21 -> -28163.809 | M39: =+G39-J39 -> -42552.934
A40: =+A39+1 -> 25 | C40: =+C22 -> 2024 | E40: =+E22 -> 7 | G40: =+SecGT10!W58 -> -94723.445 | J40: =+G40*O22 -> -36108.774 | M40: =+G40-J40 -> -58614.671
A41: =+A40+1 -> 26 | C41: =+C23 -> 2024 | E41: =+E23 -> 8 | G41: =+SecGT10!W59 -> 82784.801 | J41: =+G41*O23 -> 31493.803 | M41: =+G41-J41 -> 51290.998
A42: =+A41+1 -> 27 | C42: =+C24 -> 2024 | E42: =+E24 -> 9 | G42: =+SecGT10!W60 -> -75139.287 | J42: =+G42*O24 -> -28539.576 | M42: =+G42-J42 -> -46599.711
A43: =+A42+1 -> 28 | C43: =+C25 -> 2024 | E43: =+E25 -> 10 | G43: =+SecGT10!W61 -> -63880.088 | J43: =+G43*O25 -> -25483.497 | M43: =+G43-J43 -> -38396.592
A44: =+A43+1 -> 29 | C44: =+C26 -> 2024 | E44: =+E26 -> 11 | G44: =+SecGT10!W62 -> -171545.2 | J44: =+G44*O26 -> -70966.998 | M44: =+G44-J44 -> -100578.2
A45: =+A44+1 -> 30 | C45: =+C27 -> 2024 | E45: =+E27 -> 12 | G45: =+SecGT10!W63 -> 29789.967 | J45: =+G45*O27 -> 12844.377 | M45: =+G45-J45 -> 16945.59
A46: =+A45+1 -> 31 | C46: Total | G46: =SUM(G34:G45) -> -347174.17 | J46: =SUM(J34:J45) -> -136774.77 | M46: =SUM(M34:M45) -> -210399.41

Sheet PrmGT10D
Q1: WP/II-H-1.2/1
Q2: Page 7 of 9
A4: =+'Weather Adjustment'!A4 -> PUC DOCKET NO
A5: =+'Weather Adjustment'!A5 -> ONCOR ELECTRIC DELIVERY COMPANY LLC
A6: =+'Weather Adjustment'!A6 -> MONTHLY SALES DATA
A7: =+'Weather Adjustment'!A7 -> TEST YEAR ENDING December 31, 2024
A9: =+'Weather Adjustment'!A9 -> SPONSOR: D. E. NELSON
A11: Primary Service Greater Than 10 KW Weather Adjustment (MWH)
G12: CDD Model | Q12: CDD MWH
A13: Line | C13: Year | E13: Month | G13: Coefficient | I13: Actual CDD | K13: Normal CDD | M13: Total GPL | O13: CDD Deviation | Q13: Adjustment | R13: Total GPL
G14: (a) | I14: (b) | K14: (c) | O14: (d)=c-b | Q14: (e)=a*d
A16: 1 | C16: =+'Weather Adjustment'!C16 -> 2024 | E16: =+'Weather Adjustment'!E16 -> 1 | G16: =+'[2]PRMGT10KWD Model'!$C$17 -> 243.325 | I16: =+[3]PRMGT10KWD!D13 -> 18.25326 | K16: =+[3]PRMGT10KWD!F13 -> 27.948273 | M16: =SUM(I16,K16) -> 46.201533 | O16: =+K16-I16 -> 9.695013 | Q16: =+G16*O16 -> 2359.039 | R16: =SUM(N16,P16) -> 0
A17: =+A16+1 -> 2 | C17: =+'Weather Adjustment'!C17 -> 2024 | E17: =+'Weather Adjustment'!E17 -> 2 | G17: =+G16 -> 243.325 | I17: =+[3]PRMGT10KWD!D14 -> 16.187227 | K17: =+[3]PRMGT10KWD!F14 -> 24.967937 | M17: =SUM(I17,K17) -> 41.155164 | O17: =+K17-I17 -> 8.7807097 | Q17: =+G17*O17 -> 2136.5662 | R17: =SUM(N17,P17) -> 0
A18: =+A17+1 -> 3 | C18: =+'Weather Adjustment'!C18 -> 2024 | E18: =+'Weather Adjustment'!E18 -> 3 | G18: =+G17 -> 243.325 | I18: =+[3]PRMGT10KWD!D15 -> 101.50797 | K18: =+[3]PRMGT10KWD!F15 -> 65.516252 | M18: =SUM(I18,K18) -> 167.02422 | O18: =+K18-I18 -> -35.991718 | Q18: =+G18*O18 -> -8757.6847 | R18: =SUM(N18,P18) -> 0
A19: =+A18+1 -> 4 | C19: =+'Weather Adjustment'!C19 -> 2024 | E19: =+'Weather Adjustment'!E19 -> 4 | G19: =+G18 -> 243.325 | I19: =+[3]PRMGT10KWD!D16 -> 150.68135 | K19: =+[3]PRMGT10KWD!F16 -> 161.82127 | M19: =SUM(I19,K19) -> 312.50262 | O19: =+K19-I19 -> 11.13992 | Q19: =+G19*O19 -> 2710.621 | R19: =SUM(N19,P19) -> 0
A20: =+A19+1 -> 5 | C20: =+'Weather Adjustment'!C20 -> 2024 | E20: =+'Weather Adjustment'!E20 -> 5 | G20: =+G19 -> 243.325 | I20: =+[3]PRMGT10KWD!D17 -> 314.73688 | K20: =+[3]PRMGT10KWD!F17 -> 284.92909 | M20: =SUM(I20,K20) -> 599.66597 | O20: =+K20-I20 -> -29.80779 | Q20: =+G20*O20 -> -7252.9805 | R20: =SUM(N20,P20) -> 0
A21: =+A20+1 -> 6 | C21: =+'Weather Adjustment'!C21 -> 2024 | E21: =+'Weather Adjustment'!E21 -> 6 | G21: =+G20 -> 243.325 | I21: =+[3]PRMGT10KWD!D18 -> 562.82289 | K21: =+[3]PRMGT10KWD!F18 -> 508.22517 | M21: =SUM(I21,K21) -> 1071.0481 | O21: =+K21-I21 -> -54.597715 | Q21: =+G21*O21 -> -13284.989 | R21: =SUM(N21,P21) -> 0
A22: =+A21+1 -> 7 | C22: =+'Weather Adjustment'!C22 -> 2024 | E22: =+'Weather Adjustment'!E22 -> 7 | G22: =+G21 -> 243.325 | I22: =+[3]PRMGT10KWD!D19 -> 719.07335 | K22: =+[3]PRMGT10KWD!F19 -> 680.56823 | M22: =SUM(I22,K22) -> 1399.6416 | O22: =+K22-I22 -> -38.505116 | Q22: =+G22*O22 -> -9369.2574 | R22: =SUM(N22,P22) -> 0
A23: =+A22+1 -> 8 | C23: =+'Weather Adjustment'!C23 -> 2024 | E23: =+'Weather Adjustment'!E23 -> 8 | G23: =+G22 -> 243.325 | I23: =+[3]PRMGT10KWD!D20 -> 701.83339 | K23: =+[3]PRMGT10KWD!F20 -> 716.95231 | M23: =SUM(I23,K23) -> 1418.7857 | O23: =+K23-I23 -> 15.118923 | Q23: =+G23*O23 -> 3678.8118 | R23: =SUM(N23,P23) -> 0
A24: =+A23+1 -> 9 | C24: =+'Weather Adjustment'!C24 -> 2024 | E24: =+'Weather Adjustment'!E24 -> 9 | G24: =+G23 -> 243.325 | I24: =+[3]PRMGT10KWD!D21 -> 711.48424 | K24: =+[3]PRMGT10KWD!F21 -> 660.97514 | M24: =SUM(I24,K24) -> 1372.4594 | O24: =+K24-I24 -> -50.509094 | Q24: =+G24*O24 -> -12290.125 | R24: =SUM(N24,P24) -> 0
A25: =+A24+1 -> 10 | C25: =+'Weather Adjustment'!C25 -> 2024 | E25: =+'Weather Adjustment'!E25 -> 10 | G25: =+G24 -> 243.325 | I25: =+[3]PRMGT10KWD!D22 -> 482.30674 | K25: =+[3]PRMGT10KWD!F22 -> 455.23582 | M25: =SUM(I25,K25) -> 937.54256 | O25: =+K25-I25 -> -27.070925 | Q25: =+G25*O25 -> -6587.0327 | R25: =SUM(N25,P25) -> 0
A26: =+A25+1 -> 11 | C26: =+'Weather Adjustment'!C26 -> 2024 | E26: =+'Weather Adjustment'!E26 -> 11 | G26: =+G25 -> 243.325 | I26: =+[3]PRMGT10KWD!D23 -> 330.3157 | K26: =+[3]PRMGT10KWD!F23 -> 223.18775 | M26: =SUM(I26,K26) -> 553.50345 | O26: =+K26-I26 -> -107.12794 | Q26: =+G26*O26 -> -26066.907 | R26: =SUM(N26,P26) -> 0
A27: =+A26+1 -> 12 | C27: =+'Weather Adjustment'!C27 -> 2024 | E27: =+'Weather Adjustment'!E27 -> 12 | G27: =+G26 -> 243.325 | I27: =+[3]PRMGT10KWD!D24 -> 87.53754 | K27: =+[3]PRMGT10KWD!F24 -> 71.812991 | M27: =SUM(I27,K27) -> 159.35053 | O27: =+K27-I27 -> -15.724549 | Q27: =+G27*O27 -> -3826.1759 | R27: =SUM(N27,P27) -> 0
A28: =+A27+1 -> 13 | C28: Total | I28: =SUM(I16:I27) -> 4196.7405 | K28: =SUM(K16:K27) -> 3882.1402 | M28: =SUM(M22:M27) -> 5841.2832 | O28: =+K28-I28 -> -314.60029 | Q28: =SUM(Q16:Q27) -> -76550.114 | R28: =SUM(R22:R27) -> 0
A29: =+A28+1 -> 14
A30: =+A29+1 -> 15 | G30: HDD Model | Q30: HDD MWH
A31: =+A30+1 -> 16 | C31: Year | E31: Month | G31: Coefficient | I31: Actual HDD | K31: Normal HDD | M31: Total GPL | O31: HDD Deviation | Q31: Adjustment | R31: Total GPL
A32: =+A31+1 -> 17 | G32: (f) | I32: (g) | K32: (h) | O32: (i)=h-g | Q32: (j)=f*i
A33: =+A32+1 -> 18
A34: =+A33+1 -> 19 | C34: =+C16 -> 2024 | E34: =+E16 -> 1 | G34: 0 | I34: 0 | J34: =J16 -> 0 | K34: 0 | O34: =+K34-I34 -> 0 | Q34: =+G34*O34 -> 0
A35: =+A34+1 -> 20 | C35: =+C17 -> 2024 | E35: =+E17 -> 2 | G35: 0 | I35: 0 | J35: =J17 -> 0 | K35: 0 | O35: =+K35-I35 -> 0 | Q35: =+G35*O35 -> 0
A36: =+A35+1 -> 21 | C36: =+C18 -> 2024 | E36: =+E18 -> 3 | G36: 0 | I36: 0 | J36: =J18 -> 0 | K36: 0 | O36: =+K36-I36 -> 0 | Q36: =+G36*O36 -> 0
A37: =+A36+1 -> 22 | C37: =+C19 -> 2024 | E37: =+E19 -> 4 | G37: 0 | I37: 0 | J37: =J19 -> 0 | K37: 0 | O37: =+K37-I37 -> 0 | Q37: =+G37*O37 -> 0
A38: =+A37+1 -> 23 | C38: =+C20 -> 2024 | E38: =+E20 -> 5 | G38: 0 | I38: 0 | J38: =J20 -> 0 | K38: 0 | O38: =+K38-I38 -> 0 | Q38: =+G38*O38 -> 0
A39: =+A38+1 -> 24 | C39: =+C21 -> 2024 | E39: =+E21 -> 6 | G39: 0 | I39: 0 | J39: =J21 -> 0 | K39: 0 | O39: =+K39-I39 -> 0 | Q39: =+G39*O39 -> 0
A40: =+A39+1 -> 25 | C40: =+C22 -> 2024 | E40: =+E22 -> 7 | G40: 0 | I40: 0 | J40: =J22 -> 0 | K40: 0 | O40: =+K40-I40 -> 0 | Q40: =+G40*O40 -> 0
A41: =+A40+1 -> 26 | C41: =+C23 -> 2024 | E41: =+E23 -> 8 | G41: 0 | I41: 0 | J41: =J23 -> 0 | K41: 0 | O41: =+K41-I41 -> 0 | Q41: =+G41*O41 -> 0
A42: =+A41+1 -> 27 | C42: =+C24 -> 2024 | E42: =+E24 -> 9 | G42: 0 | I42: 0 | J42: =J24 -> 0 | K42: 0 | O42: =+K42-I42 -> 0 | Q42: =+G42*O42 -> 0
A43: =+A42+1 -> 28 | C43: =+C25 -> 2024 | E43: =+E25 -> 10 | G43: 0 | I43: 0 | J43: =J25 -> 0 | K43: 0 | O43: =+K43-I43 -> 0 | Q43: =+G43*O43 -> 0
A44: =+A43+1 -> 29 | C44: =+C26 -> 2024 | E44: =+E26 -> 11 | G44: 0 | I44: 0 | J44: =J26 -> 0 | K44: 0 | O44: =+K44-I44 -> 0 | Q44: =+G44*O44 -> 0
A45: =+A44+1 -> 30 | C45: =+C27 -> 2024 | E45: =+E27 -> 12 | G45: 0 | I45: 0 | J45: =J27 -> 0 | K45: 0 | O45: =+K45-I45 -> 0 | Q45: =+G45*O45 -> 0
A46: =+A45+1 -> 31 | C46: Total | G46: =SUM(G34:G45) -> 0 | H46: =SUM(H34:H45) -> 0 | I46: =SUM(I34:I45) -> 0 | K46: =SUM(K34:K45) -> 0 | M46: =SUM(M40:M45) -> 0 | O46: =+K46-I46 -> 0 | Q46: =SUM(Q34:Q45) -> 0 | R46: =SUM(R40:R45) -> 0
A47: =+A46+1 -> 32
A48: =+A47+1 -> 33
A49: =+A48+1 -> 34 | C49: Year | E49: Month | Q49: Total
A50: =+A49+1 -> 35 | Q50: (k)=e+j
A51: =+A50+1 -> 36
A52: =+A51+1 -> 37 | C52: =+C34 -> 2024 | E52: =+E34 -> 1 | Q52: =+Q16+Q34 -> 2359.039
A53: =+A52+1 -> 38 | C53: =+C35 -> 2024 | E53: =+E35 -> 2 | Q53: =+Q17+Q35 -> 2136.5662
A54: =+A53+1 -> 39 | C54: =+C36 -> 2024 | E54: =+E36 -> 3 | Q54: =+Q18+Q36 -> -8757.6847
A55: =+A54+1 -> 40 | C55: =+C37 -> 2024 | E55: =+E37 -> 4 | Q55: =+Q19+Q37 -> 2710.621
A56: =+A55+1 -> 41 | C56: =+C38 -> 2024 | E56: =+E38 -> 5 | Q56: =+Q20+Q38 -> -7252.9805
A57: =+A56+1 -> 42 | C57: =+C39 -> 2024 | E57: =+E39 -> 6 | Q57: =+Q21+Q39 -> -13284.989
A58: =+A57+1 -> 43 | C58: =+C40 -> 2024 | E58: =+E40 -> 7 | Q58: =+Q22+Q40 -> -9369.2574
A59: =+A58+1 -> 44 | C59: =+C41 -> 2024 | E59: =+E41 -> 8 | Q59: =+Q23+Q41 -> 3678.8118
A60: =+A59+1 -> 45 | C60: =+C42 -> 2024 | E60: =+E42 -> 9 | Q60: =+Q24+Q42 -> -12290.125
A61: =+A60+1 -> 46 | C61: =+C43 -> 2024 | E61: =+E43 -> 10 | Q61: =+Q25+Q43 -> -6587.0327
A62: =+A61+1 -> 47 | C62: =+C44 -> 2024 | E62: =+E44 -> 11 | Q62: =+Q26+Q44 -> -26066.907
A63: =+A62+1 -> 48 | C63: =+C45 -> 2024 | E63: =+E45 -> 12 | Q63: =+Q27+Q45 -> -3826.1759
A64: =+A63+1 -> 49 | C64: Total | Q64: =SUM(Q52:Q63) -> -76550.114

Sheet PrmGT10D IDR_NIDR
Q1: WP/II-H-1.2/1
Q2: Page 8 of 9
A4: =+'Weather Adjustment'!A4 -> PUC DOCKET NO
A5: =+'Weather Adjustment'!A5 -> ONCOR ELECTRIC DELIVERY COMPANY LLC
A6: =+'Weather Adjustment'!A6 -> MONTHLY SALES DATA
A7: =+'Weather Adjustment'!A7 -> TEST YEAR ENDING December 31, 2024
A9: =+'Weather Adjustment'!A9 -> SPONSOR: D. E. NELSON
C11: Primary Service Greater Than 10 KW IDR and Non-IDR Weather Adjustment (MWH)
G12: PRMGT10_IDR | J12: PRMGT10 | M12: PRMGT10 | O12: PRMGT10 | Q12: PRMGT10
A13: Line | C13: Year | E13: Month | G13: _NoSUB KWH | J13: NIDR KWH | L13: Total GSL | M13: Large KWH | O13: IDR KWH Share | Q13: NIDR KWH Share
A14: No. | G14: (a) | J14: (b) | M14: (c) | O14: (d)=a/c | Q14: (e)=b/c
A16: 1 | C16: =+'Weather Adjustment'!C16 -> 2024 | E16: =+'Weather Adjustment'!E16 -> 1 | G16: =+'[1]GS PRI LRG IDR '!I16 -> 1672071164 | J16: =+'[1]GS PRI LRG NONIDR'!I16 -> 159511720 | L16: =SUM(#REF!,J16) -> #REF! | M16: =SUM(G16,J16) -> 1831582884 | O16: =+G16/M16 -> 0.91291045 | Q16: =+J16/M16 -> 0.087089545
A17: =+A16+1 -> 2 | C17: =+'Weather Adjustment'!C17 -> 2024 | E17: =+'Weather Adjustment'!E17 -> 2 | G17: =+'[1]GS PRI LRG IDR '!I18 -> 1636791716 | J17: =+'[1]GS PRI LRG NONIDR'!I18 -> 141685660 | L17: =SUM(#REF!,J17) -> #REF! | M17: =SUM(G17,J17) -> 1778477376 | O17: =+G17/M17 -> 0.92033317 | Q17: =+J17/M17 -> 0.079666833
A18: =+A17+1 -> 3 | C18: =+'Weather Adjustment'!C18 -> 2024 | E18: =+'Weather Adjustment'!E18 -> 3 | G18: =+'[1]GS PRI LRG IDR '!I20 -> 1374492571 | J18: =+'[1]GS PRI LRG NONIDR'!I20 -> 54954202 | L18: =SUM(#REF!,J18) -> #REF! | M18: =SUM(G18,J18) -> 1429446773 | O18: =+G18/M18 -> 0.96155562 | Q18: =+J18/M18 -> 0.038444385
A19: =+A18+1 -> 4 | C19: =+'Weather Adjustment'!C19 -> 2024 | E19: =+'Weather Adjustment'!E19 -> 4 | G19: =+'[1]GS PRI LRG IDR '!I22 -> 1666181567 | J19: =+'[1]GS PRI LRG NONIDR'!I22 -> 147642591 | L19: =SUM(#REF!,J19) -> #REF! | M19: =SUM(G19,J19) -> 1813824158 | O19: =+G19/M19 -> 0.91860149 | Q19: =+J19/M19 -> 0.081398514
A20: =+A19+1 -> 5 | C20: =+'Weather Adjustment'!C20 -> 2024 | E20: =+'Weather Adjustment'!E20 -> 5 | G20: =+'[1]GS PRI LRG IDR '!I24 -> 1451344173 | J20: =+'[1]GS PRI LRG NONIDR'!I24 -> 122442100 | L20: =SUM(#REF!,J20) -> #REF! | M20: =SUM(G20,J20) -> 1573786273 | O20: =+G20/M20 -> 0.92219903 | Q20: =+J20/M20 -> 0.077800971
A21: =+A20+1 -> 6 | C21: =+'Weather Adjustment'!C21 -> 2024 | E21: =+'Weather Adjustment'!E21 -> 6 | G21: =+'[1]GS PRI LRG IDR '!I26 -> 1676588618 | J21: =+'[1]GS PRI LRG NONIDR'!I26 -> 148161541 | L21: =SUM(#REF!,J21) -> #REF! | M21: =SUM(G21,J21) -> 1824750159 | O21: =+G21/M21 -> 0.91880448 | Q21: =+J21/M21 -> 0.081195522
A22: =+A21+1 -> 7 | C22: =+'Weather Adjustment'!C22 -> 2024 | E22: =+'Weather Adjustment'!E22 -> 7 | G22: =+'[1]GS PRI LRG IDR '!I28 -> 1744008824 | J22: =+'[1]GS PRI LRG NONIDR'!I28 -> 172983745 | L22: =SUM(#REF!,J22) -> #REF! | M22: =SUM(G22,J22) -> 1916992569 | O22: =+G22/M22 -> 0.90976295 | Q22: =+J22/M22 -> 0.090237045
A23: =+A22+1 -> 8 | C23: =+'Weather Adjustment'!C23 -> 2024 | E23: =+'Weather Adjustment'!E23 -> 8 | G23: =+'[1]GS PRI LRG IDR '!I30 -> 1710780737 | J23: =+'[1]GS PRI LRG NONIDR'!I30 -> 183402195 | L23: =SUM(#REF!,J23) -> #REF! | M23: =SUM(G23,J23) -> 1894182932 | O23: =+G23/M23 -> 0.90317609 | Q23: =+J23/M23 -> 0.096823909
A24: =+A23+1 -> 9 | C24: =+'Weather Adjustment'!C24 -> 2024 | E24: =+'Weather Adjustment'!E24 -> 9 | G24: =+'[1]GS PRI LRG IDR '!I32 -> 1757195180 | J24: =+'[1]GS PRI LRG NONIDR'!I32 -> 177189770 | L24: =SUM(#REF!,J24) -> #REF! | M24: =SUM(G24,J24) -> 1934384950 | O24: =+G24/M24 -> 0.90839994 | Q24: =+J24/M24 -> 0.091600056
A25: =+A24+1 -> 10 | C25: =+'Weather Adjustment'!C25 -> 2024 | E25: =+'Weather Adjustment'!E25 -> 10 | G25: =+'[1]GS PRI LRG IDR '!I34 -> 1745079579 | J25: =+'[1]GS PRI LRG NONIDR'!I34 -> 151490414 | L25: =SUM(#REF!,J25) -> #REF! | M25: =SUM(G25,J25) -> 1896569993 | O25: =+G25/M25 -> 0.92012401 | Q25: =+J25/M25 -> 0.079875994
A26: =+A25+1 -> 11 | C26: =+'Weather Adjustment'!C26 -> 2024 | E26: =+'Weather Adjustment'!E26 -> 11 | G26: =+'[1]GS PRI LRG IDR '!I36 -> 1721593632 | J26: =+'[1]GS PRI LRG NONIDR'!I36 -> 94001743 | L26: =SUM(#REF!,J26) -> #REF! | M26: =SUM(G26,J26) -> 1815595375 | O26: =+G26/M26 -> 0.94822539 | Q26: =+J26/M26 -> 0.05177461
A27: =+A26+1 -> 12 | C27: =+'Weather Adjustment'!C27 -> 2024 | E27: =+'Weather Adjustment'!E27 -> 12 | G27: =+'[1]GS PRI LRG IDR '!I38 -> 1720853256 | J27: =+'[1]GS PRI LRG NONIDR'!I38 -> 132222507 | L27: =SUM(#REF!,J27) -> #REF! | M27: =SUM(G27,J27) -> 1853075763 | O27: =+G27/M27 -> 0.928647 | Q27: =+J27/M27 -> 0.071352996
A28: =+A27+1 -> 13 | C28: Total | G28: =SUM(G16:G27) -> 19876981017 | J28: =SUM(J16:J27) -> 1685688188 | L28: =SUM(L22:L27) -> #REF! | M28: =SUM(M16:M27) -> 21562669205
A29: =+A28+1 -> 14
A30: =+A29+1 -> 15 | G30: PRMGT10 | J30: PRMGT10 | M30: PRMGT10
A31: =+A30+1 -> 16 | C31: Year | E31: Month | G31: Large KWH Adjustment | J31: IDR KWH Adjustment | L31: Total GSL | M31: NIDR KWH Adjustment
A32: =+A31+1 -> 17 | G32: (f) | J32: (g)=f*d | M32: (h)=f-g
A33: =+A32+1 -> 18
A34: =+A33+1 -> 19 | C34: =+C16 -> 2024 | E34: =+E16 -> 1 | G34: =+PrmGT10D!Q52 -> 2359.039 | J34: =+G34*O16 -> 2153.5914 | M34: =+G34-J34 -> 205.44764
A35: =+A34+1 -> 20 | C35: =+C17 -> 2024 | E35: =+E17 -> 2 | G35: =+PrmGT10D!Q53 -> 2136.5662 | J35: =+G35*O17 -> 1966.3527 | M35: =+G35-J35 -> 170.21346
A36: =+A35+1 -> 21 | C36: =+C18 -> 2024 | E36: =+E18 -> 3 | G36: =+PrmGT10D!Q54 -> -8757.6847 | J36: =+G36*O18 -> -8421.0009 | M36: =+G36-J36 -> -336.6838
A37: =+A36+1 -> 22 | C37: =+C19 -> 2024 | E37: =+E19 -> 4 | G37: =+PrmGT10D!Q55 -> 2710.621 | J37: =+G37*O19 -> 2489.9804 | M37: =+G37-J37 -> 220.64052
A38: =+A37+1 -> 23 | C38: =+C20 -> 2024 | E38: =+E20 -> 5 | G38: =+PrmGT10D!Q56 -> -7252.9805 | J38: =+G38*O20 -> -6688.6916 | M38: =+G38-J38 -> -564.28893
A39: =+A38+1 -> 24 | C39: =+C21 -> 2024 | E39: =+E21 -> 6 | G39: =+PrmGT10D!Q57 -> -13284.989 | J39: =+G39*O21 -> -12206.307 | M39: =+G39-J39 -> -1078.6816
A40: =+A39+1 -> 25 | C40: =+C22 -> 2024 | E40: =+E22 -> 7 | G40: =+PrmGT10D!Q58 -> -9369.2574 | J40: =+G40*O22 -> -8523.8033 | M40: =+G40-J40 -> -845.4541
A41: =+A40+1 -> 26 | C41: =+C23 -> 2024 | E41: =+E23 -> 8 | G41: =+PrmGT10D!Q59 -> 3678.8118 | J41: =+G41*O23 -> 3322.6149 | M41: =+G41-J41 -> 356.19694
A42: =+A41+1 -> 27 | C42: =+C24 -> 2024 | E42: =+E24 -> 9 | G42: =+PrmGT10D!Q60 -> -12290.125 | J42: =+G42*O24 -> -11164.349 | M42: =+G42-J42 -> -1125.7762
A43: =+A42+1 -> 28 | C43: =+C25 -> 2024 | E43: =+E25 -> 10 | G43: =+PrmGT10D!Q61 -> -6587.0327 | J43: =+G43*O25 -> -6060.8869 | M43: =+G43-J43 -> -526.14579
A44: =+A43+1 -> 29 | C44: =+C26 -> 2024 | E44: =+E26 -> 11 | G44: =+PrmGT10D!Q62 -> -26066.907 | J44: =+G44*O26 -> -24717.303 | M44: =+G44-J44 -> -1349.604
A45: =+A44+1 -> 30 | C45: =+C27 -> 2024 | E45: =+E27 -> 12 | G45: =+PrmGT10D!Q63 -> -3826.1759 | J45: =+G45*O27 -> -3553.1668 | M45: =+G45-J45 -> -273.00911
A46: =+A45+1 -> 31 | C46: Total | G46: =SUM(G34:G45) -> -76550.114 | J46: =SUM(J34:J45) -> -71402.97 | M46: =SUM(M34:M45) -> -5147.1449

Sheet Substation
Q1: WP/II-H-1.2/1
Q2: Page 9 of 9
A4: =+'Weather Adjustment'!A4 -> PUC DOCKET NO
A5: =+'Weather Adjustment'!A5 -> ONCOR ELECTRIC DELIVERY COMPANY LLC
A6: =+'Weather Adjustment'!A6 -> MONTHLY SALES DATA
A7: =+'Weather Adjustment'!A7 -> TEST YEAR ENDING December 31, 2024
A9: =+'Weather Adjustment'!A9 -> SPONSOR: D. E. NELSON
A11: SUBSTATION Weather Adjustment (MWH)
G12: CDD Model | Q12: CDD MWH
A13: Line | C13: Year | E13: Month | G13: Coefficient | I13: Actual CDD | K13: Normal CDD | M13: Total GPL | O13: CDD Deviation | Q13: Adjustment | R13: Total GPL
G14: (a) | I14: (b) | K14: (c) | O14: (d)=c-b | Q14: (e)=a*d
A16: 1 | C16: =+'Weather Adjustment'!C16 -> 2024 | E16: =+'Weather Adjustment'!E16 -> 1 | G16: =+'[2]SUB Model'!$C$17 -> 2.772 | I16: =+[3]SUBSTATION!D13 -> 1049.0964 | K16: =+[3]SUBSTATION!F13 -> 1493.6885 | M16: =SUM(I16,K16) -> 2542.7849 | O16: =+K16-I16 -> 444.59205 | Q16: =+G16*O16 -> 1232.4092 | R16: =SUM(N16,P16) -> 0
A17: =+A16+1 -> 2 | C17: =+'Weather Adjustment'!C17 -> 2024 | E17: =+'Weather Adjustment'!E17 -> 2 | G17: =+G16 -> 2.772 | I17: =+[3]SUBSTATION!D14 -> 972.31565 | K17: =+[3]SUBSTATION!F14 -> 1392.5959 | M17: =SUM(I17,K17) -> 2364.9115 | O17: =+K17-I17 -> 420.28021 | Q17: =+G17*O17 -> 1165.0167 | R17: =SUM(N17,P17) -> 0
A18: =+A17+1 -> 3 | C18: =+'Weather Adjustment'!C18 -> 2024 | E18: =+'Weather Adjustment'!E18 -> 3 | G18: =+G17 -> 2.772 | I18: =+[3]SUBSTATION!D15 -> 4875.9487 | K18: =+[3]SUBSTATION!F15 -> 3363.3761 | M18: =SUM(I18,K18) -> 8239.3248 | O18: =+K18-I18 -> -1512.5726 | Q18: =+G18*O18 -> -4192.8512 | R18: =SUM(N18,P18) -> 0
A19: =+A18+1 -> 4 | C19: =+'Weather Adjustment'!C19 -> 2024 | E19: =+'Weather Adjustment'!E19 -> 4 | G19: =+G18 -> 2.772 | I19: =+[3]SUBSTATION!D16 -> 6989.1382 | K19: =+[3]SUBSTATION!F16 -> 7264.5748 | M19: =SUM(I19,K19) -> 14253.713 | O19: =+K19-I19 -> 275.43662 | Q19: =+G19*O19 -> 763.5103 | R19: =SUM(N19,P19) -> 0
A20: =+A19+1 -> 5 | C20: =+'Weather Adjustment'!C20 -> 2024 | E20: =+'Weather Adjustment'!E20 -> 5 | G20: =+G19 -> 2.772 | I20: =+[3]SUBSTATION!D17 -> 11689.546 | K20: =+[3]SUBSTATION!F17 -> 10881.657 | M20: =SUM(I20,K20) -> 22571.203 | O20: =+K20-I20 -> -807.88836 | Q20: =+G20*O20 -> -2239.4665 | R20: =SUM(N20,P20) -> 0
A21: =+A20+1 -> 6 | C21: =+'Weather Adjustment'!C21 -> 2024 | E21: =+'Weather Adjustment'!E21 -> 6 | G21: =+G20 -> 2.772 | I21: =+[3]SUBSTATION!D18 -> 16841.949 | K21: =+[3]SUBSTATION!F18 -> 15592.114 | M21: =SUM(I21,K21) -> 32434.062 | O21: =+K21-I21 -> -1249.8354 | Q21: =+G21*O21 -> -3464.5437 | R21: =SUM(N21,P21) -> 0
A22: =+A21+1 -> 7 | C22: =+'Weather Adjustment'!C22 -> 2024 | E22: =+'Weather Adjustment'!E22 -> 7 | G22: =+G21 -> 2.772 | I22: =+[3]SUBSTATION!D19 -> 18170.696 | K22: =+[3]SUBSTATION!F19 -> 17844.104 | M22: =SUM(I22,K22) -> 36014.8 | O22: =+K22-I22 -> -326.59159 | Q22: =+G22*O22 -> -905.3119 | R22: =SUM(N22,P22) -> 0
A23: =+A22+1 -> 8 | C23: =+'Weather Adjustment'!C23 -> 2024 | E23: =+'Weather Adjustment'!E23 -> 8 | G23: =+G22 -> 2.772 | I23: =+[3]SUBSTATION!D20 -> 17795.668 | K23: =+[3]SUBSTATION!F20 -> 17746.488 | M23: =SUM(I23,K23) -> 35542.156 | O23: =+K23-I23 -> -49.179983 | Q23: =+G23*O23 -> -136.32691 | R23: =SUM(N23,P23) -> 0
A24: =+A23+1 -> 9 | C24: =+'Weather Adjustment'!C24 -> 2024 | E24: =+'Weather Adjustment'!E24 -> 9 | G24: =+G23 -> 2.772 | I24: =+[3]SUBSTATION!D21 -> 17486.875 | K24: =+[3]SUBSTATION!F21 -> 17452.47 | M24: =SUM(I24,K24) -> 34939.344 | O24: =+K24-I24 -> -34.404938 | Q24: =+G24*O24 -> -95.370489 | R24: =SUM(N24,P24) -> 0
A25: =+A24+1 -> 10 | C25: =+'Weather Adjustment'!C25 -> 2024 | E25: =+'Weather Adjustment'!E25 -> 10 | G25: =+G24 -> 2.772 | I25: =+[3]SUBSTATION!D22 -> 15355.602 | K25: =+[3]SUBSTATION!F22 -> 14419.208 | M25: =SUM(I25,K25) -> 29774.81 | O25: =+K25-I25 -> -936.39351 | Q25: =+G25*O25 -> -2595.6828 | R25: =SUM(N25,P25) -> 0
A26: =+A25+1 -> 11 | C26: =+'Weather Adjustment'!C26 -> 2024 | E26: =+'Weather Adjustment'!E26 -> 11 | G26: =+G25 -> 2.772 | I26: =+[3]SUBSTATION!D23 -> 12171.405 | K26: =+[3]SUBSTATION!F23 -> 8905.8351 | M26: =SUM(I26,K26) -> 21077.24 | O26: =+K26-I26 -> -3265.57 | Q26: =+G26*O26 -> -9052.16 | R26: =SUM(N26,P26) -> 0
A27: =+A26+1 -> 12 | C27: =+'Weather Adjustment'!C27 -> 2024 | E27: =+'Weather Adjustment'!E27 -> 12 | G27: =+G26 -> 2.772 | I27: =+[3]SUBSTATION!D24 -> 4181.414 | K27: =+[3]SUBSTATION!F24 -> 3537.6547 | M27: =SUM(I27,K27) -> 7719.0687 | O27: =+K27-I27 -> -643.75935 | Q27: =+G27*O27 -> -1784.5009 | R27: =SUM(N27,P27) -> 0
A28: =+A27+1 -> 13 | C28: Total | I28: =SUM(I16:I27) -> 127579.65 | K28: =SUM(K16:K27) -> 119893.77 | M28: =SUM(M22:M27) -> 165067.42 | O28: =+K28-I28 -> -7685.8868 | Q28: =SUM(Q16:Q27) -> -21305.278 | R28: =SUM(R22:R27) -> 0
A29: =+A28+1 -> 14
A30: =+A29+1 -> 15 | G30: HDD Model | Q30: HDD MWH
A31: =+A30+1 -> 16 | C31: Year | E31: Month | G31: Coefficient | I31: Actual HDD | K31: Normal HDD | M31: Total GPL | O31: HDD Deviation | Q31: Adjustment | R31: Total GPL
A32: =+A31+1 -> 17 | G32: (f) | I32: (g) | K32: (h) | O32: (i)=h-g | Q32: (j)=f*i
A33: =+A32+1 -> 18
A34: =+A33+1 -> 19 | C34: =+C16 -> 2024 | E34: =+E16 -> 1 | G34: 0 | I34: 0 | J34: =J16 -> 0 | K34: 0 | O34: =+K34-I34 -> 0 | Q34: =+G34*O34 -> 0
A35: =+A34+1 -> 20 | C35: =+C17 -> 2024 | E35: =+E17 -> 2 | G35: 0 | I35: 0 | J35: =J17 -> 0 | K35: 0 | O35: =+K35-I35 -> 0 | Q35: =+G35*O35 -> 0
A36: =+A35+1 -> 21 | C36: =+C18 -> 2024 | E36: =+E18 -> 3 | G36: 0 | I36: 0 | J36: =J18 -> 0 | K36: 0 | O36: =+K36-I36 -> 0 | Q36: =+G36*O36 -> 0
A37: =+A36+1 -> 22 | C37: =+C19 -> 2024 | E37: =+E19 -> 4 | G37: 0 | I37: 0 | J37: =J19 -> 0 | K37: 0 | O37: =+K37-I37 -> 0 | Q37: =+G37*O37 -> 0
A38: =+A37+1 -> 23 | C38: =+C20 -> 2024 | E38: =+E20 -> 5 | G38: 0 | I38: 0 | J38: =J20 -> 0 | K38: 0 | O38: =+K38-I38 -> 0 | Q38: =+G38*O38 -> 0
A39: =+A38+1 -> 24 | C39: =+C21 -> 2024 | E39: =+E21 -> 6 | G39: 0 | I39: 0 | J39: =J21 -> 0 | K39: 0 | O39: =+K39-I39 -> 0 | Q39: =+G39*O39 -> 0
A40: =+A39+1 -> 25 | C40: =+C22 -> 2024 | E40: =+E22 -> 7 | G40: 0 | I40: 0 | J40: =J22 -> 0 | K40: 0 | O40: =+K40-I40 -> 0 | Q40: =+G40*O40 -> 0
A41: =+A40+1 -> 26 | C41: =+C23 -> 2024 | E41: =+E23 -> 8 | G41: 0 | I41: 0 | J41: =J23 -> 0 | K41: 0 | O41: =+K41-I41 -> 0 | Q41: =+G41*O41 -> 0
A42: =+A41+1 -> 27 | C42: =+C24 -> 2024 | E42: =+E24 -> 9 | G42: 0 | I42: 0 | J42: =J24 -> 0 | K42: 0 | O42: =+K42-I42 -> 0 | Q42: =+G42*O42 -> 0
A43: =+A42+1 -> 28 | C43: =+C25 -> 2024 | E43: =+E25 -> 10 | G43: 0 | I43: 0 | J43: =J25 -> 0 | K43: 0 | O43: =+K43-I43 -> 0 | Q43: =+G43*O43 -> 0
A44: =+A43+1 -> 29 | C44: =+C26 -> 2024 | E44: =+E26 -> 11 | G44: 0 | I44: 0 | J44: =J26 -> 0 | K44: 0 | O44: =+K44-I44 -> 0 | Q44: =+G44*O44 -> 0
A45: =+A44+1 -> 30 | C45: =+C27 -> 2024 | E45: =+E27 -> 12 | G45: 0 | I45: 0 | J45: =J27 -> 0 | K45: 0 | O45: =+K45-I45 -> 0 | Q45: =+G45*O45 -> 0
A46: =+A45+1 -> 31 | C46: Total | I46: =SUM(I34:I45) -> 0 | K46: =SUM(K34:K45) -> 0 | M46: =SUM(M40:M45) -> 0 | O46: =+K46-I46 -> 0 | Q46: =SUM(Q34:Q45) -> 0 | R46: =SUM(R40:R45) -> 0
A47: =+A46+1 -> 32
A48: =+A47+1 -> 33
A49: =+A48+1 -> 34 | C49: Year | E49: Month | Q49: Total
A50: =+A49+1 -> 35 | Q50: (k)=e+j
A51: =+A50+1 -> 36
A52: =+A51+1 -> 37 | C52: =+C34 -> 2024 | E52: =+E34 -> 1 | Q52: =+Q16+Q34 -> 1232.4092
A53: =+A52+1 -> 38 | C53: =+C35 -> 2024 | E53: =+E35 -> 2 | Q53: =+Q17+Q35 -> 1165.0167
A54: =+A53+1 -> 39 | C54: =+C36 -> 2024 | E54: =+E36 -> 3 | Q54: =+Q18+Q36 -> -4192.8512
A55: =+A54+1 -> 40 | C55: =+C37 -> 2024 | E55: =+E37 -> 4 | Q55: =+Q19+Q37 -> 763.5103
A56: =+A55+1 -> 41 | C56: =+C38 -> 2024 | E56: =+E38 -> 5 | Q56: =+Q20+Q38 -> -2239.4665
A57: =+A56+1 -> 42 | C57: =+C39 -> 2024 | E57: =+E39 -> 6 | Q57: =+Q21+Q39 -> -3464.5437
A58: =+A57+1 -> 43 | C58: =+C40 -> 2024 | E58: =+E40 -> 7 | Q58: =+Q22+Q40 -> -905.3119
A59: =+A58+1 -> 44 | C59: =+C41 -> 2024 | E59: =+E41 -> 8 | Q59: =+Q23+Q41 -> -136.32691
A60: =+A59+1 -> 45 | C60: =+C42 -> 2024 | E60: =+E42 -> 9 | Q60: =+Q24+Q42 -> -95.370489
A61: =+A60+1 -> 46 | C61: =+C43 -> 2024 | E61: =+E43 -> 10 | Q61: =+Q25+Q43 -> -2595.6828
A62: =+A61+1 -> 47 | C62: =+C44 -> 2024 | E62: =+E44 -> 11 | Q62: =+Q26+Q44 -> -9052.16
A63: =+A62+1 -> 48 | C63: =+C45 -> 2024 | E63: =+E45 -> 12 | Q63: =+Q27+Q45 -> -1784.5009
A64: =+A63+1 -> 49 | C64: Total | Q64: =SUM(Q52:Q63) -> -21305.278
