Workbook

Sheet WP II-E-3.3
A1: 2022 RATE CASE
A2: ONCOR ELECTRIC DELIVERY COMPANY LLC
A3: PLANT ADJUSTMENTS
A4: TEST YEAR ENDING DECEMBER 31, 2021
A5: SPONSOR: B. L. CLUTTER
A10: Line No. | B10: Tax Class | D10: Rate | E10: Convention | F10: 2017 Oncor Tax Additions | G10: 2018 Oncor Tax Additions | H10: 2019 Oncor Tax Additions | I10: 2019 Acquired NTU | J10: 2019 NTU Tax Additions | K10: 2020 Oncor Tax Additions | L10: 2020 NTU Tax Additions | M10: 2021 Oncor Tax Additions | N10: 2021 NTU Tax Additions | O10: Total Tax Depr Basis | P10: 2021 Oncor Depr on V2017-V2021 | Q10: 2021 NTU Depr on all Vintages | R10: 2022 Oncor Forecast Depr on V2017-V2021 | S10: 2022 NTU Forecast Depr on all Vintages | T10: 2023 Oncor Forecast Depr on V2017-V2021 | U10: 2023 NTU Forecast Depr on all Vintages | V10: Oncor V2017-V2021 ADFIT at 12/31/2021 | W10: NTU ADFIT at 12/31/2021
B11: (a) | D11: (b) | E11: (c) | F11: (d) | G11: (e) | H11: (f) | I11: (g) | J11: (h) | K11: (i) | L11: (j) | M11: (k) | N11: (l) | O11: (m) | P11: (n) | Q11: (o) | R11: (p) | S11: (q) | T11: (r) | U11: (s) | V11: (t) | W11: (u)
A12: 1 | B12: TOTAL
A13: =+A12+1 -> 2 | B13: 00.11 | C13: 00.11: Furn, Fixt, Equip | D13: MACRS 7 | E13: HY | F13: 997544.61 | G13: 1256688 | H13: 2620218.9 | I13: 4042130.8 | J13: -1156147.4 | K13: 11311160 | L13: 23509.07 | M13: 4973457.1 | O13: =SUM(F13:N13) -> 24068561 | P13: 4496527.3 | Q13: 228222.86 | R13: 3937498.6 | S13: 97512.89 | T13: 2869265.1 | U13: 85017.53
A14: =+A13+1 -> 3 | B14: 00.12 | C14: 00.12: Info Systems | D14: MACRS 5 | E14: HY | F14: 12290349 | G14: 5655897.6 | H14: 10602111 | I14: 7332.55 | K14: 61719114 | M14: 15137581 | O14: =SUM(F14:N14) -> 1.0541239e+08 | P14: 30315005 | Q14: 454.84 | R14: 22148345 | S14: 454.84 | T14: 12840933 | U14: 454.84
A15: =+A14+1 -> 4 | B15: 00.21 | C15: 00.21: Airplanes | D15: MACRS 5 | E15: HY | F15: 0 | G15: 2617666 | H15: 1659975 | K15: 0 | M15: 0 | O15: =SUM(F15:N15) -> 4277641 | P15: 620270.32 | R15: 492784.24 | T15: 342006.69
A16: =+A15+1 -> 5 | B16: 00.22 | C16: 00.22: Automobiles | D16: MACRS 5 | E16: HY | F16: 636668.55 | G16: 328794.84 | H16: 553113.08 | K16: 2072740.9 | L16: 55488.85 | M16: 1002860.7 | O16: =SUM(F16:N16) -> 4649667 | P16: 1184134.6 | Q16: 14427.1 | R16: 940073.06 | S16: 8656.26 | T16: 553519.14 | U16: 6109.32
A17: =+A16+1 -> 6 | B17: 00.241 | C17: 00.241: Light Trucks | D17: MACRS 5 | E17: HY | F17: 2196684 | G17: 310098.92 | H17: 0 | I17: 1044540.5 | J17: -70853.49 | K17: 1191.54 | M17: 0 | O17: =SUM(F17:N17) -> 3481661.4 | P17: 264472.83 | Q17: 53261.19 | R17: 230005.35 | S17: 51658.47 | T17: 17997.18 | U17: 51658.47
A18: =+A17+1 -> 7 | B18: 00.242 | C18: 00.242: Heavy Trucks | D18: MACRS 5 | E18: HY | F18: 678187.2 | G18: 365428.77 | H18: 0 | K18: 328223.75 | M18: 90231.47 | O18: =SUM(F18:N18) -> 1462071.2 | P18: 238724.69 | R18: 194075 | T18: 76917.85
A19: =+A18+1 -> 8 | B19: 00.27 | C19: 00.27: Trailers | D19: MACRS 5 | E19: HY | F19: 643724.17 | G19: 1429135.1 | H19: 615251.77 | K19: 739247.33 | L19: 52908.96 | M19: 181842.34 | O19: =SUM(F19:N19) -> 3662109.7 | P19: 608559.19 | Q19: 20105.4 | R19: 485546.92 | S19: 12063.24 | T19: 274921.46 | U19: 7237.95
A20: =+A19+1 -> 9 | B20: 00.28 | C20: 00.28: Boats | D20: MACRS 10 | E20: HY | F20: 0 | G20: 0 | H20: 30721.49 | K20: 20022.04 | M20: 0 | O20: =SUM(F20:N20) -> 50743.53 | P20: 10430.5 | R20: 7143.09 | T20: 5107.8
A21: =+A20+1 -> 10 | B21: 00.3 | C21: 00.3: Land Improv | D21: MACRS 15 | E21: HY | F21: 4989496.9 | G21: 19641172 | H21: 11911238 | I21: 9057063.5 | K21: 30575380 | M21: 46702065 | O21: =SUM(F21:N21) -> 1.2287641e+08 | P21: 8155124.7 | Q21: 590551.27 | R21: 9693942.2 | S21: 557559.29 | T21: 8701942.9 | U21: 535080.06
A22: =+A21+1 -> 11 | B22: 40.4 | C22: 40.4: Railroad Track | D22: MACRS 7 | E22: HY | F22: 0 | G22: 0 | H22: 0 | K22: -1809.55 | M22: 0 | O22: =SUM(F22:N22) -> -1809.55 | P22: -498.55 | R22: -356.12 | T22: -254.35
A23: =+A22+1 -> 12 | B23: 49.14 | C23: 49.14: Trans & Dist Plnt | D23: MACRS 20 | E23: HY | F23: 2.4981591e+08 | G23: 4.9424941e+08 | H23: 6.1199045e+08 | I23: 69329950 | J23: -39105.31 | K23: 7.7413801e+08 | L23: -670469.08 | M23: 8.1088021e+08 | N23: 75378.79 | O23: =SUM(F23:N23) -> 3.0097697e+09 | P23: 1.7059666e+08 | Q23: 3072367.3 | R23: 1.8785376e+08 | S23: 2916950 | T23: 1.7375818e+08 | U23: 2980955.1
A24: =+A23+1 -> 13 | B24: 49.14A | C24: 49.14A: Trans 4/05-1/11 | D24: MACRS 15 | E24: HY | F24: 3.1107071e+08 | G24: 6.3205006e+08 | H24: 8.576742e+08 | I24: 1.1339067e+09 | J24: 7749330.4 | K24: 1.0595922e+09 | L24: 4858263.8 | M24: 1.0439354e+09 | N24: -985173.21 | O24: =SUM(F24:N24) -> 5.0498517e+09 | P24: 2.9681672e+08 | Q24: 75021714 | R24: 3.1997054e+08 | S24: 71729914 | T24: 2.88126e+08 | U24: 69253131
A25: =+A24+1 -> 14 | B25: 49.14B | C25: 49.14B: Meters | D25: MACRS 20 | E25: HY | F25: 2820858.1 | G25: 2161648.7 | H25: 10305819 | K25: 11539390 | M25: 10353307 | O25: =SUM(F25:N25) -> 37181022 | P25: 2884770.6 | R25: 2981793.2 | T25: 2566586.8
A26: =+A25+1 -> 15 | B26: 49.14C | C26: 49.14C: Smart Meters | D26: MACRS 10 | E26: HY | F26: 23415151 | G26: 61086583 | H26: 74518693 | J26: 16797.86 | K26: 80368252 | M26: 84161731 | O26: =SUM(F26:N26) -> 3.2356721e+08 | P26: 27767506 | Q26: 1981.14 | R26: 29757214 | S26: 1683.82 | T26: 26616408 | U26: 1468.13
A27: =+A26+1 -> 16 | B27: 49.14D | C27: 49.14D Street Lighting | D27: MACRS 7 | E27: HY | F27: 10656252 | G27: 18364980 | H27: 23595625 | I27: 7252.15 | K27: 24821565 | M27: 24029801 | O27: =SUM(F27:N27) -> 1.0147548e+08 | P27: 6269286.8 | Q27: 906.16 | R27: 6635773.4 | S27: 647.25 | T27: 6191830.5 | U27: 647.25
A28: =+A27+1 -> 17 | B28: 57.0 | C28: 57.0: Distr Trades Serv | D28: MACRS 5 | E28: HY | F28: 3979411.9 | G28: 6265981.6 | H28: 4872319.7 | I28: 2199555.5 | J28: -1949432 | K28: 13966086 | M28: 9342711.6 | O28: =SUM(F28:N28) -> 38676634 | P28: 9003207 | Q28: 13497.52 | R28: 7673680.5 | S28: 12972.53 | T28: 4546039.5 | U28: 12872.26
A29: =+A28+1 -> 18 | B29: AM15 | C29: AM15: 197 Amortization | D29: SL 15 | E29: MM | F29: 15900000 | G29: 0 | H29: 0 | K29: 0 | M29: 0 | O29: =SUM(F29:N29) -> 15900000 | P29: 1059894 | R29: 1060053 | T29: 1060053
A30: =+A29+1 -> 19 | B30: LH | C30: LH: LH Improv | D30: MACRS 39 | E30: MM | F30: 42773.84 | G30: 9976.32 | H30: 0 | K30: 25686592 | M30: 153213.54 | O30: =SUM(F30:N30) -> 25892555 | P30: 662894.85 | R30: 663885.2 | T30: 663885.53
A31: =+A30+1 -> 20 | B31: LR46 | C31: LR46: Easements 46 Yr | D31: SL 46 | E31: HY | F31: 1230506.4 | G31: 2071283.8 | H31: 6130177.1 | K31: -110121.84 | M31: 8326189.2 | O31: =SUM(F31:N31) -> 17648035 | P31: 346158.18 | R31: 463814.41 | T31: 454988.96
A32: =+A31+1 -> 21 | B32: LR84 | C32: LR84: Easements 84 Yr | D32: SL 84 | E32: HY | F32: 10669200 | G32: 3784851.2 | H32: 17561905 | I32: 1.0001237e+08 | K32: 46742174 | M32: 15495569 | N32: 5751215.3 | O32: =SUM(F32:N32) -> 2.0001728e+08 | P32: 7215863.2 | Q32: 1533463.2 | R32: 7293055 | S32: 1725432.1 | T32: 6577507 | U32: 1692240.7
A33: =+A32+1 -> 22 | B33: ND | C33: ND: Non Depr | D33: None | F33: 8022096.7 | G33: 28547869 | H33: 3043427.7 | I33: 54778215 | J33: -3235813.3 | K33: 15424521 | M33: 33730417 | N33: -5751215.3 | O33: =SUM(F33:N33) -> 1.3455952e+08 | P33: 0 | R33: 0 | T33: 0
A34: =+A33+1 -> 23 | B34: RP | C34: RP: RP 81-86 & Post92 | D34: MACRS 39 | E34: MM | F34: 21658814 | G34: 31181436 | H34: 29050181 | I34: 1.3369469e+08 | J34: -700090.72 | K34: 40037827 | L34: 1146038.8 | M34: 55251619 | N34: -215000 | O34: =SUM(F34:N34) -> 3.1110551e+08 | P34: 3598506.2 | Q34: 3327434.4 | R34: 4539045.6 | S34: 3272797.8 | T34: 4539119 | U34: 3256712
A35: =+A34+1 -> 24 | B35: TOTAL | F35: =SUM(F13:F34) -> 6.8171434e+08 | G35: =SUM(G13:G34) -> 1.311379e+09 | H35: =SUM(H13:H34) -> 1.6667354e+09 | I35: =SUM(I13:I34) -> 1.5080798e+09 | J35: =SUM(J13:J34) -> 614686.02 | K35: =SUM(K13:K34) -> 2.1989718e+09 | L35: =SUM(L13:L34) -> 5465740.5 | M35: =SUM(M13:M34) -> 2.1637482e+09 | ... U35: =SUM(U13:U34) -> 77883584 | V35: 6.0617061e+08 | W35: 1.3986956e+08
A36: =+A35+1 -> 25
A37: =+A36+1 -> 26 | B37: TRAN | E37: =+'[1]II-F Alloc_Factor'!$E$40 -> 0.46423244
A38: =+A37+1 -> 27 | B38: 00.11 | C38: 00.11: Furn, Fixt, Equip | D38: MACRS 7 | E38: HY | F38: =ROUND(+'WP II-E-3.3'!F13*$E$37,2) -> 463092.57 | G38: =ROUND(+'WP II-E-3.3'!G13*$E$37,2) -> 583395.34 | H38: =ROUND(+'WP II-E-3.3'!H13*$E$37,2) -> 1216390.6 | I38: 0 | J38: 0 | K38: =ROUND(+'WP II-E-3.3'!K13*$E$37,2) -> 5251007.6 | L38: 0 | M38: =ROUND(+'WP II-E-3.3'!M13*$E$37,2) -> 2308840.1 | N38: 0 | O38: =SUM(F38:N38) -> 9822726.2 | P38: =ROUND(+'WP II-E-3.3'!P13*$E$37,2) -> 2087433.9 | Q38: 0 | R38: =ROUND(+'WP II-E-3.3'!R13*$E$37,2) -> 1827914.6 | S38: 0 | T38: =ROUND(+'WP II-E-3.3'!T13*$E$37,2) -> 1332006 | U38: 0 | V38: =+'WP II-E-3.3'!V13*$E$37 -> 0 | W38: =+'WP II-E-3.3'!W13*$E$37 -> 0
A39: =+A38+1 -> 28 | B39: 00.12 | C39: 00.12: Info Systems | D39: MACRS 5 | E39: HY | F39: =ROUND(+'WP II-E-3.3'!F14*$E$37,2) -> 5705578.6 | G39: =ROUND(+'WP II-E-3.3'!G14*$E$37,2) -> 2625651.1 | H39: =ROUND(+'WP II-E-3.3'!H14*$E$37,2) -> 4921844.1 | I39: 0 | J39: 0 | K39: =ROUND(+'WP II-E-3.3'!K14*$E$37,2) -> 28652015 | L39: 0 | M39: =ROUND(+'WP II-E-3.3'!M14*$E$37,2) -> 7027356.2 | N39: 0 | O39: =SUM(F39:N39) -> 48932445 | P39: =ROUND(+'WP II-E-3.3'!P14*$E$37,2) -> 14073209 | Q39: 0 | R39: =ROUND(+'WP II-E-3.3'!R14*$E$37,2) -> 10281980 | S39: 0 | T39: =ROUND(+'WP II-E-3.3'!T14*$E$37,2) -> 5961177.8 | U39: 0 | V39: =+'WP II-E-3.3'!V14*$E$37 -> 0 | W39: =+'WP II-E-3.3'!W14*$E$37 -> 0
A40: =+A39+1 -> 29 | B40: 00.21 | C40: 00.21: Airplanes | D40: MACRS 5 | E40: HY | F40: =ROUND(+'WP II-E-3.3'!F15*$E$37,2) -> 0 | G40: =ROUND(+'WP II-E-3.3'!G15*$E$37,2) -> 1215205.5 | H40: =ROUND(+'WP II-E-3.3'!H15*$E$37,2) -> 770614.25 | I40: 0 | J40: 0 | K40: =ROUND(+'WP II-E-3.3'!K15*$E$37,2) -> 0 | L40: 0 | M40: =ROUND(+'WP II-E-3.3'!M15*$E$37,2) -> 0 | N40: 0 | O40: =SUM(F40:N40) -> 1985819.7 | P40: =ROUND(+'WP II-E-3.3'!P15*$E$37,2) -> 287949.61 | Q40: 0 | R40: =ROUND(+'WP II-E-3.3'!R15*$E$37,2) -> 228766.43 | S40: 0 | T40: =ROUND(+'WP II-E-3.3'!T15*$E$37,2) -> 158770.6 | U40: 0 | V40: =+'WP II-E-3.3'!V15*$E$37 -> 0 | W40: =+'WP II-E-3.3'!W15*$E$37 -> 0
A41: =+A40+1 -> 30 | B41: 00.22 | C41: 00.22: Automobiles | D41: MACRS 5 | E41: HY | F41: =ROUND(+'WP II-E-3.3'!F16*$E$37,2) -> 295562.2 | G41: =ROUND(+'WP II-E-3.3'!G16*$E$37,2) -> 152637.23 | H41: =ROUND(+'WP II-E-3.3'!H16*$E$37,2) -> 256773.04 | I41: 0 | J41: 0 | K41: =ROUND(+'WP II-E-3.3'!K16*$E$37,2) -> 962233.59 | L41: 0 | M41: =ROUND(+'WP II-E-3.3'!M16*$E$37,2) -> 465560.48 | N41: 0 | O41: =SUM(F41:N41) -> 2132766.5 | P41: =ROUND(+'WP II-E-3.3'!P16*$E$37,2) -> 549713.71 | Q41: 0 | R41: =ROUND(+'WP II-E-3.3'!R16*$E$37,2) -> 436412.42 | S41: 0 | T41: =ROUND(+'WP II-E-3.3'!T16*$E$37,2) -> 256961.54 | U41: 0 | V41: =+'WP II-E-3.3'!V16*$E$37 -> 0 | W41: =+'WP II-E-3.3'!W16*$E$37 -> 0
A42: =+A41+1 -> 31 | B42: 00.241 | C42: 00.241: Light Trucks | D42: MACRS 5 | E42: HY | F42: =ROUND(+'WP II-E-3.3'!F17*$E$37,2) -> 1019772 | G42: =ROUND(+'WP II-E-3.3'!G17*$E$37,2) -> 143957.98 | H42: =ROUND(+'WP II-E-3.3'!H17*$E$37,2) -> 0 | I42: 0 | J42: 0 | K42: =ROUND(+'WP II-E-3.3'!K17*$E$37,2) -> 553.15 | L42: 0 | M42: =ROUND(+'WP II-E-3.3'!M17*$E$37,2) -> 0 | N42: 0 | O42: =SUM(F42:N42) -> 1164283.1 | P42: =ROUND(+'WP II-E-3.3'!P17*$E$37,2) -> 122776.87 | Q42: 0 | R42: =ROUND(+'WP II-E-3.3'!R17*$E$37,2) -> 106775.95 | S42: 0 | T42: =ROUND(+'WP II-E-3.3'!T17*$E$37,2) -> 8354.87 | U42: 0 | V42: =+'WP II-E-3.3'!V17*$E$37 -> 0 | W42: =+'WP II-E-3.3'!W17*$E$37 -> 0
A43: =+A42+1 -> 32 | B43: 00.242 | C43: 00.242: Heavy Trucks | D43: MACRS 5 | E43: HY | F43: =ROUND(+'WP II-E-3.3'!F18*$E$37,2) -> 314836.5 | G43: =ROUND(+'WP II-E-3.3'!G18*$E$37,2) -> 169643.89 | H43: =ROUND(+'WP II-E-3.3'!H18*$E$37,2) -> 0 | I43: 0 | J43: 0 | K43: =ROUND(+'WP II-E-3.3'!K18*$E$37,2) -> 152372.11 | L43: 0 | M43: =ROUND(+'WP II-E-3.3'!M18*$E$37,2) -> 41888.38 | N43: 0 | O43: =SUM(F43:N43) -> 678740.88 | P43: =ROUND(+'WP II-E-3.3'!P18*$E$37,2) -> 110823.75 | Q43: 0 | R43: =ROUND(+'WP II-E-3.3'!R18*$E$37,2) -> 90095.91 | S43: 0 | T43: =ROUND(+'WP II-E-3.3'!T18*$E$37,2) -> 35707.76 | U43: 0 | V43: =+'WP II-E-3.3'!V18*$E$37 -> 0 | W43: =+'WP II-E-3.3'!W18*$E$37 -> 0
A44: =+A43+1 -> 33 | B44: 00.27 | C44: 00.27: Trailers | D44: MACRS 5 | E44: HY | F44: =ROUND(+'WP II-E-3.3'!F19*$E$37,2) -> 298837.65 | G44: =ROUND(+'WP II-E-3.3'!G19*$E$37,2) -> 663450.89 | H44: =ROUND(+'WP II-E-3.3'!H19*$E$37,2) -> 285619.83 | I44: 0 | J44: 0 | K44: =ROUND(+'WP II-E-3.3'!K19*$E$37,2) -> 343182.6 | L44: 0 | M44: =ROUND(+'WP II-E-3.3'!M19*$E$37,2) -> 84417.11 | N44: 0 | O44: =SUM(F44:N44) -> 1675508.1 | P44: =ROUND(+'WP II-E-3.3'!P19*$E$37,2) -> 282512.92 | Q44: 0 | R44: =ROUND(+'WP II-E-3.3'!R19*$E$37,2) -> 225406.63 | S44: 0 | T44: =ROUND(+'WP II-E-3.3'!T19*$E$37,2) -> 127627.46 | U44: 0 | V44: =+'WP II-E-3.3'!V19*$E$37 -> 0 | W44: =+'WP II-E-3.3'!W19*$E$37 -> 0
A45: =+A44+1 -> 34 | B45: 00.28 | C45: 00.28: Boats | D45: MACRS 10 | E45: HY | F45: =ROUND(+'WP II-E-3.3'!F20*$E$37,2) -> 0 | G45: =ROUND(+'WP II-E-3.3'!G20*$E$37,2) -> 0 | H45: =ROUND(+'WP II-E-3.3'!H20*$E$37,2) -> 14261.91 | I45: 0 | J45: 0 | K45: =ROUND(+'WP II-E-3.3'!K20*$E$37,2) -> 9294.88 | L45: 0 | M45: =ROUND(+'WP II-E-3.3'!M20*$E$37,2) -> 0 | N45: 0 | O45: =SUM(F45:N45) -> 23556.79 | P45: =ROUND(+'WP II-E-3.3'!P20*$E$37,2) -> 4842.18 | Q45: 0 | R45: =ROUND(+'WP II-E-3.3'!R20*$E$37,2) -> 3316.05 | S45: 0 | T45: =ROUND(+'WP II-E-3.3'!T20*$E$37,2) -> 2371.21 | U45: 0 | V45: =+'WP II-E-3.3'!V20*$E$37 -> 0 | W45: =+'WP II-E-3.3'!W20*$E$37 -> 0
A46: =+A45+1 -> 35 | B46: 00.3 | C46: 00.3: Land Improv | D46: MACRS 15 | E46: HY | F46: =ROUND(+'WP II-E-3.3'!F21*$E$37,2) -> 2316286.3 | G46: =ROUND(+'WP II-E-3.3'!G21*$E$37,2) -> 9118069.1 | H46: =ROUND(+'WP II-E-3.3'!H21*$E$37,2) -> 5529583.1 | I46: 0 | J46: 0 | K46: =ROUND(+'WP II-E-3.3'!K21*$E$37,2) -> 14194083 | L46: 0 | M46: =ROUND(+'WP II-E-3.3'!M21*$E$37,2) -> 21680614 | N46: 0 | O46: =SUM(F46:N46) -> 52838636 | P46: =ROUND(+'WP II-E-3.3'!P21*$E$37,2) -> 3785873.5 | Q46: 0 | R46: =ROUND(+'WP II-E-3.3'!R21*$E$37,2) -> 4500242.5 | S46: 0 | T46: =ROUND(+'WP II-E-3.3'!T21*$E$37,2) -> 4039724.2 | U46: 0 | V46: =+'WP II-E-3.3'!V21*$E$37 -> 0 | W46: =+'WP II-E-3.3'!W21*$E$37 -> 0
A47: =+A46+1 -> 36 | B47: 40.4 | C47: 40.4: Railroad Track | D47: MACRS 7 | E47: HY | F47: =ROUND(+'WP II-E-3.3'!F22*$E$37,2) -> 0 | G47: =ROUND(+'WP II-E-3.3'!G22*$E$37,2) -> 0 | H47: =ROUND(+'WP II-E-3.3'!H22*$E$37,2) -> 0 | I47: 0 | J47: 0 | K47: =ROUND(+'WP II-E-3.3'!K22*$E$37,2) -> -840.05 | L47: 0 | M47: =ROUND(+'WP II-E-3.3'!M22*$E$37,2) -> 0 | N47: 0 | O47: =SUM(F47:N47) -> -840.05 | P47: =ROUND(+'WP II-E-3.3'!P22*$E$37,2) -> -231.44 | Q47: 0 | R47: =ROUND(+'WP II-E-3.3'!R22*$E$37,2) -> -165.32 | S47: 0 | T47: =ROUND(+'WP II-E-3.3'!T22*$E$37,2) -> -118.08 | U47: 0 | V47: =+'WP II-E-3.3'!V22*$E$37 -> 0 | W47: =+'WP II-E-3.3'!W22*$E$37 -> 0
A48: =+A47+1 -> 37 | B48: 49.14 | C48: 49.14: Trans & Dist Plnt | D48: MACRS 20 | E48: HY | F48: =ROUND(+'WP II-E-3.3'!F23*$E$37,2) -> 1.1597265e+08 | G48: =ROUND(+'WP II-E-3.3'!G23*$E$37,2) -> 2.2944661e+08 | H48: =ROUND(+'WP II-E-3.3'!H23*$E$37,2) -> 2.8410582e+08 | I48: 0 | J48: 0 | K48: =ROUND(+'WP II-E-3.3'!K23*$E$37,2) -> 3.5937998e+08 | L48: 0 | M48: =ROUND(+'WP II-E-3.3'!M23*$E$37,2) -> 3.764369e+08 | N48: 0 | O48: =SUM(F48:N48) -> 1.365342e+09 | P48: =ROUND(+'WP II-E-3.3'!P23*$E$37,2) -> 79196505 | Q48: 0 | R48: =ROUND(+'WP II-E-3.3'!R23*$E$37,2) -> 87207810 | S48: 0 | T48: =ROUND(+'WP II-E-3.3'!T23*$E$37,2) -> 80664186 | U48: 0 | V48: =+'WP II-E-3.3'!V23*$E$37 -> 0 | W48: =+'WP II-E-3.3'!W23*$E$37 -> 0
A49: =+A48+1 -> 38 | B49: 49.14A | C49: 49.14A: Trans 4/05-1/11 | D49: MACRS 15 | E49: HY | F49: =ROUND(+'WP II-E-3.3'!F24*$E$37,2) -> 1.4440912e+08 | G49: =ROUND(+'WP II-E-3.3'!G24*$E$37,2) -> 2.9341814e+08 | H49: =ROUND(+'WP II-E-3.3'!H24*$E$37,2) -> 3.9816019e+08 | I49: 0 | J49: 0 | K49: =ROUND(+'WP II-E-3.3'!K24*$E$37,2) -> 4.918971e+08 | L49: 0 | M49: =ROUND(+'WP II-E-3.3'!M24*$E$37,2) -> 4.8462868e+08 | N49: 0 | O49: =SUM(F49:N49) -> 1.8125132e+09 | P49: =ROUND(+'WP II-E-3.3'!P24*$E$37,2) -> 1.3779195e+08 | Q49: 0 | R49: =ROUND(+'WP II-E-3.3'!R24*$E$37,2) -> 1.4854071e+08 | S49: 0 | T49: =ROUND(+'WP II-E-3.3'!T24*$E$37,2) -> 1.3375744e+08 | U49: 0 | V49: =+'WP II-E-3.3'!V24*$E$37 -> 0 | W49: =+'WP II-E-3.3'!W24*$E$37 -> 0
... A57: =+A56+1 -> 46 | B57: LR84 | C57: LR84: Easements 84 Yr | D57: SL 84 | E57: HY | F57: =ROUND(+'WP II-E-3.3'!F32*$E$37,2) -> 4952989 | G57: =ROUND(+'WP II-E-3.3'!G32*$E$37,2) -> 1757050.7 | H57: =ROUND(+'WP II-E-3.3'!H32*$E$37,2) -> 8152806.2 | I57: 0 | J57: 0 | K57: =ROUND(+'WP II-E-3.3'!K32*$E$37,2) -> 21699234 | L57: 0 | M57: =ROUND(+'WP II-E-3.3'!M32*$E$37,2) -> 7193545.9 | N57: 0 | O57: =SUM(F57:N57) -> 43755626 | P57: =ROUND(+'WP II-E-3.3'!P32*$E$37,2) -> 3349837.8 | Q57: 0 | R57: =ROUND(+'WP II-E-3.3'!R32*$E$37,2) -> 3385672.7 | S57: 0 | T57: =ROUND(+'WP II-E-3.3'!T32*$E$37,2) -> 3053492.1 | U57: 0 | V57: =+'WP II-E-3.3'!V32*$E$37 -> 0 | W57: =+'WP II-E-3.3'!W32*$E$37 -> 0
A58: =+A57+1 -> 47 | B58: ND | C58: ND: Non Depr | D58: None | F58: =ROUND(+'WP II-E-3.3'!F33*$E$37,2) -> 3724117.5 | G58: =ROUND(+'WP II-E-3.3'!G33*$E$37,2) -> 13252847 | H58: =ROUND(+'WP II-E-3.3'!H33*$E$37,2) -> 1412857.9 | I58: 0 | J58: 0 | K58: =ROUND(+'WP II-E-3.3'!K33*$E$37,2) -> 7160563.1 | L58: 0 | M58: =ROUND(+'WP II-E-3.3'!M33*$E$37,2) -> 15658754 | N58: 0 | O58: =SUM(F58:N58) -> 41209139 | P58: =ROUND(+'WP II-E-3.3'!P33*$E$37,2) -> 0 | Q58: 0 | R58: =ROUND(+'WP II-E-3.3'!R33*$E$37,2) -> 0 | S58: 0 | T58: =ROUND(+'WP II-E-3.3'!T33*$E$37,2) -> 0 | U58: 0 | V58: =+'WP II-E-3.3'!V33*$E$37 -> 0 | W58: =+'WP II-E-3.3'!W33*$E$37 -> 0
A59: =+A58+1 -> 48 | B59: RP | C59: RP: RP 81-86 & Post92 | D59: MACRS 39 | E59: MM | F59: =ROUND(+'WP II-E-3.3'!F34*$E$37,2) -> 10054724 | G59: =ROUND(+'WP II-E-3.3'!G34*$E$37,2) -> 14475434 | H59: =ROUND(+'WP II-E-3.3'!H34*$E$37,2) -> 13486037 | I59: 0 | J59: 0 | K59: =ROUND(+'WP II-E-3.3'!K34*$E$37,2) -> 18586858 | L59: 0 | M59: =ROUND(+'WP II-E-3.3'!M34*$E$37,2) -> 25649594 | N59: 0 | O59: =SUM(F59:N59) -> 82252648 | P59: =ROUND(+'WP II-E-3.3'!P34*$E$37,2) -> 1670543.4 | Q59: 0 | R59: =ROUND(+'WP II-E-3.3'!R34*$E$37,2) -> 2107172.2 | S59: 0 | T59: =ROUND(+'WP II-E-3.3'!T34*$E$37,2) -> 2107206.3 | U59: 0 | V59: =+'WP II-E-3.3'!V34*$E$37 -> 0 | W59: =+'WP II-E-3.3'!W34*$E$37 -> 0
A60: =+A59+1 -> 49 | B60: TRAN TOTAL | F60: =SUM(F38:F59) -> 3.1647391e+08 | G60: =SUM(G38:G59) -> 6.0878466e+08 | H60: =SUM(H38:H59) -> 7.7375266e+08 | I60: =SUM(I38:I59) -> 0 | J60: =SUM(J38:J59) -> 0 | K60: =SUM(K38:K59) -> 1.0208341e+09 | L60: =SUM(L38:L59) -> 0 | M60: =SUM(M38:M59) -> 1.0044821e+09 | ... U60: =SUM(U38:U59) -> 0 | V60: =ROUND(+V35*$E$37,2) -> 2.8140406e+08 | W60: 0
A61: =+A60+1 -> 50
A62: =+A61+1 -> 51 | B62: NTU TRAN | E62: =+'[1]II-F Alloc_Factor'!$F$41 -> 0.92440611
A63: =+A62+1 -> 52 | B63: 00.11 | C63: 00.11: Furn, Fixt, Equip | D63: MACRS 7 | E63: HY | F63: 0 | G63: 0 | H63: 0 | I63: =ROUND(+I13*$E$62,2) -> 3736570.5 | J63: =ROUND(+J13*$E$62,2) -> -1068749.7 | K63: 0 | L63: =ROUND(+L13*$E$62,2) -> 21731.93 | M63: 0 | N63: =ROUND(+N13*$E$62,2) -> 0 | O63: =SUM(F63:N63) -> 2689552.6 | P63: 0 | Q63: =ROUND(+Q13*$E$62,2) -> 210970.61 | R63: 0 | S63: =ROUND(+S13*$E$62,2) -> 90141.51 | T63: 0 | U63: =ROUND(+U13*$E$62,2) -> 78590.72
A64: =+A63+1 -> 53 | B64: 00.12 | C64: 00.12: Info Systems | D64: MACRS 5 | E64: HY | F64: 0 | G64: 0 | H64: 0 | I64: =ROUND(+I14*$E$62,2) -> 6778.25 | J64: =ROUND(+J14*$E$62,2) -> 0 | K64: 0 | L64: =ROUND(+L14*$E$62,2) -> 0 | M64: 0 | N64: =ROUND(+N14*$E$62,2) -> 0 | O64: =SUM(F64:N64) -> 6778.25 | P64: 0 | Q64: =ROUND(+Q14*$E$62,2) -> 420.46 | R64: 0 | S64: =ROUND(+S14*$E$62,2) -> 420.46 | T64: 0 | U64: =ROUND(+U14*$E$62,2) -> 420.46
A65: =+A64+1 -> 54 | B65: 00.21 | C65: 00.21: Airplanes | D65: MACRS 5 | E65: HY | F65: 0 | G65: 0 | H65: 0 | I65: =ROUND(+I15*$E$62,2) -> 0 | J65: =ROUND(+J15*$E$62,2) -> 0 | K65: 0 | L65: =ROUND(+L15*$E$62,2) -> 0 | M65: 0 | N65: =ROUND(+N15*$E$62,2) -> 0 | O65: =SUM(F65:N65) -> 0 | P65: 0 | Q65: =ROUND(+Q15*$E$62,2) -> 0 | R65: 0 | S65: =ROUND(+S15*$E$62,2) -> 0 | T65: 0 | U65: =ROUND(+U15*$E$62,2) -> 0
A66: =+A65+1 -> 55 | B66: 00.22 | C66: 00.22: Automobiles | D66: MACRS 5 | E66: HY | F66: 0 | G66: 0 | H66: 0 | I66: =ROUND(+I16*$E$62,2) -> 0 | J66: =ROUND(+J16*$E$62,2) -> 0 | K66: 0 | L66: =ROUND(+L16*$E$62,2) -> 51294.23 | M66: 0 | N66: =ROUND(+N16*$E$62,2) -> 0 | O66: =SUM(F66:N66) -> 51294.23 | P66: 0 | Q66: =ROUND(+Q16*$E$62,2) -> 13336.5 | R66: 0 | S66: =ROUND(+S16*$E$62,2) -> 8001.9 | T66: 0 | U66: =ROUND(+U16*$E$62,2) -> 5647.49
A67: =+A66+1 -> 56 | B67: 00.241 | C67: 00.241: Light Trucks | D67: MACRS 5 | E67: HY | F67: 0 | G67: 0 | H67: 0 | I67: =ROUND(+I17*$E$62,2) -> 965579.59 | J67: =ROUND(+J17*$E$62,2) -> -65497.4 | K67: 0 | L67: =ROUND(+L17*$E$62,2) -> 0 | M67: 0 | N67: =ROUND(+N17*$E$62,2) -> 0 | O67: =SUM(F67:N67) -> 900082.19 | P67: 0 | Q67: =ROUND(+Q17*$E$62,2) -> 49234.97 | R67: 0 | S67: =ROUND(+S17*$E$62,2) -> 47753.41 | T67: 0 | U67: =ROUND(+U17*$E$62,2) -> 47753.41
A68: =+A67+1 -> 57 | B68: 00.242 | C68: 00.242: Heavy Trucks | D68: MACRS 5 | E68: HY | F68: 0 | G68: 0 | H68: 0 | I68: =ROUND(+I18*$E$62,2) -> 0 | J68: =ROUND(+J18*$E$62,2) -> 0 | K68: 0 | L68: =ROUND(+L18*$E$62,2) -> 0 | M68: 0 | N68: =ROUND(+N18*$E$62,2) -> 0 | O68: =SUM(F68:N68) -> 0 | P68: 0 | Q68: =ROUND(+Q18*$E$62,2) -> 0 | R68: 0 | S68: =ROUND(+S18*$E$62,2) -> 0 | T68: 0 | U68: =ROUND(+U18*$E$62,2) -> 0
A69: =+A68+1 -> 58 | B69: 00.27 | C69: 00.27: Trailers | D69: MACRS 5 | E69: HY | F69: 0 | G69: 0 | H69: 0 | I69: =ROUND(+I19*$E$62,2) -> 0 | J69: =ROUND(+J19*$E$62,2) -> 0 | K69: 0 | L69: =ROUND(+L19*$E$62,2) -> 48909.37 | M69: 0 | N69: =ROUND(+N19*$E$62,2) -> 0 | O69: =SUM(F69:N69) -> 48909.37 | P69: 0 | Q69: =ROUND(+Q19*$E$62,2) -> 18585.55 | R69: 0 | S69: =ROUND(+S19*$E$62,2) -> 11151.33 | T69: 0 | U69: =ROUND(+U19*$E$62,2) -> 6690.81
A70: =+A69+1 -> 59 | B70: 00.28 | C70: 00.28: Boats | D70: MACRS 10 | E70: HY | F70: 0 | G70: 0 | H70: 0 | I70: =ROUND(+I20*$E$62,2) -> 0 | J70: =ROUND(+J20*$E$62,2) -> 0 | K70: 0 | L70: =ROUND(+L20*$E$62,2) -> 0 | M70: 0 | N70: =ROUND(+N20*$E$62,2) -> 0 | O70: =SUM(F70:N70) -> 0 | P70: 0 | Q70: =ROUND(+Q20*$E$62,2) -> 0 | R70: 0 | S70: =ROUND(+S20*$E$62,2) -> 0 | T70: 0 | U70: =ROUND(+U20*$E$62,2) -> 0
A71: =+A70+1 -> 60 | B71: 00.3 | C71: 00.3: Land Improv | D71: MACRS 15 | E71: HY | F71: 0 | G71: 0 | H71: 0 | I71: =ROUND(+I21*$E$62,2) -> 8372404.9 | J71: =ROUND(+J21*$E$62,2) -> 0 | K71: 0 | L71: =ROUND(+L21*$E$62,2) -> 0 | M71: 0 | N71: =ROUND(+N21*$E$62,2) -> 0 | O71: =SUM(F71:N71) -> 8372404.9 | P71: 0 | Q71: =ROUND(+Q21*$E$62,2) -> 545909.2 | R71: 0 | S71: =ROUND(+S21*$E$62,2) -> 515411.22 | T71: 0 | U71: =ROUND(+U21*$E$62,2) -> 494631.28
A72: =+A71+1 -> 61 | B72: 40.4 | C72: 40.4: Railroad Track | D72: MACRS 7 | E72: HY | F72: 0 | G72: 0 | H72: 0 | I72: =ROUND(+I22*$E$62,2) -> 0 | J72: =ROUND(+J22*$E$62,2) -> 0 | K72: 0 | L72: =ROUND(+L22*$E$62,2) -> 0 | M72: 0 | N72: =ROUND(+N22*$E$62,2) -> 0 | O72: =SUM(F72:N72) -> 0 | P72: 0 | Q72: =ROUND(+Q22*$E$62,2) -> 0 | R72: 0 | S72: =ROUND(+S22*$E$62,2) -> 0 | T72: 0 | U72: =ROUND(+U22*$E$62,2) -> 0
A73: =+A72+1 -> 62 | B73: 49.14 | C73: 49.14: Trans & Dist Plnt | D73: MACRS 20 | E73: HY | F73: 0 | G73: 0 | H73: 0 | I73: =ROUND(+I23*$E$62,2) -> 64089030 | J73: =ROUND(+J23*$E$62,2) -> -36149.19 | K73: 0 | L73: =ROUND(+L23*$E$62,2) -> -619785.72 | M73: 0 | N73: =ROUND(+N23*$E$62,2) -> 69680.61 | O73: =SUM(F73:N73) -> 63502775 | P73: 0 | Q73: =ROUND(+Q23*$E$62,2) -> 2840115.1 | R73: 0 | S73: =ROUND(+S23*$E$62,2) -> 2696446.4 | T73: 0 | U73: =ROUND(+U23*$E$62,2) -> 2755613.1
A74: =+A73+1 -> 63 | B74: 49.14A | C74: 49.14A: Trans 4/05-1/11 | D74: MACRS 15 | E74: HY | F74: 0 | G74: 0 | H74: 0 | I74: =ROUND(+I24*$E$62,2) -> 1.0481903e+09 | J74: =ROUND(+J24*$E$62,2) -> 7163528.4 | K74: 0 | L74: =ROUND(+L24*$E$62,2) -> 4491008.8 | M74: 0 | N74: =ROUND(+N24*$E$62,2) -> -910700.14 | O74: =SUM(F74:N74) -> 1.0589341e+09 | P74: 0 | Q74: =ROUND(+Q24*$E$62,2) -> 69350531 | R74: 0 | S74: =ROUND(+S24*$E$62,2) -> 66307571 | T74: 0 | U74: =ROUND(+U24*$E$62,2) -> 64018018
... A82: =+A81+1 -> 71 | B82: LR84 | C82: LR84: Easements 84 Yr | D82: SL 84 | E82: HY | F82: 0 | G82: 0 | H82: 0 | I82: =ROUND(+I32*$E$62,2) -> 92452042 | J82: =ROUND(+J32*$E$62,2) -> 0 | K82: 0 | L82: =ROUND(+L32*$E$62,2) -> 0 | M82: 0 | N82: =ROUND(+N32*$E$62,2) -> 5316458.5 | O82: =SUM(F82:N82) -> 97768501 | P82: 0 | Q82: =ROUND(+Q32*$E$62,2) -> 1417542.7 | R82: 0 | S82: =ROUND(+S32*$E$62,2) -> 1595000 | T82: 0 | U82: =ROUND(+U32*$E$62,2) -> 1564317.7
A83: =+A82+1 -> 72 | B83: ND | C83: ND: Non Depr | D83: None | F83: 0 | G83: 0 | H83: 0 | I83: =ROUND(+I33*$E$62,2) -> 50637317 | J83: =ROUND(+J33*$E$62,2) -> -2991205.6 | K83: 0 | L83: =ROUND(+L33*$E$62,2) -> 0 | M83: 0 | N83: =ROUND(+N33*$E$62,2) -> -5316458.5 | O83: =SUM(F83:N83) -> 42329653 | P83: 0 | Q83: =ROUND(+Q33*$E$62,2) -> 0 | R83: 0 | S83: =ROUND(+S33*$E$62,2) -> 0 | T83: 0 | U83: =ROUND(+U33*$E$62,2) -> 0
A84: =+A83+1 -> 73 | B84: RP | C84: RP: RP 81-86 & Post92 | D84: MACRS 39 | E84: MM | F84: 0 | G84: 0 | H84: 0 | I84: =ROUND(+I34*$E$62,2) -> 1.2358819e+08 | J84: =ROUND(+J34*$E$62,2) -> -647168.14 | K84: 0 | L84: =ROUND(+L34*$E$62,2) -> 1059405.3 | M84: 0 | N84: =ROUND(+N34*$E$62,2) -> -198747.31 | O84: =SUM(F84:N84) -> 1.2380168e+08 | P84: 0 | Q84: =ROUND(+Q34*$E$62,2) -> 3075900.6 | R84: 0 | S84: =ROUND(+S34*$E$62,2) -> 3025394.3 | T84: 0 | U84: =ROUND(+U34*$E$62,2) -> 3010524.4
A85: =+A84+1 -> 74 | B85: NTU TRAN TOTAL | F85: =SUM(F63:F84) -> 0 | G85: =SUM(G63:G84) -> 0 | H85: =SUM(H63:H84) -> 0 | I85: =SUM(I63:I84) -> 1.3940782e+09 | J85: =SUM(J63:J84) -> 568219.51 | K85: =SUM(K63:K84) -> 0 | L85: =SUM(L63:L84) -> 5052563.9 | M85: =SUM(M63:M84) -> 0 | ... V85: =SUM(V63:V84) -> 0 | W85: =ROUND(W35*$E$62,2) -> 1.2929628e+08
A86: =+A85+1 -> 75
A87: =+A86+1 -> 76 | B87: DC Tie | E87: =+'[1]II-F Alloc_Factor'!$G$40 -> 0.00059225955
A88: =+A87+1 -> 77 | B88: 00.11 | C88: 00.11: Furn, Fixt, Equip | D88: MACRS 7 | E88: HY | F88: =ROUND(+'WP II-E-3.3'!F13*$E$87,2) -> 590.81 | G88: =ROUND(+'WP II-E-3.3'!G13*$E$87,2) -> 744.29 | H88: =ROUND(+'WP II-E-3.3'!H13*$E$87,2) -> 1551.85 | I88: 0 | J88: 0 | K88: =ROUND(+'WP II-E-3.3'!K13*$E$87,2) -> 6699.14 | L88: 0 | M88: =ROUND(+'WP II-E-3.3'!M13*$E$87,2) -> 2945.58 | N88: 0 | O88: =SUM(F88:N88) -> 12531.67 | P88: =ROUND(+'WP II-E-3.3'!P13*$E$87,2) -> 2663.11 | Q88: 0 | R88: =ROUND(+'WP II-E-3.3'!R13*$E$87,2) -> 2332.02 | S88: 0 | T88: =ROUND(+'WP II-E-3.3'!T13*$E$87,2) -> 1699.35 | U88: 0
A89: =+A88+1 -> 78 | B89: 00.12 | C89: 00.12: Info Systems | D89: MACRS 5 | E89: HY | F89: =ROUND(+'WP II-E-3.3'!F14*$E$87,2) -> 7279.08 | G89: =ROUND(+'WP II-E-3.3'!G14*$E$87,2) -> 3349.76 | H89: =ROUND(+'WP II-E-3.3'!H14*$E$87,2) -> 6279.2 | I89: 0 | J89: 0 | K89: =ROUND(+'WP II-E-3.3'!K14*$E$87,2) -> 36553.73 | L89: 0 | M89: =ROUND(+'WP II-E-3.3'!M14*$E$87,2) -> 8965.38 | N89: 0 | O89: =SUM(F89:N89) -> 62427.15 | P89: =ROUND(+'WP II-E-3.3'!P14*$E$87,2) -> 17954.35 | Q89: 0 | R89: =ROUND(+'WP II-E-3.3'!R14*$E$87,2) -> 13117.57 | S89: 0 | T89: =ROUND(+'WP II-E-3.3'!T14*$E$87,2) -> 7605.17 | U89: 0
A90: =+A89+1 -> 79 | B90: 00.21 | C90: 00.21: Airplanes | D90: MACRS 5 | E90: HY | F90: =ROUND(+'WP II-E-3.3'!F15*$E$87,2) -> 0 | G90: =ROUND(+'WP II-E-3.3'!G15*$E$87,2) -> 1550.34 | H90: =ROUND(+'WP II-E-3.3'!H15*$E$87,2) -> 983.14 | I90: 0 | J90: 0 | K90: =ROUND(+'WP II-E-3.3'!K15*$E$87,2) -> 0 | L90: 0 | M90: =ROUND(+'WP II-E-3.3'!M15*$E$87,2) -> 0 | N90: 0 | O90: =SUM(F90:N90) -> 2533.48 | P90: =ROUND(+'WP II-E-3.3'!P15*$E$87,2) -> 367.36 | Q90: 0 | R90: =ROUND(+'WP II-E-3.3'!R15*$E$87,2) -> 291.86 | S90: 0 | T90: =ROUND(+'WP II-E-3.3'!T15*$E$87,2) -> 202.56 | U90: 0
A91: =+A90+1 -> 80 | B91: 00.22 | C91: 00.22: Automobiles | D91: MACRS 5 | E91: HY | F91: =ROUND(+'WP II-E-3.3'!F16*$E$87,2) -> 377.07 | G91: =ROUND(+'WP II-E-3.3'!G16*$E$87,2) -> 194.73 | H91: =ROUND(+'WP II-E-3.3'!H16*$E$87,2) -> 327.59 | I91: 0 | J91: 0 | K91: =ROUND(+'WP II-E-3.3'!K16*$E$87,2) -> 1227.6 | L91: 0 | M91: =ROUND(+'WP II-E-3.3'!M16*$E$87,2) -> 593.95 | N91: 0 | O91: =SUM(F91:N91) -> 2720.94 | P91: =ROUND(+'WP II-E-3.3'!P16*$E$87,2) -> 701.32 | Q91: 0 | R91: =ROUND(+'WP II-E-3.3'!R16*$E$87,2) -> 556.77 | S91: 0 | T91: =ROUND(+'WP II-E-3.3'!T16*$E$87,2) -> 327.83 | U91: 0
A92: =+A91+1 -> 81 | B92: 00.241 | C92: 00.241: Light Trucks | D92: MACRS 5 | E92: HY | F92: =ROUND(+'WP II-E-3.3'!F17*$E$87,2) -> 1301.01 | G92: =ROUND(+'WP II-E-3.3'!G17*$E$87,2) -> 183.66 | H92: =ROUND(+'WP II-E-3.3'!H17*$E$87,2) -> 0 | I92: 0 | J92: 0 | K92: =ROUND(+'WP II-E-3.3'!K17*$E$87,2) -> 0.71 | L92: 0 | M92: =ROUND(+'WP II-E-3.3'!M17*$E$87,2) -> 0 | N92: 0 | O92: =SUM(F92:N92) -> 1485.38 | P92: =ROUND(+'WP II-E-3.3'!P17*$E$87,2) -> 156.64 | Q92: 0 | R92: =ROUND(+'WP II-E-3.3'!R17*$E$87,2) -> 136.22 | S92: 0 | T92: =ROUND(+'WP II-E-3.3'!T17*$E$87,2) -> 10.66 | U92: 0
A93: =+A92+1 -> 82 | B93: 00.242 | C93: 00.242: Heavy Trucks | D93: MACRS 5 | E93: HY | F93: =ROUND(+'WP II-E-3.3'!F18*$E$87,2) -> 401.66 | G93: =ROUND(+'WP II-E-3.3'!G18*$E$87,2) -> 216.43 | H93: =ROUND(+'WP II-E-3.3'!H18*$E$87,2) -> 0 | I93: 0 | J93: 0 | K93: =ROUND(+'WP II-E-3.3'!K18*$E$87,2) -> 194.39 | L93: 0 | M93: =ROUND(+'WP II-E-3.3'!M18*$E$87,2) -> 53.44 | N93: 0 | O93: =SUM(F93:N93) -> 865.92 | P93: =ROUND(+'WP II-E-3.3'!P18*$E$87,2) -> 141.39 | Q93: 0 | R93: =ROUND(+'WP II-E-3.3'!R18*$E$87,2) -> 114.94 | S93: 0 | T93: =ROUND(+'WP II-E-3.3'!T18*$E$87,2) -> 45.56 | U93: 0
A94: =+A93+1 -> 83 | B94: 00.27 | C94: 00.27: Trailers | D94: MACRS 5 | E94: HY | F94: =ROUND(+'WP II-E-3.3'!F19*$E$87,2) -> 381.25 | G94: =ROUND(+'WP II-E-3.3'!G19*$E$87,2) -> 846.42 | H94: =ROUND(+'WP II-E-3.3'!H19*$E$87,2) -> 364.39 | I94: 0 | J94: 0 | K94: =ROUND(+'WP II-E-3.3'!K19*$E$87,2) -> 437.83 | L94: 0 | M94: =ROUND(+'WP II-E-3.3'!M19*$E$87,2) -> 107.7 | N94: 0 | O94: =SUM(F94:N94) -> 2137.59 | P94: =ROUND(+'WP II-E-3.3'!P19*$E$87,2) -> 360.42 | Q94: 0 | R94: =ROUND(+'WP II-E-3.3'!R19*$E$87,2) -> 287.57 | S94: 0 | T94: =ROUND(+'WP II-E-3.3'!T19*$E$87,2) -> 162.82 | U94: 0
A95: =+A94+1 -> 84 | B95: 00.28 | C95: 00.28: Boats | D95: MACRS 10 | E95: HY | F95: =ROUND(+'WP II-E-3.3'!F20*$E$87,2) -> 0 | G95: =ROUND(+'WP II-E-3.3'!G20*$E$87,2) -> 0 | H95: =ROUND(+'WP II-E-3.3'!H20*$E$87,2) -> 18.2 | I95: 0 | J95: 0 | K95: =ROUND(+'WP II-E-3.3'!K20*$E$87,2) -> 11.86 | L95: 0 | M95: =ROUND(+'WP II-E-3.3'!M20*$E$87,2) -> 0 | N95: 0 | O95: =SUM(F95:N95) -> 30.06 | P95: =ROUND(+'WP II-E-3.3'!P20*$E$87,2) -> 6.18 | Q95: 0 | R95: =ROUND(+'WP II-E-3.3'!R20*$E$87,2) -> 4.23 | S95: 0 | T95: =ROUND(+'WP II-E-3.3'!T20*$E$87,2) -> 3.03 | U95: 0
A96: =+A95+1 -> 85 | B96: 00.3 | C96: 00.3: Land Improv | D96: MACRS 15 | E96: HY | F96: =ROUND(+'WP II-E-3.3'!F21*$E$87,2) -> 2955.08 | G96: =ROUND(+'WP II-E-3.3'!G21*$E$87,2) -> 11632.67 | H96: =ROUND(+'WP II-E-3.3'!H21*$E$87,2) -> 7054.54 | I96: 0 | J96: 0 | K96: =ROUND(+'WP II-E-3.3'!K21*$E$87,2) -> 18108.56 | L96: 0 | M96: =ROUND(+'WP II-E-3.3'!M21*$E$87,2) -> 27659.74 | N96: 0 | O96: =SUM(F96:N96) -> 67410.59 | P96: =ROUND(+'WP II-E-3.3'!P21*$E$87,2) -> 4829.95 | Q96: 0 | R96: =ROUND(+'WP II-E-3.3'!R21*$E$87,2) -> 5741.33 | S96: 0 | T96: =ROUND(+'WP II-E-3.3'!T21*$E$87,2) -> 5153.81 | U96: 0
A97: =+A96+1 -> 86 | B97: 40.4 | C97: 40.4: Railroad Track | D97: MACRS 7 | E97: HY | F97: =ROUND(+'WP II-E-3.3'!F22*$E$87,2) -> 0 | G97: =ROUND(+'WP II-E-3.3'!G22*$E$87,2) -> 0 | H97: =ROUND(+'WP II-E-3.3'!H22*$E$87,2) -> 0 | I97: 0 | J97: 0 | K97: =ROUND(+'WP II-E-3.3'!K22*$E$87,2) -> -1.07 | L97: 0 | M97: =ROUND(+'WP II-E-3.3'!M22*$E$87,2) -> 0 | N97: 0 | O97: =SUM(F97:N97) -> -1.07 | P97: =ROUND(+'WP II-E-3.3'!P22*$E$87,2) -> -0.3 | Q97: 0 | R97: =ROUND(+'WP II-E-3.3'!R22*$E$87,2) -> -0.21 | S97: 0 | T97: =ROUND(+'WP II-E-3.3'!T22*$E$87,2) -> -0.15 | U97: 0
A98: =+A97+1 -> 87 | B98: 49.14 | C98: 49.14: Trans & Dist Plnt | D98: MACRS 20 | E98: HY | F98: =ROUND(+'WP II-E-3.3'!F23*$E$87,2) -> 147955.86 | G98: =ROUND(+'WP II-E-3.3'!G23*$E$87,2) -> 292723.93 | H98: =ROUND(+'WP II-E-3.3'!H23*$E$87,2) -> 362457.19 | I98: 0 | J98: 0 | K98: =ROUND(+'WP II-E-3.3'!K23*$E$87,2) -> 458490.63 | L98: 0 | M98: =ROUND(+'WP II-E-3.3'!M23*$E$87,2) -> 480251.55 | N98: 0 | O98: =SUM(F98:N98) -> 1741879.2 | P98: =ROUND(+'WP II-E-3.3'!P23*$E$87,2) -> 101037.5 | Q98: 0 | R98: =ROUND(+'WP II-E-3.3'!R23*$E$87,2) -> 111258.18 | S98: 0 | T98: =ROUND(+'WP II-E-3.3'!T23*$E$87,2) -> 102909.94 | U98: 0
A99: =+A98+1 -> 88 | B99: 49.14A | C99: 49.14A: Trans 4/05-1/11 | D99: MACRS 15 | E99: HY | F99: =ROUND(+'WP II-E-3.3'!F24*$E$87,2) -> 184234.6 | G99: =ROUND(+'WP II-E-3.3'!G24*$E$87,2) -> 374337.68 | H99: =ROUND(+'WP II-E-3.3'!H24*$E$87,2) -> 507965.74 | I99: 0 | J99: 0 | K99: =ROUND(+'WP II-E-3.3'!K24*$E$87,2) -> 627553.63 | L99: 0 | M99: =ROUND(+'WP II-E-3.3'!M24*$E$87,2) -> 618280.71 | N99: 0 | O99: =SUM(F99:N99) -> 2312372.4 | P99: =ROUND(+'WP II-E-3.3'!P24*$E$87,2) -> 175792.54 | Q99: 0 | R99: =ROUND(+'WP II-E-3.3'!R24*$E$87,2) -> 189505.61 | S99: 0 | T99: =ROUND(+'WP II-E-3.3'!T24*$E$87,2) -> 170645.37 | U99: 0
... A107: =+A106+1 -> 96 | B107: LR84 | C107: LR84: Easements 84 Yr | D107: SL 84 | E107: HY | F107: =ROUND(+'WP II-E-3.3'!F32*$E$87,2) -> 6318.94 | G107: =ROUND(+'WP II-E-3.3'!G32*$E$87,2) -> 2241.61 | H107: =ROUND(+'WP II-E-3.3'!H32*$E$87,2) -> 10401.21 | I107: 0 | J107: 0 | K107: =ROUND(+'WP II-E-3.3'!K32*$E$87,2) -> 27683.5 | L107: 0 | M107: =ROUND(+'WP II-E-3.3'!M32*$E$87,2) -> 9177.4 | N107: 0 | O107: =SUM(F107:N107) -> 55822.66 | P107: =ROUND(+'WP II-E-3.3'!P32*$E$87,2) -> 4273.66 | Q107: 0 | R107: =ROUND(+'WP II-E-3.3'!R32*$E$87,2) -> 4319.38 | S107: 0 | T107: =ROUND(+'WP II-E-3.3'!T32*$E$87,2) -> 3895.59 | U107: 0
A108: =+A107+1 -> 97 | B108: ND | C108: ND: Non Depr | D108: None | F108: =ROUND(+'WP II-E-3.3'!F33*$E$87,2) -> 4751.16 | G108: =ROUND(+'WP II-E-3.3'!G33*$E$87,2) -> 16907.75 | H108: =ROUND(+'WP II-E-3.3'!H33*$E$87,2) -> 1802.5 | I108: 0 | J108: 0 | K108: =ROUND(+'WP II-E-3.3'!K33*$E$87,2) -> 9135.32 | L108: 0 | M108: =ROUND(+'WP II-E-3.3'!M33*$E$87,2) -> 19977.16 | N108: 0 | O108: =SUM(F108:N108) -> 52573.89 | P108: =ROUND(+'WP II-E-3.3'!P33*$E$87,2) -> 0 | Q108: 0 | R108: =ROUND(+'WP II-E-3.3'!R33*$E$87,2) -> 0 | S108: 0 | T108: =ROUND(+'WP II-E-3.3'!T33*$E$87,2) -> 0 | U108: 0
A109: =+A108+1 -> 98 | B109: RP | C109: RP: RP 81-86 & Post92 | D109: MACRS 39 | E109: MM | F109: =ROUND(+'WP II-E-3.3'!F34*$E$87,2) -> 12827.64 | G109: =ROUND(+'WP II-E-3.3'!G34*$E$87,2) -> 18467.5 | H109: =ROUND(+'WP II-E-3.3'!H34*$E$87,2) -> 17205.25 | I109: 0 | J109: 0 | K109: =ROUND(+'WP II-E-3.3'!K34*$E$87,2) -> 23712.79 | L109: 0 | M109: =ROUND(+'WP II-E-3.3'!M34*$E$87,2) -> 32723.3 | N109: 0 | O109: =SUM(F109:N109) -> 104936.48 | P109: =ROUND(+'WP II-E-3.3'!P34*$E$87,2) -> 2131.25 | Q109: 0 | R109: =ROUND(+'WP II-E-3.3'!R34*$E$87,2) -> 2688.29 | S109: 0 | T109: =ROUND(+'WP II-E-3.3'!T34*$E$87,2) -> 2688.34 | U109: 0
A110: =+A109+1 -> 99 | B110: DC TIE TOTAL | F110: =SUM(F88:F109) -> 403751.84 | G110: =SUM(G88:G109) -> 776676.72 | H110: =SUM(H88:H109) -> 987140 | I110: =SUM(I88:I109) -> 0 | J110: =SUM(J88:J109) -> 0 | K110: =SUM(K88:K109) -> 1302362.1 | L110: =SUM(L88:L109) -> 0 | M110: =SUM(M88:M109) -> 1281500.5 | ... U110: =SUM(U88:U109) -> 0 | V110: =ROUND(+V35*E87,2) -> 359010.33 | W110: =SUM(W88:W109) -> 0
A111: =+A110+1 -> 100
A112: =+A111+1 -> 101 | B112: DIST | E112: =+'[1]II-F Alloc_Factor'!$I$40 -> 0.50345288
A113: =+A112+1 -> 102 | B113: 00.11 | C113: 00.11: Furn, Fixt, Equip | D113: MACRS 7 | E113: HY | F113: =ROUND(+'WP II-E-3.3'!F13*$E$112,2) -> 502216.71 | G113: =ROUND(+'WP II-E-3.3'!G13*$E$112,2) -> 632683.2 | H113: =ROUND(+'WP II-E-3.3'!H13*$E$112,2) -> 1319156.8 | I113: 0 | J113: 0 | K113: =ROUND(+'WP II-E-3.3'!K13*$E$112,2) -> 5694636.2 | L113: 0 | M113: =ROUND(+'WP II-E-3.3'!M13*$E$112,2) -> 2503901.3 | N113: 0 | O113: =SUM(F113:N113) -> 10652594 | P113: =ROUND(+'WP II-E-3.3'!P13*$E$112,2) -> 2263789.6 | Q113: 0 | R113: =ROUND(+'WP II-E-3.3'!R13*$E$112,2) -> 1982345 | S113: 0 | T113: =ROUND(+'WP II-E-3.3'!T13*$E$112,2) -> 1444539.8 | U113: 0
A114: =+A113+1 -> 103 | B114: 00.12 | C114: 00.12: Info Systems | D114: MACRS 5 | E114: HY | F114: =ROUND(+'WP II-E-3.3'!F14*$E$112,2) -> 6187611.5 | G114: =ROUND(+'WP II-E-3.3'!G14*$E$112,2) -> 2847477.9 | H114: =ROUND(+'WP II-E-3.3'!H14*$E$112,2) -> 5337663.5 | I114: 0 | J114: 0 | K114: =ROUND(+'WP II-E-3.3'!K14*$E$112,2) -> 31072666 | L114: 0 | M114: =ROUND(+'WP II-E-3.3'!M14*$E$112,2) -> 7621058.8 | N114: 0 | O114: =SUM(F114:N114) -> 53066478 | P114: =ROUND(+'WP II-E-3.3'!P14*$E$112,2) -> 15262177 | Q114: 0 | R114: =ROUND(+'WP II-E-3.3'!R14*$E$112,2) -> 11150648 | S114: 0 | T114: =ROUND(+'WP II-E-3.3'!T14*$E$112,2) -> 6464804.8 | U114: 0
A115: =+A114+1 -> 104 | B115: 00.21 | C115: 00.21: Airplanes | D115: MACRS 5 | E115: HY | F115: =ROUND(+'WP II-E-3.3'!F15*$E$112,2) -> 0 | G115: =ROUND(+'WP II-E-3.3'!G15*$E$112,2) -> 1317871.5 | H115: =ROUND(+'WP II-E-3.3'!H15*$E$112,2) -> 835719.2 | I115: 0 | J115: 0 | K115: =ROUND(+'WP II-E-3.3'!K15*$E$112,2) -> 0 | L115: 0 | M115: =ROUND(+'WP II-E-3.3'!M15*$E$112,2) -> 0 | N115: 0 | O115: =SUM(F115:N115) -> 2153590.7 | P115: =ROUND(+'WP II-E-3.3'!P15*$E$112,2) -> 312276.88 | Q115: 0 | R115: =ROUND(+'WP II-E-3.3'!R15*$E$112,2) -> 248093.65 | S115: 0 | T115: =ROUND(+'WP II-E-3.3'!T15*$E$112,2) -> 172184.25 | U115: 0
A116: =+A115+1 -> 105 | B116: 00.22 | C116: 00.22: Automobiles | D116: MACRS 5 | E116: HY | F116: =ROUND(+'WP II-E-3.3'!F16*$E$112,2) -> 320532.62 | G116: =ROUND(+'WP II-E-3.3'!G16*$E$112,2) -> 165532.71 | H116: =ROUND(+'WP II-E-3.3'!H16*$E$112,2) -> 278466.38 | I116: 0 | J116: 0 | K116: =ROUND(+'WP II-E-3.3'!K16*$E$112,2) -> 1043527.4 | L116: 0 | M116: =ROUND(+'WP II-E-3.3'!M16*$E$112,2) -> 504893.12 | N116: 0 | O116: =SUM(F116:N116) -> 2312952.2 | P116: =ROUND(+'WP II-E-3.3'!P16*$E$112,2) -> 596155.99 | Q116: 0 | R116: =ROUND(+'WP II-E-3.3'!R16*$E$112,2) -> 473282.49 | S116: 0 | T116: =ROUND(+'WP II-E-3.3'!T16*$E$112,2) -> 278670.81 | U116: 0
A117: =+A116+1 -> 106 | B117: 00.241 | C117: 00.241: Light Trucks | D117: MACRS 5 | E117: HY | F117: =ROUND(+'WP II-E-3.3'!F17*$E$112,2) -> 1105926.9 | G117: =ROUND(+'WP II-E-3.3'!G17*$E$112,2) -> 156120.2 | H117: =ROUND(+'WP II-E-3.3'!H17*$E$112,2) -> 0 | I117: 0 | J117: 0 | K117: =ROUND(+'WP II-E-3.3'!K17*$E$112,2) -> 599.88 | L117: 0 | M117: =ROUND(+'WP II-E-3.3'!M17*$E$112,2) -> 0 | N117: 0 | O117: =SUM(F117:N117) -> 1262647 | P117: =ROUND(+'WP II-E-3.3'!P17*$E$112,2) -> 133149.61 | Q117: 0 | R117: =ROUND(+'WP II-E-3.3'!R17*$E$112,2) -> 115796.86 | S117: 0 | T117: =ROUND(+'WP II-E-3.3'!T17*$E$112,2) -> 9060.73 | U117: 0
A118: =+A117+1 -> 107 | B118: 00.242 | C118: 00.242: Heavy Trucks | D118: MACRS 5 | E118: HY | F118: =ROUND(+'WP II-E-3.3'!F18*$E$112,2) -> 341435.3 | G118: =ROUND(+'WP II-E-3.3'!G18*$E$112,2) -> 183976.17 | H118: =ROUND(+'WP II-E-3.3'!H18*$E$112,2) -> 0 | I118: 0 | J118: 0 | K118: =ROUND(+'WP II-E-3.3'!K18*$E$112,2) -> 165245.19 | L118: 0 | M118: =ROUND(+'WP II-E-3.3'!M18*$E$112,2) -> 45427.29 | N118: 0 | O118: =SUM(F118:N118) -> 736083.95 | P118: =ROUND(+'WP II-E-3.3'!P18*$E$112,2) -> 120186.63 | Q118: 0 | R118: =ROUND(+'WP II-E-3.3'!R18*$E$112,2) -> 97707.62 | S118: 0 | T118: =ROUND(+'WP II-E-3.3'!T18*$E$112,2) -> 38724.51 | U118: 0
A119: =+A118+1 -> 108 | B119: 00.27 | C119: 00.27: Trailers | D119: MACRS 5 | E119: HY | F119: =ROUND(+'WP II-E-3.3'!F19*$E$112,2) -> 324084.79 | G119: =ROUND(+'WP II-E-3.3'!G19*$E$112,2) -> 719502.2 | H119: =ROUND(+'WP II-E-3.3'!H19*$E$112,2) -> 309750.28 | I119: 0 | J119: 0 | K119: =ROUND(+'WP II-E-3.3'!K19*$E$112,2) -> 372176.2 | L119: 0 | M119: =ROUND(+'WP II-E-3.3'!M19*$E$112,2) -> 91549.05 | N119: 0 | O119: =SUM(F119:N119) -> 1817062.5 | P119: =ROUND(+'WP II-E-3.3'!P19*$E$112,2) -> 306380.88 | Q119: 0 | R119: =ROUND(+'WP II-E-3.3'!R19*$E$112,2) -> 244450 | S119: 0 | T119: =ROUND(+'WP II-E-3.3'!T19*$E$112,2) -> 138410 | U119: 0
A120: =+A119+1 -> 109 | B120: 00.28 | C120: 00.28: Boats | D120: MACRS 10 | E120: HY | F120: =ROUND(+'WP II-E-3.3'!F20*$E$112,2) -> 0 | G120: =ROUND(+'WP II-E-3.3'!G20*$E$112,2) -> 0 | H120: =ROUND(+'WP II-E-3.3'!H20*$E$112,2) -> 15466.82 | I120: 0 | J120: 0 | K120: =ROUND(+'WP II-E-3.3'!K20*$E$112,2) -> 10080.15 | L120: 0 | M120: =ROUND(+'WP II-E-3.3'!M20*$E$112,2) -> 0 | N120: 0 | O120: =SUM(F120:N120) -> 25546.97 | P120: =ROUND(+'WP II-E-3.3'!P20*$E$112,2) -> 5251.27 | Q120: 0 | R120: =ROUND(+'WP II-E-3.3'!R20*$E$112,2) -> 3596.21 | S120: 0 | T120: =ROUND(+'WP II-E-3.3'!T20*$E$112,2) -> 2571.54 | U120: 0
A121: =+A120+1 -> 110 | B121: 00.3 | C121: 00.3: Land Improv | D121: MACRS 15 | E121: HY | F121: =ROUND(+'WP II-E-3.3'!F21*$E$112,2) -> 2511976.6 | G121: =ROUND(+'WP II-E-3.3'!G21*$E$112,2) -> 9888404.4 | H121: =ROUND(+'WP II-E-3.3'!H21*$E$112,2) -> 5996747 | I121: 0 | J121: 0 | K121: =ROUND(+'WP II-E-3.3'!K21*$E$112,2) -> 15393263 | L121: 0 | M121: =ROUND(+'WP II-E-3.3'!M21*$E$112,2) -> 23512289 | N121: 0 | O121: =SUM(F121:N121) -> 57302681 | P121: =ROUND(+'WP II-E-3.3'!P21*$E$112,2) -> 4105721 | Q121: 0 | R121: =ROUND(+'WP II-E-3.3'!R21*$E$112,2) -> 4880443.2 | S121: 0 | T121: =ROUND(+'WP II-E-3.3'!T21*$E$112,2) -> 4381018.2 | U121: 0
A122: =+A121+1 -> 111 | B122: 40.4 | C122: 40.4: Railroad Track | D122: MACRS 7 | E122: HY | F122: =ROUND(+'WP II-E-3.3'!F22*$E$112,2) -> 0 | G122: =ROUND(+'WP II-E-3.3'!G22*$E$112,2) -> 0 | H122: =ROUND(+'WP II-E-3.3'!H22*$E$112,2) -> 0 | I122: 0 | J122: 0 | K122: =ROUND(+'WP II-E-3.3'!K22*$E$112,2) -> -911.02 | L122: 0 | M122: =ROUND(+'WP II-E-3.3'!M22*$E$112,2) -> 0 | N122: 0 | O122: =SUM(F122:N122) -> -911.02 | P122: =ROUND(+'WP II-E-3.3'!P22*$E$112,2) -> -251 | Q122: 0 | R122: =ROUND(+'WP II-E-3.3'!R22*$E$112,2) -> -179.29 | S122: 0 | T122: =ROUND(+'WP II-E-3.3'!T22*$E$112,2) -> -128.05 | U122: 0
A123: =+A122+1 -> 112 | B123: 49.14 | C123: 49.14: Trans & Dist Plnt | D123: MACRS 20 | E123: HY | F123: =ROUND(+'WP II-E-3.3'!F23*$E$112,2) -> 1.2577054e+08 | G123: =ROUND(+'WP II-E-3.3'!G23*$E$112,2) -> 2.4883129e+08 | H123: =ROUND(+'WP II-E-3.3'!H23*$E$112,2) -> 3.0810836e+08 | I123: 0 | J123: 0 | K123: =ROUND(+'WP II-E-3.3'!K23*$E$112,2) -> 3.8974201e+08 | L123: 0 | M123: =ROUND(+'WP II-E-3.3'!M23*$E$112,2) -> 4.0823998e+08 | N123: 0 | O123: =SUM(F123:N123) -> 1.4806922e+09 | P123: =ROUND(+'WP II-E-3.3'!P23*$E$112,2) -> 85887381 | Q123: 0 | R123: =ROUND(+'WP II-E-3.3'!R23*$E$112,2) -> 94575517 | S123: 0 | T123: =ROUND(+'WP II-E-3.3'!T23*$E$112,2) -> 87479058 | U123: 0
A124: =+A123+1 -> 113 | B124: 49.14A | C124: 49.14A: Trans 4/05-1/11 | D124: MACRS 15 | E124: HY | F124: =ROUND(+'WP II-E-3.3'!F24*$E$112,2) -> 1.5660945e+08 | G124: =ROUND(+'WP II-E-3.3'!G24*$E$112,2) -> 3.1820742e+08 | H124: =ROUND(+'WP II-E-3.3'!H24*$E$112,2) -> 4.3179855e+08 | I124: 0 | J124: 0 | K124: =ROUND(+'WP II-E-3.3'!K24*$E$112,2) -> 5.3345477e+08 | L124: 0 | M124: =ROUND(+'WP II-E-3.3'!M24*$E$112,2) -> 5.2557229e+08 | N124: 0 | O124: =SUM(F124:N124) -> 1.9656425e+09 | P124: =ROUND(+'WP II-E-3.3'!P24*$E$112,2) -> 1.4943323e+08 | Q124: 0 | R124: =ROUND(+'WP II-E-3.3'!R24*$E$112,2) -> 1.6109009e+08 | S124: 0 | T124: =ROUND(+'WP II-E-3.3'!T24*$E$112,2) -> 1.4505786e+08 | U124: 0
... A132: =+A131+1 -> 121 | B132: LR84 | C132: LR84: Easements 84 Yr | D132: SL 84 | E132: HY | F132: =ROUND(+'WP II-E-3.3'!F32*$E$112,2) -> 5371439.7 | G132: =ROUND(+'WP II-E-3.3'!G32*$E$112,2) -> 1905494.2 | H132: =ROUND(+'WP II-E-3.3'!H32*$E$112,2) -> 8841591.9 | I132: 0 | J132: 0 | K132: =ROUND(+'WP II-E-3.3'!K32*$E$112,2) -> 23532482 | L132: 0 | M132: =ROUND(+'WP II-E-3.3'!M32*$E$112,2) -> 7801288.9 | N132: 0 | O132: =SUM(F132:N132) -> 47452297 | P132: =ROUND(+'WP II-E-3.3'!P32*$E$112,2) -> 3632847.1 | Q132: 0 | R132: =ROUND(+'WP II-E-3.3'!R32*$E$112,2) -> 3671709.6 | S132: 0 | T132: =ROUND(+'WP II-E-3.3'!T32*$E$112,2) -> 3311464.8 | U132: 0
...
