Workbook

Sheet Mkt data_9.30.2023
A1: AEP Texas Target TCC vs. Physical & Craft positions, Total Sample Data
G3: WTW Energy Service Mid-Mgmt, Prof & Support 2022 | J3: % Difference
A4: AEP Job | B4: AEP Texas Employees | C4: Avg Base1 | D4: Target Annual Incentive2 | E4: Target TCC | G4: Base3 | H4: Target Incentive | I4: Target TCC | J4: AEP Target TCC vs. Survey Target TCC
A5: AEP Texas
A6: AEP Texas_PC1 | B6: 2 | C6: 98555.991 | D6: =E6-C6 -> 2956.6797 | E6: 101512.67 | G6: 101093.08 | H6: =I6-G6 -> 5308.3803 | I6: 106401.46 | J6: =(1-I6/E6) -> -0.048159415
A7: AEP Texas_PC2 | B7: 6 | C7: 87393.499 | D7: =E7-C7 -> 2621.805 | E7: 90015.304 | G7: 101093.08 | H7: =I7-G7 -> 5308.3803 | I7: 106401.46 | J7: =(1-I7/E7) -> -0.18203746
A8: AEP Texas_PC3 | B8: 106 | C8: 101603.36 | D8: =E8-C8 -> 3048.1008 | E8: 104651.46 | G8: 101093.08 | H8: =I8-G8 -> 5308.3803 | I8: 106401.46 | J8: =(1-I8/E8) -> -0.016722196
A9: AEP Texas_PC4 | B9: 123 | C9: 103206.83 | D9: =E9-C9 -> 3096.2049 | E9: 106303.03 | G9: 101093.08 | H9: =I9-G9 -> 5308.3803 | I9: 106401.46 | J9: =(1-I9/E9) -> -0.00092590649
A10: AEP Texas_PC5 | B10: 5 | C10: 101079.8 | D10: =E10-C10 -> 3032.394 | E10: 104112.19 | G10: 101093.08 | H10: =I10-G10 -> 5308.3803 | I10: 106401.46 | J10: =(1-I10/E10) -> -0.021988465
A11: AEP Texas_PC6 | B11: 22 | C11: 98957.379 | D11: =E11-C11 -> 2968.7214 | E11: 101926.1 | G11: 101093.08 | H11: =I11-G11 -> 5308.3803 | I11: 106401.46 | J11: =(1-I11/E11) -> -0.043907901
A12: AEP Texas_PC7 | B12: 50 | C12: 114596.07 | D12: =E12-C12 -> 3437.882 | E12: 118033.95 | G12: 96646.378 | H12: =I12-G12 -> 4832.3851 | I12: 101478.76 | J12: =(1-I12/E12) -> 0.14025784
A13: AEP Texas_PC8 | B13: 20 | C13: 102847.6 | D13: =E13-C13 -> 3085.4279 | E13: 105933.02 | G13: 103946.18 | H13: =I13-G13 -> 5754.5343 | I13: 109700.72 | J13: =(1-I13/E13) -> -0.035566743
A14: AEP Texas_PC9 | B14: 18 | C14: 103259.98 | D14: =E14-C14 -> 3097.7993 | E14: 106357.78 | G14: 101093.08 | H14: =I14-G14 -> 5308.3803 | I14: 106401.46 | J14: =(1-I14/E14) -> -0.00041074151
A15: AEP Texas_PC10 | B15: 32 | C15: 110633.04 | D15: =E15-C15 -> 3318.9912 | E15: 113952.03 | G15: 105632.68 | H15: =I15-G15 -> 5891.015 | I15: 111523.7 | J15: =(1-I15/E15) -> 0.021310159
A16: AEP Texas_PC11 | B16: 19 | C16: 107876.12 | D16: =E16-C16 -> 3236.2836 | E16: 111112.4 | G16: 101093.08 | H16: =I16-G16 -> 5308.3803 | I16: 106401.46 | J16: =(1-I16/E16) -> 0.04239799
A17: AEP Texas Count | B17: =COUNT(B6:B16) -> 11
A18: AEP Texas Incumbents | B18: =SUM(B6:B16) -> 403
A21: AEP SERVICE CORP
A22: SVC_PC1 | B22: 4 | C22: 77147.2 | D22: =E22-C22 -> 2314.416 | E22: 79461.616 | G22: 70009.8 | H22: =I22-G22 -> 1037.7698 | I22: 71047.57 | J22: =(1-I22/E22) -> 0.10588818
A23: SVC_PC2 | B23: 21 | C23: 92351.01 | D23: =E23-C23 -> 2770.5303 | E23: 95121.54 | G23: 94145.285 | H23: =I23-G23 -> 3724.6066 | I23: 97869.891 | J23: =(1-I23/E23) -> -0.028893052
A24: SVC_PC3 | B24: 7 | C24: 94681.6 | D24: =E24-C24 -> 2840.448 | E24: 97522.048 | G24: 94145.285 | H24: =I24-G24 -> 3724.7152 | I24: 97870 | J24: =(1-I24/E24) -> -0.0035679316
A25: SVC_PC4 | B25: 6 | C25: 83359.467 | D25: =E25-C25 -> 2500.784 | E25: 85860.251 | G25: 100571.98 | H25: =I25-G25 -> 5085.318 | I25: 105657.29 | J25: =(1-I25/E25) -> -0.23057286
A26: SVC_PC5 | B26: 2 | C26: 105643.2 | D26: =E26-C26 -> 3169.296 | E26: 108812.5 | G26: 100571.98 | H26: =I26-G26 -> 5085.318 | I26: 105657.29 | J26: =(1-I26/E26) -> 0.028996683
A27: SVC_PC6 | B27: 76 | C27: 104910.27 | D27: =E27-C27 -> 3147.3082 | E27: 108057.58 | G27: 103946.18 | H27: =I27-G27 -> 5754.5343 | I27: 109700.72 | J27: =(1-I27/E27) -> -0.015206092
A28: SVC_PC7 | B28: 59 | C28: 104836.58 | D28: =E28-C28 -> 3145.0975 | E28: 107981.68 | G28: 101093.08 | H28: =I28-G28 -> 5308.3803 | I28: 106401.46 | J28: =(1-I28/E28) -> 0.01463414
A29: SVC_PC8 | B29: 32 | C29: 110900.4 | D29: =E29-C29 -> 3327.012 | E29: 114227.41 | G29: 105632.68 | H29: =I29-G29 -> 5891.015 | I29: 111523.7 | J29: =(1-I29/E29) -> 0.023669591
A30: AEPSC Count | B30: =COUNT(B21:B29) -> 8
A31: AEPSC Incumbents | B31: =SUM(B21:B29) -> 207
I32: Average | J32: =AVERAGE(J6:J29) -> -0.01320022
A33: TOTAL JOB COUNT | C33: =B17+B30 -> 19 | E33: % of Jobs Above Market Competitive Range4 | J33: =COUNTIF(J6:J31,">.1")/C33 -> 0.10526316
A34: TOTAL INCUMBENT COUNT | C34: =B18+B31 -> 610 | E34: % of Jobs Below Market Competitive Range4 | J34: =COUNTIF(J6:J31,"<-.1")/C33 -> 0.10526316
A36: Notes
A37: (1) As of September 30, 2023
A38: (2) Target payout is 3 percent of base earnings for all physical and craft jobs
A39: (3) Annualized from April 1, 2023 to September 30, 2023 @ 4.0% salary growth rate
A40: (4) A market competitive range of +/- 10 percent has been used for all physical and craft positions

Sheet Graph Data
B1: L
A3: ='Mkt data_9.30.2023'!A4 -> AEP Job | B3: AEP Target TCC vs. Survey Target TCC | C3: Below Market | D3: Market Median | E3: Market Competitive Range | F3: Above Market
A4: AEP Texas_PC7 | B4: =VLOOKUP($A4,'Mkt data_9.30.2023'!$A:$J,10,FALSE)+1 -> 1.1402578 | C4: 0.9 | D4: 1 | E4: 0.2 | F4: 0.4
A5: SVC_PC1 | B5: =VLOOKUP($A5,'Mkt data_9.30.2023'!$A:$J,10,FALSE)+1 -> 1.1058882 | C5: 0.9 | D5: 1 | E5: 0.2 | F5: 0.4
A6: AEP Texas_PC11 | B6: =VLOOKUP($A6,'Mkt data_9.30.2023'!$A:$J,10,FALSE)+1 -> 1.042398 | C6: 0.9 | D6: 1 | E6: 0.2 | F6: 0.4
A7: SVC_PC5 | B7: =VLOOKUP($A7,'Mkt data_9.30.2023'!$A:$J,10,FALSE)+1 -> 1.0289967 | C7: 0.9 | D7: 1 | E7: 0.2 | F7: 0.4
A8: SVC_PC8 | B8: =VLOOKUP($A8,'Mkt data_9.30.2023'!$A:$J,10,FALSE)+1 -> 1.0236696 | C8: 0.9 | D8: 1 | E8: 0.2 | F8: 0.4
A9: AEP Texas_PC10 | B9: =VLOOKUP($A9,'Mkt data_9.30.2023'!$A:$J,10,FALSE)+1 -> 1.0213102 | C9: 0.9 | D9: 1 | E9: 0.2 | F9: 0.4
A10: SVC_PC7 | B10: =VLOOKUP($A10,'Mkt data_9.30.2023'!$A:$J,10,FALSE)+1 -> 1.0146341 | C10: 0.9 | D10: 1 | E10: 0.2 | F10: 0.4
A11: AEP Texas_PC9 | B11: =VLOOKUP($A11,'Mkt data_9.30.2023'!$A:$J,10,FALSE)+1 -> 0.99958926 | C11: 0.9 | D11: 1 | E11: 0.2 | F11: 0.4
A12: AEP Texas_PC4 | B12: =VLOOKUP($A12,'Mkt data_9.30.2023'!$A:$J,10,FALSE)+1 -> 0.99907409 | C12: 0.9 | D12: 1 | E12: 0.2 | F12: 0.4
A13: SVC_PC3 | B13: =VLOOKUP($A13,'Mkt data_9.30.2023'!$A:$J,10,FALSE)+1 -> 0.99643207 | C13: 0.9 | D13: 1 | E13: 0.2 | F13: 0.4
A14: SVC_PC6 | B14: =VLOOKUP($A14,'Mkt data_9.30.2023'!$A:$J,10,FALSE)+1 -> 0.98479391 | C14: 0.9 | D14: 1 | E14: 0.2 | F14: 0.4
A15: AEP Texas_PC3 | B15: =VLOOKUP($A15,'Mkt data_9.30.2023'!$A:$J,10,FALSE)+1 -> 0.9832778 | C15: 0.9 | D15: 1 | E15: 0.2 | F15: 0.4
... A22: SVC_PC4 | B22: =VLOOKUP($A22,'Mkt data_9.30.2023'!$A:$J,10,FALSE)+1 -> 0.76942714 | C22: 0.9 | D22: 1 | E22: 0.2 | F22: 0.4
