Workbook

Sheet Exec
B2: AEP Incumbent Data ($000)(1) | I2: Survey Results ($000)(2) | P2: % Difference AEP Target TC vs Survey Target TC | Q2: % Difference AEP Target TCC vs Survey TC | R2: % Difference AEP Base vs Survey TC
A3: AEP Job | B3: Base Salary | C3: Target STI % | D3: Target STI $ | E3: Target TCC | F3: Target LTI | G3: Target TC | I3: Base | J3: Target STI % | K3: Target STI $ | L3: Target TCC | M3: Target LTI | N3: Target TC
A4: E1 | B4: 1200000 | C4: 1.4 | D4: =B4*C4 -> 1680000 | E4: =B4+D4 -> 2880000 | F4: 8000000 | G4: =F4+E4 -> 10880000 | I4: =1302965*(1+((0.04/12)*21)) -> 1394172.6 | J4: 1.45 | K4: =J4*I4 -> 2021550.2 | L4: =3112500*(1+((0.04/12)*21)) -> 3330375 | M4: =N4-L4 -> 9826233.7 | N4: =12295896*(1+((0.04/12)*21)) -> 13156609 | P4: =(G4-N4)/N4 -> -0.17303918 | Q4: =(E4-N4)/N4 -> -0.78109861 | R4: =(B4-N4)/N4 -> -0.90879109
A5: E2 | B5: 700000 | C5: 0.8 | D5: =B5*C5 -> 560000 | E5: =B5+D5 -> 1260000 | F5: 1500000 | G5: =F5+E5 -> 2760000 | I5: 765000 | J5: 0.9 | K5: =J5*I5 -> 688500 | L5: 1433000 | M5: =N5-L5 -> 2101200 | N5: 3534200 | P5: =(G5-N5)/N5 -> -0.21905948 | Q5: =(E5-N5)/N5 -> -0.64348367 | R5: =(B5-N5)/N5 -> -0.80193537
A6: E3 | B6: 746000 | C6: 0.75 | D6: =B6*C6 -> 559500 | E6: =B6+D6 -> 1305500 | F6: 1500000 | G6: =F6+E6 -> 2805500 | I6: 714000 | J6: 0.8 | K6: =J6*I6 -> 571200 | L6: 1301700 | M6: =N6-L6 -> 1772900 | N6: 3074600 | P6: =(G6-N6)/N6 -> -0.08752358 | Q6: =(E6-N6)/N6 -> -0.57539192 | R6: =(B6-N6)/N6 -> -0.75736681
A7: E4 | B7: 585000 | C7: 0.8 | D7: =B7*C7 -> 468000 | E7: =B7+D7 -> 1053000 | F7: 1200000 | G7: =F7+E7 -> 2253000 | I7: 657900 | J7: 0.8 | K7: =J7*I7 -> 526320 | L7: 1148800 | M7: =N7-L7 -> 1026400 | N7: 2175200 | P7: =(G7-N7)/N7 -> 0.035766826 | Q7: =(E7-N7)/N7 -> -0.51590658 | R7: =(B7-N7)/N7 -> -0.73105921
A8: E5 | B8: 585000 | C8: 0.8 | D8: =B8*C8 -> 468000 | E8: =B8+D8 -> 1053000 | F8: 1200000 | G8: =F8+E8 -> 2253000 | I8: 657900 | J8: 0.8 | K8: =J8*I8 -> 526320 | L8: 1148800 | M8: =N8-L8 -> 1026400 | N8: 2175200 | P8: =(G8-N8)/N8 -> 0.035766826 | Q8: =(E8-N8)/N8 -> -0.51590658 | R8: =(B8-N8)/N8 -> -0.73105921
A9: E6 (3) | B9: 659000 | C9: 0.75 | D9: =B9*C9 -> 494250 | E9: =B9+D9 -> 1153250 | F9: 1000000 | G9: =F9+E9 -> 2153250 | I9: 527900 | J9: 0.61 | K9: =J9*I9 -> 322019 | L9: 947200 | M9: =N9-L9 -> 910900 | N9: 1858100 | P9: =(G9-N9)/N9 -> 0.15884506 | Q9: =(E9-N9)/N9 -> -0.37933911 | R9: =(B9-N9)/N9 -> -0.64533663
A10: E7 | B10: 557000 | C10: 0.8 | D10: =B10*C10 -> 445600 | E10: =B10+D10 -> 1002600 | F10: 1100000 | G10: =F10+E10 -> 2102600 | I10: 598200 | J10: 0.7 | K10: =J10*I10 -> 418740 | L10: 1060600 | M10: =N10-L10 -> 881000 | N10: 1941600 | P10: =(G10-N10)/N10 -> 0.082921302 | Q10: =(E10-N10)/N10 -> -0.48362176 | R10: =(B10-N10)/N10 -> -0.7131232
A11: E8 | B11: 535000 | C11: 0.75 | D11: =B11*C11 -> 401250 | E11: =B11+D11 -> 936250 | F11: 1000000 | G11: =F11+E11 -> 1936250 | I11: 582100 | J11: 0.7 | K11: =J11*I11 -> 407470 | L11: 1027200 | M11: =N11-L11 -> 1020600 | N11: 2047800 | P11: =(G11-N11)/N11 -> -0.054473093 | Q11: =(E11-N11)/N11 -> -0.54280203 | R11: =(B11-N11)/N11 -> -0.73874402
A12: E9 | B12: 530000 | C12: 0.75 | D12: =B12*C12 -> 397500 | E12: =B12+D12 -> 927500 | F12: 832000 | G12: =F12+E12 -> 1759500 | I12: 561100 | J12: 0.6 | K12: =J12*I12 -> 336660 | L12: 960400 | M12: =N12-L12 -> 857400 | N12: 1817800 | P12: =(G12-N12)/N12 -> -0.032071735 | Q12: =(E12-N12)/N12 -> -0.48976785 | R12: =(B12-N12)/N12 -> -0.70843877
A13: E10 (3) | B13: 475000 | C13: 0.6 | D13: =B13*C13 -> 285000 | E13: =B13+D13 -> 760000 | F13: 475000 | G13: =F13+E13 -> 1235000 | I13: 483800 | J13: 0.56 | K13: =J13*I13 -> 270928 | L13: 737200 | M13: =N13-L13 -> 555200 | N13: 1292400 | P13: =(G13-N13)/N13 -> -0.044413494 | Q13: =(E13-N13)/N13 -> -0.41194677 | R13: =(B13-N13)/N13 -> -0.63246673
A14: E11 | B14: 342000 | C14: 0.45 | D14: =B14*C14 -> 153900 | E14: =B14+D14 -> 495900 | F14: 300000 | G14: =F14+E14 -> 795900 | I14: 310600 | J14: 0.45 | K14: =J14*I14 -> 139770 | L14: 490700 | M14: =N14-L14 -> 191400 | N14: 682100 | P14: =(G14-N14)/N14 -> 0.16683771 | Q14: =(E14-N14)/N14 -> -0.2729805 | R14: =(B14-N14)/N14 -> -0.49860724
A15: E12 | B15: 407000 | C15: 0.575 | D15: =B15*C15 -> 234025 | E15: =B15+D15 -> 641025 | F15: 285000 | G15: =F15+E15 -> 926025 | I15: 344000 | J15: 0.47 | K15: =J15*I15 -> 161680 | L15: 497800 | M15: =N15-L15 -> 222600 | N15: 720400 | P15: =(G15-N15)/N15 -> 0.2854317 | Q15: =(E15-N15)/N15 -> -0.11018184 | R15: =(B15-N15)/N15 -> -0.43503609
A16: E13 (3) | B16: 428125 | C16: 0.575 | D16: =B16*C16 -> 246171.87 | E16: =B16+D16 -> 674296.88 | F16: 344000 | G16: =F16+E16 -> 1018296.9 | I16: 413700 | J16: 0.5 | K16: =J16*I16 -> 206850 | L16: 620600 | M16: =N16-L16 -> 176700 | N16: 797300 | P16: =(G16-N16)/N16 -> 0.27718158 | Q16: =(E16-N16)/N16 -> -0.15427458 | R16: =(B16-N16)/N16 -> -0.46303148
... A19: E16 | B19: 383000 | C19: 0.5 | D19: =B19*C19 -> 191500 | E19: =B19+D19 -> 574500 | F19: 285000 | G19: =F19+E19 -> 859500 | I19: 331000 | J19: 0.38 | K19: =J19*I19 -> 125780 | L19: 474800 | M19: =N19-L19 -> 179900 | N19: 654700 | P19: =(G19-N19)/N19 -> 0.31281503 | Q19: =(E19-N19)/N19 -> -0.12249885 | R19: =(B19-N19)/N19 -> -0.41499924
A20: Notes:
A21: (1) AEP data as of September 30, 2023 | P21: =AVERAGE(P4:P20) -> 0.050721359 | Q21: =AVERAGE(Q4:Q20) -> -0.41686076 | R21: =AVERAGE(R4:R20) -> -0.64335684
A22: (2) Median AEP Compensation Peer Group data from April 1, 2023 Towers Watson Energy Services Executive Survey, Towers Watson General Industry Executive Survey, or proxy filings (unless otherwise noted), in either case aged to September 30, 2023 at 4% annual rate.
A23: (3) Position benchmarked at 75th percentile
A24: (4) A market competitive range of +/- 15 percent has been used for all executive positions.

Sheet Exec Graph Data
A2: AEP Job | B2: AEP Target TC vs. Survey Target TC | C2: AEP Target TCC vs. Survey Target TC | D2: AEP Target Base vs. Survey Target TC | E2: Market Low | F2: Market Median Compensation | G2: Market Competitive Range | H2: Market Max
A3: E16 | B3: =VLOOKUP($A3,Exec!$A:$R,16,FALSE)+1 -> 1.312815 | C3: =VLOOKUP($A3,Exec!$A:$R,17,FALSE)+1 -> 0.87750115 | D3: =VLOOKUP($A3,Exec!$A:$R,18,FALSE)+1 -> 0.58500076 | E3: 0.85 | F3: 1 | G3: 0.3 | H3: 0.35
A4: E12 | B4: =VLOOKUP($A4,Exec!$A:$R,16,FALSE)+1 -> 1.2854317 | C4: =VLOOKUP($A4,Exec!$A:$R,17,FALSE)+1 -> 0.88981816 | D4: =VLOOKUP($A4,Exec!$A:$R,18,FALSE)+1 -> 0.56496391 | E4: 0.85 | F4: 1 | G4: 0.3 | H4: 0.35
A5: E13 (3) | B5: =VLOOKUP($A5,Exec!$A:$R,16,FALSE)+1 -> 1.2771816 | C5: =VLOOKUP($A5,Exec!$A:$R,17,FALSE)+1 -> 0.84572542 | D5: =VLOOKUP($A5,Exec!$A:$R,18,FALSE)+1 -> 0.53696852 | E5: 0.85 | F5: 1 | G5: 0.3 | H5: 0.35
A6: E11 | B6: =VLOOKUP($A6,Exec!$A:$R,16,FALSE)+1 -> 1.1668377 | C6: =VLOOKUP($A6,Exec!$A:$R,17,FALSE)+1 -> 0.7270195 | D6: =VLOOKUP($A6,Exec!$A:$R,18,FALSE)+1 -> 0.50139276 | E6: 0.85 | F6: 1 | G6: 0.3 | H6: 0.35
A7: E6 (3) | B7: =VLOOKUP($A7,Exec!$A:$R,16,FALSE)+1 -> 1.1588451 | C7: =VLOOKUP($A7,Exec!$A:$R,17,FALSE)+1 -> 0.62066089 | D7: =VLOOKUP($A7,Exec!$A:$R,18,FALSE)+1 -> 0.35466337 | E7: 0.85 | F7: 1 | G7: 0.3 | H7: 0.35
A8: E7 | B8: =VLOOKUP($A8,Exec!$A:$R,16,FALSE)+1 -> 1.0829213 | C8: =VLOOKUP($A8,Exec!$A:$R,17,FALSE)+1 -> 0.51637824 | D8: =VLOOKUP($A8,Exec!$A:$R,18,FALSE)+1 -> 0.2868768 | E8: 0.85 | F8: 1 | G8: 0.3 | H8: 0.35
A9: E15 | B9: =VLOOKUP($A9,Exec!$A:$R,16,FALSE)+1 -> 1.073593 | C9: =VLOOKUP($A9,Exec!$A:$R,17,FALSE)+1 -> 0.71102972 | D9: =VLOOKUP($A9,Exec!$A:$R,18,FALSE)+1 -> 0.47401981 | E9: 0.85 | F9: 1 | G9: 0.3 | H9: 0.35
A10: E4 | B10: =VLOOKUP($A10,Exec!$A:$R,16,FALSE)+1 -> 1.0357668 | C10: =VLOOKUP($A10,Exec!$A:$R,17,FALSE)+1 -> 0.48409342 | D10: =VLOOKUP($A10,Exec!$A:$R,18,FALSE)+1 -> 0.26894079 | E10: 0.85 | F10: 1 | G10: 0.3 | H10: 0.35
A11: E5 | B11: =VLOOKUP($A11,Exec!$A:$R,16,FALSE)+1 -> 1.0357668 | C11: =VLOOKUP($A11,Exec!$A:$R,17,FALSE)+1 -> 0.48409342 | D11: =VLOOKUP($A11,Exec!$A:$R,18,FALSE)+1 -> 0.26894079 | E11: 0.85 | F11: 1 | G11: 0.3 | H11: 0.35
A12: E14 | B12: =VLOOKUP($A12,Exec!$A:$R,16,FALSE)+1 -> 0.99296331 | C12: =VLOOKUP($A12,Exec!$A:$R,17,FALSE)+1 -> 0.61839885 | D12: =VLOOKUP($A12,Exec!$A:$R,18,FALSE)+1 -> 0.4122659 | E12: 0.85 | F12: 1 | G12: 0.3 | H12: 0.35
A13: E9 | B13: =VLOOKUP($A13,Exec!$A:$R,16,FALSE)+1 -> 0.96792826 | C13: =VLOOKUP($A13,Exec!$A:$R,17,FALSE)+1 -> 0.51023215 | D13: =VLOOKUP($A13,Exec!$A:$R,18,FALSE)+1 -> 0.29156123 | E13: 0.85 | F13: 1 | G13: 0.3 | H13: 0.35
A14: E10 (3) | B14: =VLOOKUP($A14,Exec!$A:$R,16,FALSE)+1 -> 0.95558651 | C14: =VLOOKUP($A14,Exec!$A:$R,17,FALSE)+1 -> 0.58805323 | D14: =VLOOKUP($A14,Exec!$A:$R,18,FALSE)+1 -> 0.36753327 | E14: 0.85 | F14: 1 | G14: 0.3 | H14: 0.35
... A18: E2 | B18: =VLOOKUP($A18,Exec!$A:$R,16,FALSE)+1 -> 0.78094052 | C18: =VLOOKUP($A18,Exec!$A:$R,17,FALSE)+1 -> 0.35651633 | D18: =VLOOKUP($A18,Exec!$A:$R,18,FALSE)+1 -> 0.19806463 | E18: 0.85 | F18: 1 | G18: 0.3 | H18: 0.35
